title,score,choices,target,target_index,task_description
Ambient_Lounge_Martin_God Blessed Me With You.abc,"X:1
M:3/4
L:1/16
K:Bm
B,2>D2 [G11B11] |E, [C11E11] |A, [F8A8] | F,4 D4 F4 |
G,4 E4 G4 | E,2>A,2 [C8E8] | A,2>D2 [F11A11] |E, [C8E8] |
[A,12D12F12] | [A,12C12E12] | [D7G,,7B7]B, G4 | [D7G,,7B7]B, G4 |
[A,12D12F12] | [F,12B,12D12] | [B,7E,,7G7]G, E4 | [A,12C12E12] |
[G,12B,12D12] | [G,,4A,4] E,4 C4 | [A,12C12F12] | [F,12B,12D12] |
[B,7E,,7G7]G, E4 | [A,12C12F12] | [G,,4D4] B,4 G4 | [A,,4G,4] E,4 B,4 |
[A,,4A,4] E,4 C4 | A,4 F4 A4 | F,4 D4 F4 | G,4 E4 G4 |
E,4 C4 E7 |A, [F11A11] |F, [D8F8] | A,4 F4 A4 |
E,4 C4 E4 | B,4 G4 B4 | E,2>A,2 [C8E8] | A,4 F4 A7 |
F, [D11F11] |G, [E8G8] | E,2>A,2 [C8E8] | B,4 G4 B4 |
E,4 C4 E4 | A,2>C2 [F8A8] | F,4 D4 F4 | G,2>B,2 [E8G8] |
E,2>A,2 [C11E11] |A, [F8A8] | E,4 C4 E4 | [D,4D4] A,4 F4 |
[A,,4A,4] E,4 C4 | [G,,4D4] B,4 G4 | [D7G,,7B7]B, G4 | [D7D,7A7]A, F4 |
[B,7B,,7F7]F, D4 | [B,7E,,7G7]G, E4 | [A,12C12E12] | [D7G,,7B7]B, G4 |
[G,,4A,4] E,4 C4 | [A,12C12F12] | [B,7B,,7F7]F, D4 | [B,7E,,7G7]G, E4 |
[C7F,,7A7]A, F4 | [G,12B,12D12] | [G,7A,,7D7]E, B,4 | [A,7A,,7E7]E, C4 |
A,4 F4 A4 | F,4 D4 F7 |G, [E8G8] | E,4 C4 E4 |
A,4 F4 A4 | F,2>B,2 [D8F8] | A,4 F4 A4 | E,4 C4 E7 |
B, [G11B11] |E, [C8E8] | A,4 F4 A4 | F,4 D4 F4 |
G,4 E4 G4 | E,4 C4 E4 | A,4 F4 A4 | F,2>B,2 [D8F8] |
G,4 E4 G7 |E, [C8E8] | A,4 F4 A7 |F, [D8F8] |
A,2>C2 [F8A8] | E,4 C4 E7 |B, [G8B8] | E,2>A,2 [C8E8] |
A,2>C2 [F8A8] | F,2>B,2 [D8F8] | G,2>B,2 [E8G8] | E,4 C4 E4 |
A,2>D2 [F8A8] | F,4 D4 F4 | G,4 E4 G4 | E,4 C4 E4 |
B,4 G4 B7 |E, [C8E8] | A,2>C2 [F11A11] |F, [D8F8] |
G,4 E4 G4 | E,4 C4 E4 | [A,24D24F24A24] |","['Jazz', 'Rap', 'Ambient', 'Rock']",Ambient,2,Choose the most probable genre label of the provided score.
Ambient_Lounge_Burt Bacharach_Thats What Friends Are For.abc,"X:1
M:3/4
L:1/16
K:Eb
[B2E2]d[e2E2]e2E D0 Bd2[e4D4] |D [B2C2]d2[e3C3]g2<[a2C2] |gg2g[eCG][cCA] [B3B3][B3B3] |f[e4B4] c3[e2c2]G2G[AG] | F3[A2F2]Bc[eF] [a2B,2]g2[e2B,2] |
[cB,,][Cc][CcB,,] c0 [B,2B2E,2]>[B,2B2E,2] B2[G,B]B0[A,BE,] A,0 | [B,2G,,2]F[EG,,] C,EG[AC,] F,,3F,,2 |AF[GF,,] [A2F,2]G[G2F,2][F2F,,2][FF,,] | D,3D,2[B,F]B[AD,] [G2G,,2]A[FG,,] |
=B,,3E2[GB,,] C,3C,3[EC,][D_B,,] | [C2A,,2]D[E2A,,2]F2[EA,,] B,,3D2[D2B,,2] |DC[CB,,] [B,3E,3][B,2E,2]B,G,[A,E,] | [B,2G,,2]F[EG,,] C,2G[AC,] F,,3F,,2 |
AF[GC,] [A2F,2]G[GF,] F,,3F2[F4F,,4] | D,2>[B,2F2D,2] F0 B2A[GD,] G,,3A2[FG,,] | =B,,3E2[GB,,] C,3C,3E[D_B,,] | [C2A,,2]D[E2A,,2]F2[EA,,] B,,3F2[F4B,,4] |
[FF,] B,2>B,2 B,,2>B,,2 | E,2D[E2E,2]B,2[B,E,] D,2D[E2D,2] |B,2D, [C2C,2]A,[C2C,2]E2[AC,] | C,3G2[EC,] A,,3C2[CA,,] [B,3G,,3][B,2G,,2] |
B,F[EG,,] C,3C,2E2C, | [E2A,,2]F[G2A,,2]A2[FA,,] B,,3B,,2 |F,B,B,, E,2D[E2E,2]B,2[B,E,] | D,B,E[F2D,2]G2[GD,] [B2_D,2]B[B2D,2] |
B2[B_D,] [c2C,2]B[G2C,2]A2[AC,] | [F3=B,,3][F4B,,4][FF,] B,3[F4B,4] | =B,,2>B,,2 [G2_B,,2]F[G2B,,2]A2[AB,,] | [B,3B,,3][B,4B,,4][B,B,,] B,,[B,2b2]a0[aB,,] |
ecG[AB,,] [B3E,3][B2E,2]G2[AE,] | [B2G,,2]f[eG,,] C,eg[aC,] F,,3[a3F,,3] |F[GF,,] [A2F,2]G[G2F,2][F2F,,2][FF,,] | D,3D,2[B,F]F0B[AD,] [G2G,,2]A[FG,,] |
=B,,3E2[GB,,] C,3[G3C,3][EC,][D_B,,] | [C2A,,2]D[E2A,,2]F2[EA,,] B,,3D2[D2B,,2] |DC[DB,,] [B,3E,3][B,2E,2]B,G,[A,E,] | [B,2G,,2]F[EG,,] C,2G[AC,] F,,3F,,2 |
AF[GC,] [A2F,2]G[GF,] F,,3F2[F4F,,4] | D,2>[B,2F2D,2] B2A[GD,] G,,3A2[FG,,] | =B,,3E2[GB,,] C,3C,3E[D_B,,] | [C2A,,2]D[E2A,,2]F2[EA,,] B,,3F2[F4B,,4] |
[FF,] B,2>B,2 B,,2>B,,2 | [B,,E,] E,0E,2D[E2E,2]B,2[B,E,] D,B,D[E2D,2] |B,2[B,D,] [C2C,2]A,[C2C,2]E2[AC,] | C,3G2[GC,] A,,GE[CA,,] [B,3G,,3][B,3G,,3] |
F[EG,,] C,3[E4C,4]C, | [E2A,,2]F[G2A,,2]A2[FA,,] B,,3B,,2 |F,B,[FB,,] E,2E[E2E,2]B,2[B,E,] | D,2E[F2D,2]G2[GD,] [B2_D,2]B[B2D,2] |
B2[B_D,] [c2C,2]B[G2C,2]A2[AC,] | [F3=B,,3][F4B,,4][FF,] _B,2>B,2 | C,2>[F2C,2] [G2=B,,2]F[G2_B,,2]A2[B,B,,] | B,,3B,,4B,, B,,3B,,4 |
[B,B,,] [B,,E,] E,0E,2D[E2E,2]B,2[B,E,] | D,2E[E2D,2]B,2[B,D,] [C0C,0D,0]< C,0C,2A,[A,C,] | C2E[EC,] [A2C,2]G2[GC,] A,,E2C0[CA,,] | [B,3G,,3][B,2G,,2]B,2[FG,,] [E3C,3][E4C,4] |
C, [E2A,,2]F[G2A,,2]A2[FA,,] | B,,3B,,2F,B,[FB,,] E,2E[E2E,2] |B,2[B,E,] D,2E[F2D,2]G2[GD,] | [B2_D,2]B[B2D,2]B2[BD,] [c2C,2]B[BC,] |
G2A[FC,] =B,,3B,,4F, | B,2>B,2 =B,,F2B,, [G2_B,,2]F[G2B,,2] |A2[BB,,] B,,3B,,4[BB,,] | B,,3c2[BB,,] GF[EF]E0[EB,,] [B,,E,] E,0<E,0F0G[F2E,2] |
E2[EE,] D,EF0G[F2D,2]E2[ED,] | [C2C,2]A,[A,C,] C2E[EC,] [A2C,2]G[GC,] | A,,E[C0E0]C2A,, [B,3G,,3][B,3G,,3]F[EG,,] | C,3C,4C, [E2A,,2]F[G2A,,2] |
A2[FA,,] B,,3B,,2F,B,[FB,,] | E,3G2[F2E,2]E2[EE,] D,EE[F2D,2] |G2[GD,] _D,BB[B2D,2]e2[cD,] | C,3B2[BC,] G2A[FC,] =B,,3B,,4 |
[FF,] B,2>B,2 =B,,F2B,, | [G2B,,2]F[G2B,,2]A2[B,B,,] B,,3B,,4 |B,, B,,3B,,4B,, | [B2E2]d[e4E4]E0 B0 D2d2[e4D4] |
D [B2C2]d2[e3C3]g2<[a2C2] |gg2C[eG]c0[cA] [B0A0B0]< B0B2[B4B4] |f0<[d0B0] e4 c3[e2c2]G2G[AG] | F3[A2F2]Bc[eF] [a2B,2]g2[e2B,2] |
[c2B,,2][cB,,] E,0< B0B2[B4E,4][B2E,2] |E,E,,E,,4 |","['Rap', 'Folk', 'Pop', 'Ambient']",Ambient,3,Choose the most probable genre label of the provided score.
Ambient_Asmr_Factory_Paula_ Tva Ar.abc,"X:1
M:3/4
L:1/16
K:C
[G,2G2]E2 | C12 | A,2F2 C12 | G,2E2 C11 |A, C14 G14 |
G,2 | [C,,0G,0] E2E0E2 E0 C2E4D2 D2 |D2 [F,,,2A,2][F0C0] C12 | [C,,2G,2]E2 [E0C0] |
E4D4D2 | [G,,,2A,2]C0G2 C0 C2C0G10 | [C,,2G,2][E2E2] E0 C2E2 E2 |D4> [F,,,4A,4D4][F0D0] |
C2D2C2C6 | [C,,2G,2g'2]E0E2 E0 C2E2 E4 F4 | G0 [G,,,2A,2][G2G2] C2G10 | [C,,2G,2e2g2]E0E2 [E0C0] |
EE E4<D4 D0 | [F,,,2A,2a2f2][F2C2] C2A,2 F2C2 | A,4 [C,,2G,2e2g2]E2 E0 C4 E4 | D4 D0 [G,,,2A,2d2]G2 C0 |
C2C0G10 | [C,,2G,2e2g2][E2E2] [C2E2]E2 E4 | D4 [F,,,0A,0a0f0] D2F2 D0 C2[A,2D2] | F2C0C2 A,4 [C,,2G,2e2g2][E2E2] E0 |
C2E2 E4 D4 | [G,,,2A,2d2D2]G2 C0 C2[G4C4]F2 | F4 E0< [C,,0G0c0g0] E2[C2E2G,2E2] C2[C,,2E2C2G,2G,2] | E2[CG,E]C [G,,,2g2][A0E0]D F0 [F,,,2A2a2][C0F0A,0F0C0] |
C2[F,,,2F2C2A,2g2A,2] F2[CFA,]C F0 [G,,,2f2]F2 [E0E0] | [C,,2G2c2g2]D0[C2E2G,2E2] D2 C2D0[C,,2C2E2G,2e2G,2] E2[C0E0C0G,0]C | [A,,,2g2]E0C2 D0< [G,,,0G0G0a0] A,2[E2C2G,2G2] D2[G,,,2D2G,2B,2g2] | G2FD [A,,,2f2F2]G2 E0< [C,,0G0c0g0] E2[C2E2G,2E2] |
C2[C,,2E2C2G,2G,2] E2[CG,E]C [G,,,2g2][A2E2D2] F0 | [F,,,2A2a2]C0[C2F2A,2F2] C2[F,,,2F2C2A,2g2A,2] F2[CFA,]C F0 | [G,,,2f2]F2 [C,,0G0c0g0E0E0][C2E2G,2E2] D0 C2[C,,0C0E0G,0e0G,0]D2 | E2[ECG,]C [A,,,2g2C2]EC [D0F0] [G,,,2G2G2a2][E2C2G,2G2] |
D2[G,,,2D2G,2B,2g2] G2c'D A,,,e'G2 | [C,,2G2g'2]E0E2 E0 C2E0[E,,2G,2] [E2E2][C2c'2] D0 | [G,,G,]e'C0D2 [A,,2A2a'2]C0F2 C2[F,,2A,2] | F2[C2c'2] [A,,A,]e'C2 [C,,2G2b'2]E0E2 [E0C0] |
[E0E,,0G,0]< [E0E0][Cc']D [G,,G,]e'C0C2 | [F,,2A2a'2]G2 C2[D,,2A,2] G2[F,,2C2c'2] | [D,,A,]e'G2 [C,,2G2g'2]E0E2 E0 C2E0[E,,2G,2] | [E0E0][C2c'2] [G,,2G,2D2]<e'2C2 [A,,0A0a'0D0]<F0C2 |
C2[F,,2A,2]C2 F2[C2c'2] [A,,A,]e'C2 [E0C,,0G0b'0] |E2 [C0D0][E,,2G,2] E0 D2[C2c'2]C2 | [G,,G,]e'[C2C2] [F,,2A2a'2]G2 C2[E,,2A,2] | G2F0[C2c'2] [D,,A,F]e'G2 E0< [C,,0G0c0g0] E2[G2E2E2] |
C[GE][C,,2G,2] [G2E2E2]>[G2E2C2] [G,,,2g2][A0G0E0E0]D F0 | [F,,,2A2a2][A0F0F0C0] C[FA][F,,,2g2A,2] [F2A2F2]>[A2F2C2] F0 | [G,,,2f2][A2F2F2] [E0E0] [C,,2G2c2g2]D0[G2E2E2] D C[GE]D0[C,,2e2G,2] | [E2G2E2]C[EGC] [A,,,2g2][E2G2E2]C2 D0< [G,,,0G0G0a0] A,2[F2D2G2] |
D[DF][G,,,2g2] [D2F2G2]F[FDD] [A,,,2f2F2][D2F2G2] E0 | [C,,0G0c0g0] E2[G2E2E2] C[GE][C,,2G,2] [G2E2E2]>[G2E2C2] | [G,,,2g2][A2G2E2E2D2] F0 [F,,,2A2a2]C0[A2F2F2] C[FA][F,,,2g2A,2] | [F2A2F2]>[A2F2C2] F0 [G,,,2f2][A2F2F2] [C,,0G0c0g0E0E0][G2E2E2] D0 |
C[GE][C,,0e0G,0]D2 [E2G2E2]>[E2G2C2] [A,,,2g2C2][EGE]C [D0F0] | [G,,,2G2G2a2][F2D2G2] D[DF]G,,,0g2 [D2F2G2]>[F2D2D2] f0 | A,,,2[D2F2G2] [C,,0G0e0] E2[E2G2E2] C[GE][E,,2G,2c2] | [E2G2E2]C[GE] [G,,2G,2G2][C2G2E2] [A,,0A0A0D0]<C0[F2A2F2] |
C2[FA][F,,2A,2c2] [F2F2A2]C[AF] [A,,2A,2f2][C2A2F2] E0 | [C,,2G2e2][E2G2E2] C[GE][E,,2G,2c2] [E2E2G2]C[EG] | [G,,2G,2E2G2][C2E2G2] [F,,0A0A0] D2[G2F2D2] C[DF][D,,2A,2] | [G2D2F2][F,,C][FD] [D,,2A,2f2][G2D2F2] E0 [C,,2G2e2][E2G2E2] |
C[GE][E,,2G,2c2] [E2G2E2]C[GE] [G,,2G,2G2][C2G2E2] | [A,,0A0A0C0][F2A2F2] C2[FA][F,,2A,2c2] [F2F2A2]C[AF] | [A,,2A,2f2][C2A2F2] [C,,0G0e0E0][E2G2E2] C[GE][E,,2G,2c2] | [E2E2G2]C[EG] [G,,2G,2G2][C2E2G2] D0 [F,,2A2A2][G2F2D2] |
C[DF][E,,2A,2] [G2D2F2]C[FD] [D,,2A,2][G2D2F2] | [C,,0G0e0] E2[E2c2G2E2] C[GE][E,,2G,2c2c2] [E2G2E2][Cc][GE] | [G,,2G,2G2][C2A2G2E2] [A,,0A0A0D0]<C0[F2A2A2F2] C2[FA][F,,2A,2A2c2] | [F2F2A2][CA][AF] [A,,2A,2f2]A2[C2A2F2] E0 [C,,2G2e2]c0[E2G2E2] |
C[GE][E,,0G,0c0]c2 [E2E2G2]Cc[EG] [G,,2G,2E2G2][C2A2E2G2] | [F,,0A0A0] D2[G0F0D0A0] C[DF][D,,2A,2A2] [G2D2F2]A0[F,,C][FD] | [D,,2A,2f2][G2A2D2F2] E0 [C,,2G2e2][E2c2G2E2] C[GE][E,,2G,2c2c2] | [E2G2E2][Cc][GE] [G,,2G,2G2][C2A2G2E2] [A,,0A0A0C0][F2A2A2F2] |
C2[FA][F,,2A,2A2c2] [F2F2A2][CA][AF] [A,,2A,2f2]A2[C2A2F2] | [C,,0G0e0E0]<c0[E2G2E2] C[GE][E,,0G,0c0]c2 [E2E2G2]Cc[EG] | [G,,2G,2G2][C2A2E2G2] D0 [F,,2A2A2][G0F0D0A0] C[DF][E,,2A,2A2] | [G2D2F2]A0C[FD] [D,,2A,2][G2A2D2F2] [C,,2c2G2C2g'2]E2 |
E2E2 E2D4D2 | [F,,,10c'10e'10]c'3 |e'3 [C,,4e4g4b'4] E3E3 |D3D2D [G,,,Bd]C10 |
c'3e'3 | [C,,2e2g2g'2]E2 EE2E E2D2 D2 |D2 D0 [F,,,2f2a2c'2e'2]C4C4 |c'2>e'2E2 [C,,2e2g2b'2E2]E4 |
E4D4[e'2D2] | [G,,,0f0a0c''0] D2C4C4F2 F4 | [C,,2G2c2G,2E2C,2C2g2E2][G2E2E2] C[GE][C,,2G,2] | [G2E2E2]>[G2E2C2] [G,,,2g2][A0G0E0E0]D2 [F,,,2A2F2A,2F,,2a2][A0F0F0C0] |
C[FA][F,,,2g2A,2] [F2A2F2]>[A2F2C2] F0 [G,,,2f2][A2F2F2] E0 | [C,,2G2G,2c2E2C2C,2g2]D0[G2E2E2] D C[GE]D0[C,,2e2G,2] [E2G2E2]C[EGC] | [A,,,2g2][E2G2E2]C2 [G,,,0G0G0A,0C0G,,0D0a0] A,2[F2D2G2] D[DF][G,,,2g2] | [D2F2G2]F[FDD] [A,,,2f2F2][D2F2G2] [C,,0G0c0E0G,0C0C,0g0] E2[G2E2E2] |
C[GE][C,,2G,2] [G2E2E2]>[G2E2C2] [G,,,2g2][A2G2E2E2D2] | [F,,,2A2A,2C2F2F,,2a2]C0[A2F2F2] C[FA][F,,,2g2A,2] [F2A2F2]>[A2F2C2] F0 | [G,,,2f2][A2F2F2] [C,,2G2c2G,2C2E2C,2g2E2][G2E2E2] D0 C[GE][C,,0e0G,0]D2 | [E2G2E2]>[E2G2C2] [A,,,2g2C2][EGE]C [G,,,2G2D2F2A,2G2C2G,,2a2][F2D2G2] |
D[DF]G,,,0g2 [D2F2G2]>[F2D2D2] f0 A,,,2[D2F2G2] | [C,,2G2c2G,2E2C,2C2g2E2][G2E2E2] C[GE][C,,2G,2] [G2E2E2]>[G2E2C2] | [G,,,2g2][A0G0E0E0]D2 [F,,,2A2F2A,2F,,2a2][A0F0F0C0] C[FA][F,,,2g2A,2] | [F2A2F2]>[A2F2C2] F0 [G,,,2f2][A2F2F2] E0 [C,,2G2G,2c2E2C2C,2g2]D0[G2E2E2] D |
C[GE]D0[C,,2e2G,2] [E2G2E2]C[EGC] [A,,,2g2][E2G2E2]C2 | [G,,,0G0G0A,0C0G,,0D0a0] A,2[F2D2G2] D[DF][G,,,2g2] [D2F2G2]F[FDD] | [A,,,2f2F2][D2F2G2] [C,,0G0c0E0G,0C0C,0g0] E2[G2E2E2] C[GE][C,,2G,2] | [G2E2E2]>[G2E2C2] [G,,,2g2][A2G2E2E2D2] [F,,,2A2A,2C2F2F,,2a2]C0[A2F2F2] |
C[FA][F,,,2g2A,2] [F2A2F2]>[A2F2C2] F0 [G,,,2f2][A2F2F2] | [C,,2G2c2G,2C2E2C,2g2E2][G2E2E2] D0 C[GE][C,,0e0G,0]D2 [E2G2E2]>[E2G2C2] | [A,,,2g2C2][EGE]C [G,,,2G2D2F2A,2G2C2G,,2a2][F2D2G2] D[DF]G,,,0g2 | [D2F2G2]F[FDD] f0 A,,,2 F2[D2F2G2] [C,,2G2c2G,2E2C,2C2g2E2][G2E2E2] |
C[GE][C,,2G,2] [G2E2E2]>[G2E2C2] [G,,,2g2][A0G0E0E0]D2 | [F,,,2A2F2A,2F,,2a2][A0F0F0C0] C[FA][F,,,2g2A,2] [F2A2F2]>[A2F2C2] F0 | [G,,,2f2][A2F2F2] E0 [C,,2G2G,2c2E2C2C,2g2]D0[G2E2E2] D C[GE]D0[C,,2e2G,2] | [E2G2E2]C[EGC] [A,,,2g2][E2G2E2]C2 [G,,,0G0G0A,0C0G,,0D0a0] A,2[F2D2G2] |
D[DF][G,,,2g2] [D2F2G2]F[FDD] [A,,,2f2F2][D2F2G2] | [C,,0G0c0E0G,0C0C,0g0] E2[G2E2E2] C[GE][C,,2G,2] [G2E2E2]>[G2E2C2] | [G,,,2g2][A2G2E2E2D2] [F,,,2A2A,2C2F2F,,2a2]C0[A2F2F2] C[FA][F,,,2g2A,2] | [F2A2F2]>[A2F2C2] F0 [G,,,2f2][A2F2F2] [C,,2G2c2G,2C2E2C,2g2] F2[G2E2E2] E0 |
C[GE][C,,2e2G,2]E2 [E2G2E2]D[EGC] [A,,,2g2][E2G2E2] E0 | [G,,,2G2D2F2A,2G2C2G,,2a2][F2D2G2] D D[DF]G,,,0<g0D [D2F2G2]C[FDD] f0 | A,,,2[D2F2G2] C0 [C,,2G2c2G,2E2C,2C2g2][G2E2E2] C[GE][C,,2G,2] | [G2E2E2]>[G2E2C2] [G,,,2g2][A2G2E2E2] G0 [F,,,2A2F2A,2F,,2a2][A2F2F2] F |
C[FA][F,,,2g2A,2]F2 [F2A2F2]F[AFC] [G,,,2f2]E0[A2F2F2] | [C,,2G2G,2c2E2C2C,2g2][G2E2E2] C[GE][C,,2e2G,2] [E2G2E2]>[E2G2C2] | [A,,,2g2][E2G2E2] [G,,,2G2G2A,2C2G,,2D2a2F2][F2D2G2] D D[DF][G,,,2g2D2] | [D2F2G2]D[FDD] [A,,,2f2]C0[D2F2G2] [C,,2G2c2E2G,2C2C,2g2][G2E2E2] |
C[GE][C,,2G,2] [G2E2E2]>[G2E2C2] [G,,,2g2][A2G2E2E2] [G0F,,,0A0A,0C0F0F,,0a0] |[AFF]F C[FA][F,,,2g2A,2F2] [F2A2F2]F[AFC] | [G,,,2f2][A2F2F2] F0 [C,,2G2c2G,2C2E2C,2g2][G2E2E2] E C[GE][C,,2e2G,2]E2 | [E2G2E2]E[EGC] [A,,,2g2][E0G0E0D0] [G,,,2G2D2F2A,2G2C2G,,2a2][F2D2G2] |
D[DF]G,,,0g2 [D2F2G2]>[F2D2D2] f0 A,,,2[D2F2G2] | [C,,0c'0C,,0c0C,,0C,0c0e0C,0] |","['Electronic', 'Ambient', 'Classical', 'Jazz']",Ambient,1,Choose the most probable genre label of the provided score.
Ambient_Sleep_Studio_Out There.abc,"X:1
M:3/4
L:1/16
K:Am
[ceaAAAcC]cAe AaAe AcAe | AaAe Ac((3G2c0e2) AaAeg | AcAc' AAe2 c0 [Aa]A0Cc[e0G0] | eAaA cGeA aAeA | c'Ae0aG aAd0<e0G eAaG |
eAcG [A2e2][Ad]e A2[Ac']a | A0 [cea]eA2 cAeA aAeA0^G, | cAeA c'Aa2A eAcA | eAdA eA2[A2c2]gAe |
AaAe Ac'Ae AaA2 | eAcA eAaA [AAAc]cAe | AaAe AcAe AaAe | AcGe AaAe AcAc' |
AAe2 [Aa]AcG eAaA | cGeA aAeA c'AeG | aAdG eAaG eAcG | [A2e2][Ad]e A2[Ac']a AeA2 |
cAeA aAeA cAeA | c'Aa2A eAcA eAdA | eA2[A2c2]gAe AaAe | Ac'Ae AaA2 eAcA |
eAaA eAa46 | [A,10C10A,,10E10] |E,2 A,2B,2 A,,0 [C12E12] | E,A,CE |
G,,0 [D6B,6G,6]G8 |DB, [D0G,0] G,,4>G,4 [B,4G,4] | [B,4D4] [A,,0A,0C0]E,2 | A,2B,2 C8 [A,,0A,0C0] |
E10E,2 | A,2[C2E2] [G,,0B,0D0] |D,G, A,B,A,2 [B,0^C0] | [A,5B,5C5E5E,5A,,5]C30 |
^C35 |^G,3 |_B,0[D8E8][=b0g0a0] |[b0c'0a0e0g0]d8a10 |
a12 | c'AeG ^C0 | aAdG e0< g0AaG eAcG | [A2e2][Ad]e0e Ab[Ac']a Aeg0A2 |
cAeA aAeA cAeA | c'A^C0a2A eA=cA eAdA | eA2[A2c2]gAe AaAe | Ac'Ae AaA2 eAcA |
eAaA eAa |","['Jazz', 'Rock', 'Ambient', 'Classical']",Ambient,2,Choose the most probable genre label of the provided score.
Ambient_Coverchill_Cris Delanno_Na Voz do Coracao.abc,"X:1
M:3/4
L:1/16
K:Dm
[A,4C4F4F,,4] F,4 | F2G2 A2F2 [D4A4B,,4F4] | B,4 D4 B4 | [C4E4G4C,,4] C2C,2 [B,4D4F4] |
B,4 F,,4 C,4 | [G2F,2]A2 G2F2 [C4F,,4] | F,4 F2G2 A2F2 | [D4A4B,,4F4] B,4 D4 |
B4 [C4E4G4C,,4] C,4 | A4 B4 [c4A,,4] | E,4 C4 G4 | F4 C4 E4 |
C4 [E2B,,2]F2 [D4F,4] | B,4 C2F,4< D4 |D2 A4 B4 | [A,,4c4] E,4 C4 |
G4 F4 C4 | E4 C4 [E2G,,2]F2 | [D4D,4] G,4 A,4 | [B,16C,,16D16F,16] |
[C,8G8F8C8] | E8 [A4F4C4F,,4] | F,4 G4 F,4 | B4 F,4 A4 |
F,4 [C4E4G4E,,4] E,4 | C4 E4 G4 | c4 G4 E,4 | [F4D4A4D,,4] D,4 [D4F4G4] |
D,4 [B4D4] D,4 | A4 D,4 [E2A2]^C,2 | e4 [E4A4] ^C,4 | [A4E4] ^C,4 G4 |
E4 [B,,2D2]E2 F2F,2 | B,4 D2B,2 [B,4D4F4C,,4] | B,2C,2 [D4B4F4] C,4 | [C4F,,4F4A4] C2F,,2 C,2F,2 |
C2F2 [D4F4B,,4B4] B,4 | D4 E4 [A,4C4F4F,,4] | A,4 F,2C2 F2A2 | [G2^C,2]A,2 A4 E4 |
^C4 [A,4F4D,,4] D2D,2 | A4 c4 [D4c4A4F4G,,4] | D2G,2 [D4G4=B4] G,4 | [B4F4D4C,,4] C,4 C2B,2 |
D2F2 [C4E4G4C,,4] C,4 | F4 G4 [C6A6F6F,,6] |C,2 F,2A,2 C2F2 | [B6F6D6][C6F6A6] |
[C4F4] [G4E4E,,4] E,2[E8c8G8] |E,2 [D2G2]E2 | D2E,2 [D2G2]E2 D2D2 | [A,4D4F4D,,4]>A,,4 D,2A,2 |
D2F4< [B4F4D4][F6A6D6] | [D4F4] [A6^C,,6] |^C,4< [e4A4E4]C,2 | A4 E4<G4 |
E4 [F4D4B,4B,,,4] B,,2F,2 | B,2C2 D2F2 [B,4C,,4D4F4] | B,2C,,2 [C4G4E4] C4 | [C4A4F,,4] F2C,2 F,2A,2 |
C2F2 [B2B,,2]F2 D2c2 | F2D2 d2D2 [F4c4A4F,,4] | F2F,2 A,2C2 F2A2 | [A2^C,,2]E2 C2C,2 G4 |
E4 [A,4D4F4D,,4] A,2D,2 | [F4A4d4] [F4c4A4] [D4G,,4c4A4F4] | D2G,,2 [D4=B4G4] G,,4 | [C4F4G4C,,4] C2C,2 [F4C4] |
G2F2 [C4E4G4] C4 | C2D2 E2G2 [_E8c8^G8G,,,8] | ^G,,2_E2 G2c2 | [_E4B4] ^G,,4 [G4E4] |
^G,,4 [^C8F8B8G,,,8] | ^G,,2^C2 F2B2 [B4f4G,,4G,,,4] | B2_e4^G,,2 [^c4B4] | [_E8^G8c8G,,,8] G,,2E2 |
^G2c2 [G,,,8G,,8B8_E8] | [B8G8G,,,8G,,8] [C4F4^G4F,,4] | F,4 C4 F4 | [F,4C4G4F,,4] F,4 [C4F4] |
F,4 [^C4F4B4B,,,4] B,,4 | ^C2F2 [C4^G4] [B,,4C4=G4B,,,4] | B,,4 [^G4^C4] B,,4 | [C8F8G8C,,8] C,2C2 |
F2G2 [C4G4E4C,,4C,4] C4 | [G4E4C4] C,,4 [G8A,8C8F,,,8] | [A,4G4C4] F,,2A,2 | [F8C8A,8] [A,4F4C4] |
F,,2A,2 [A,8E8C8] | [A,4C4E4] F,,,2F,,2 A,4 | C4 [C4A,4] [F,,,4F,,4] | [G4A,4C4D,,4] D,4 [A,4G4C4] |
D,4 [A,4F4C4] A,4 | [A,4F4C4] [D,4D,,4] [C8A,8E8D,,8D,8] | [A,4E4C4] A,2[D,2D,,2] | [D,,6A,6E6D,6C6][D,6E6C6D,,6A,6] |
[C,,4D4C4A,4F4C,4] [A,8F8D8B,,,8] | [A,2F2]B,,2 A,2D2 [A,8E8B,,8B,,,8] | [E4A,4] B,,4 | [F8D8B,8C,,8] [G,4F4B,4D4] |
C,2G,2 [C4E4C,,4] [G,4C,4] | [G,2B,2E2][C,,2C,2] G,4 [A,6G6C6F,,6] |A,2 [A,2C2G2]F,,2 A,2C2 | [A,4F4]>A,4 [F4C4A,4] |
F,,4 [C10E10G10E,,10] |C2 E2[C4G4E4][C4G4] |C4E,,2 C4 | [A,10D10D,,10F10]A,2 |
D4 [A,4D4F4D,,4]>A,4 | [A,4D4F4] D,,4 [B,8D8B,,,8] | [B,4D4F4] B,,,2B,2 | [C,,4B,4D4F4]>C,,4 [G,2C2E2]C,,2 |
G,2C2 [c2A2F,,2]e2 f2c8 |A4< [B4F4D4] |[C6F6A6] [C4F4] | [G4E4E,,4] E,2[E8c8G8] |
E,2 [D2G2]E2 D2E,2 | [D2G2]E2 D2D4< [A,4D4F4D,,4] |A,,2 D,2A,2 D2F2 | [B6F6D6][F6A6D6] |
[D4F4] [A4^C,,4]>C,4 | [e4A4E4]>^C,4 A4 | E4<G4 E4 | [F4D4B,4B,,,4] B,,2F,2 B,2C2 |
D2F2 [B,4C,,4D4F4] B,2C,,2 | [C4G4E4] C4 [C4A4F,,4] | F2C,2 F,2A,2 C2F2 | [B2B,,2]F2 D2c2 F2D2 |
d2D2 [F4c4A4F,,4] F2F,2 | A,2C2 F2A2 [A2^C,,2]E2 | ^C2C,2 G4 E4 | [A,4D4F4D,,4] A,2D,2 [F4A4d4] |
[F4c4A4] [D4G,,4c4A4F4] D2G,,2 | [D4=B4G4] G,,4 [C4F4G4C,,4] | C2C,2 [F4C4] G2F2 | [C4E4G4] C4 C2D2 |
E2G2 [_E8c8^G8G,,,8] | ^G,,2_E2 G2c2 [E4B4] | ^G,,4 [G4_E4] G,,4 | [^C8F8B8^G,,,8] G,,2C2 |
F2B2 [B4f4^G,,4G,,,4] B2_e4 |^G,,2 [^c4B4] [_E8G8=c8G,,,8] | ^G,,2_E2 G2c2 | [^G,,,8G,,8B8_E8] [B8=G8G,,,8G,,8] |
[C4F4^G4F,,4] F,4 | C4 F4 [F,4C4G4F,,4] | F,4 [C4F4] F,4 | [^C4F4B4B,,,4] B,,4 C2F2 |
[^C4^G4] [B,,4C4=G4B,,,4] B,,4 | [^G4^C4] B,,4 [=C8F8=G8C,,8] | C,2C2 F2G2 | [C4G4E4C,,4C,4] C4 [G4E4C4] |
C,,4 [G8A,8C8F,,,8] | [A,4G4C4] F,,2A,2 [F8C8A,8] | [A,4F4C4] F,,2A,2 | [A,8E8C8] [A,4C4E4] |
F,,,2F,,2 A,4 C4 | [C4A,4] [F,,,4F,,4] [G4A,4C4D,,4] | D,4 [A,4G4C4] D,4 | [A,4F4C4] A,4 [A,4F4C4] |
[D,4D,,4] [C8A,8E8D,,8D,8] | [A,4E4C4] A,2[D,4D,,4]< [D,,4A,4E4D,4C4] |[D,6E6C6D,,6A,6] [C,,4D4C4A,4F4C,4] | [A,8F8D8B,,,8] [A,2F2]B,,2 |
A,2D2 [A,8E8B,,8B,,,8] | [E4A,4] B,,4 [F8D8B,8C,,8] | [G,4F4B,4D4] C,2G,2 | [C4E4C,,4] [G,4C,4] [G,2B,2E2][C,,2C,2] |
G,4 [=B,4A4D4G,,4]>B,4 | [=B,2D2A2]G,,2 B,2D4< [B,4G4] |=B,2 [G4D4B,4] G,,4 | [D10^F10A10F,,10]D2 |
^F2[D4A4F4][D4A4]D4 |^F,,2 D4 [=B,10E10E,,10G10] |=B,2 E4 | [=B,4E4G4E,,4]>B,4 [B,4E4G4] |
E,,4 [C8E8C,,8] | [C4E4G4] C,,2C4< [D,,4C4E4G4] |D,,2 [A,2D2^F2]D,,2 A,2D2 | [=B4G4D4G,,4] G,4 A4 |
G,4 c4 G,4 | =B4 G,4 [D4^F4A4F,,4] | ^F,4 D4 F4 | A4 d4 A4 |
^F,4 [G4E4=B4E,,4] E,4 | [E4A4G4] E,4 [c4E4] | E,4 =B4 E,4 | [E4G4=B4C,,4] C,4 E4 |
c4 [A24E24C24D,,24] | G8 | G,,G,A,2=B,30D30G29 |","['Ambient', 'Rap', 'Classical', 'Blues']",Ambient,0,Choose the most probable genre label of the provided score.
Ambient_Future Ambient_Espresso del Lago_Suratat.abc,"X:1
M:3/4
L:1/16
K:Bm
g2d'32 |[g10B10e10] | [B20D20F20] | g2d'38 |
e'2b2 c'20 | g2d'64 |[E32G32B32d32] |[D60A60d60] |
[e4B4E4G4][G28d28E28] |[e4B4E4G4] |[G28d28E28] |[e4B4E4G4][G28d28E28] |
[e4B4E4G4][G156d156E156] |[g4e4b4][d'10g10b10e10] | [D16F16A16d16] | [E2G2B2][E2G2] B2[G4B4E4e4g4][G6B6] |
[B,2F2D2B2]B,2 D2[B12F12D12] |[g4e4b4] |[d'10g10b10e10] | [D16F16A16d16] |
[C12A12A,12E12] | e'2b2 c'18 |[g4e4b4][d'10g10b10e10] | [D16F16A16d16] |
[C12A12A,12E12] | e'2b2 | c'18 |[B4G4E4d4][B8G8E8B,8] |
[B6B,6E6] | [G2G2][G4B4B,4E4][G4B,4B4E4][G2B2E2B,2] | [A4F4D4A,4D,4] [A,4D4G4D,4A4]<[A,4F4D4A4D,4] | [D4F4A4A,4] [F4A4D,4D4A,4] [A,4G4D4D,4A4]<[F4A,4D,4D4A4] |
[F4D4A4A,4D,4] [E,48B,48E48] |","['Latin', 'Blues', 'Ambient', 'Jazz']",Ambient,2,Choose the most probable genre label of the provided score.
Ambient_Lounge_James Last_Always On My Mind.abc,"X:1
M:3/4
L:1/16
K:Bm
[b2G,2]G2 B2d2 | [a2F,2]F2 A2[gd]f [g2E,2]E2 | G2B2 [D2A,,2d2E2A2]B,2 [C4A,,4c4] | [F4D4A4D,,4D,4] [A4F4D4] [D2A2F2]D,,2 |
D,2D2 [C4A4E4C,4] [E2A2]C2 | E2A2 [E2A2C2]C,2 [F4D4B,4B,,4] | [B,2F2D2]B,,2 [F4D4A,,4A,4] [F2D2]A,,2 | G,,2G,2 B,2D2 [E2A,,2]C2 |
A,2E,2 [A4F4D4D,,4D,4] [D4A4F4] | D,,2D,2 D2F2 [C4A4E4C,4] | [A4E4C4] c2[B2d2] [c2e2][a2e2] | [d4f4B4B,,4B,4] [B2f2d2][B,2B,,2] [f4d4A4A,,4A,4] |
[d4f4A4] [B4^G4E4G,,4G,4] [E4G4B4] | ^G,,2G,2 E2[G2B2] [=G4D4B4G,,4G,4] | [D4G4B4] G,,2G,2 D2G2 | [D,,4D,4] [D4A4F4] [D2A2D,,2G2]D,2 |
D4 F4 [D4B4G4G,,4] D2B2 | [A4D4F4F,,4] [A2F2]GF [E4G4B,4E,,4] | [B,2E2G2]E,,2 [B,4G4D4D,4] [G4B,4D4B,,4] | [C4A4E4A,,4] [E2A2C2]A,,2 [F4D4A4A,,4] |
[A,,4C4E4G4] [A,4F4D4D,,4D,4] [F2D2A,2][D,2D,,2] | [E,,4E,4E4A,4C4] [F,,4F,4A,4D4F4] [G,4D4B,4G,,4] | [G,2D2B,2]G,,2 [E4G,4C4A,,4] [C2G,2E2]A,,2 | [F4D4A,4D,,4] [F2D2]A,2 [G,2G,,2][B,2D2] |
[A,2A,,2][E2C2] [F4D4A4D,,4D,4] [A4F4D4] | [D2A2F2]D,,2 D,2D2 [C4A4E4C,4] | [E2A2]C2 E2A2 [E2A2C2]C,2 | [F4D4B,4B,,4] [B,2F2D2]B,,2 [F4D4A,,4A,4] |
[F2D2]A,,2 G,,2G,2 B,2D2 | [E2A,,2]C2 A,2E,2 [A4F4D4D,,4D,4] | [D4A4F4] D,,2D,2 D2F2 | [E4C4A,4C,4] [A,4E4C4] C,2A,2 |
[E2C2]C,2 [B,4F4D4B,,4] [B,4F4D4] | [A,4F4D4A,,4] [F2D2A,2]A,,2 [B4^G4E4G,,4G,4] | [E4^G4B4] G,,2G,2 E2[G2B2] | [G4D4B4G,,4G,4] [D4G4B4] G,,2G,2 |
D2G2 [D,,4D,4] [D4A4F4] | [D2A2D,,2G2]D,2 D4 F4 [D4B4G4G,,4] | D2B2 [A4D4F4F,,4] [A2F2]GF | [E4G4B,4E,,4] [B,2E2G2]E,,2 [B,4G4D4D,4] |
[G4B,4D4B,,4] [C4A4E4A,,4] [E2A2C2]A,,2 | [F4D4A4F,,4] [G,,4C4E4G4] [A,4F4D4D,,4D,4] | [F2D2A,2][D,2D,,2] [E,,4E,4E4A,4C4] [F,,4F,4A,4D4F4] | [G,4D4B,4G,,4] [G,2D2B,2]G,,2 [E4G,4C4A,,4] |
[C2G,2E2]A,,2 [F4D4A,4D,,4] [F2D2]A,2 | [G,2G,,2][B,2D2] [A,2A,,2][E2C2] [D4F4A,4D,4] | [A,2F2D2]D,2 [E4A,4C4C,4] [E2A,2C2]C,2 | [F4D4B,4B,,4] [B,2F2D2]B,,2 [F4A,4D4A,,4] |
[A,2F2D2]A,,2 [G4B,4D4G,,4] [B,2G2D2]G,,2 | [F,,4A,4D4F4] [F,,4A,4D4F4] [G4B,4E4E,,4] | [B,2E2G2]E,,2 [G4B,4D4A,,4] [B,2D2G2]A,,2 | [F4A,4D,4] [A,2F2D2]D,2 [E4A,4C4C,4] |
[E2A,2C2]C,2 [F4D4B,4B,,4] [B,2F2D2]B,,2 | [F4A,4D4A,,4] [A,2F2D2]A,,2 [G4B,4D4G,,4] | [B,2G2D2]G,,2 [F,,4A,4D4F4] [F,,4A,4D4F4] | [G4B,4E4E,,4] [B,2E2G2]E,,2 [E4G,4C4A,,4] |
[E2G,2C2]A,,2 [F4D4A4D,,4D,4] [A4F4D4] | [D2A2F2]D,,2 D,2D2 [C4A4E4C,4] | [E2A2]C2 E2A2 [E2A2C2]C,2 | [F4D4B,4B,,4] [B,2F2D2]B,,2 [F4D4A,,4A,4] |
[F2D2]A,,2 G,,2G,2 B,2D2 | [E2A,,2]C2 A,2E,2 [A4F4D4D,,4D,4] | [D4A4F4] D,,2D,2 D2F2 | [E4C4A,4C,4] [A,4E4C4] C,2A,2 |
[E2C2]C,2 [B,4F4D4B,,4] [B,4F4D4] | [A,4F4D4A,,4] [F2D2A,2]A,,2 [B4^G4E4G,,4G,4] | [E4^G4B4] G,,2G,2 E2[G2B2] | [G4D4B4G,,4G,4] [D4G4B4] G,,2G,2 |
D2G2 [D,,4D,4] [D4A4F4] | [D2A2D,,2G2]D,2 D4 F4 [D4B4G4G,,4] | D2B2 [A4D4F4F,,4] [A2F2]GF | [E4G4B,4E,,4] [B,2E2G2]E,,2 [B,4G4D4D,4] |
[G4B,4D4B,,4] [C4A4E4A,,4] [E2A2C2]A,,2 | [F4D4A4A,,4] [A,,4C4E4G4] [A,4F4D4D,,4D,4] | [F2D2A,2][D,2D,,2] [E,,4E,4E4A,4C4] [F,,4F,4A,4D4F4] | [G,4D4B,4G,,4] [G,2D2B,2]G,,2 [E4G,4C4A,,4] |
[C2G,2E2]A,,2 [F4D4A,4D,,4] [F2D2]A,2 | [F4D4A,4D,,4] [F2D2]A,2 [C4A4E4A,,4] | [E2A2C2]A,,2 [F4D4A4A,,4] [A,,4C4E4G4] | [A,4F4D4D,,4D,4] [F2D2A,2][D,2D,,2] [E,,4E,4E4A,4C4] |
[F,,4F,4A,4D4F4] [B,8D8G8G,,8] | [C9E9A9A,,9]D,,A,,D, A, |DEF A2de2f2a0 |","['Country', 'Soul', 'Jazz', 'Ambient']",Ambient,3,Choose the most probable genre label of the provided score.
Ambient_New Age_Wayne Gratz_Have I Told You Lately.abc,"X:1
M:3/4
L:1/16
K:Bb
Bc [d4B4] [F4B,,,4B,,4] F2f2 [B0e0F0D,0D,,0] |[d2B2] F2 D,2cB [E0F0c0E,,0E,0] GBB,2 B4 | [E2G2F,,2B,2F,2]B,2 F,F[fB]c [^c0F0]< [B,,,0B,,0f0d0] | F2df [D,,0F0D,0] [B2e2][d2B2] |
FD,cB [c0F0e0]< [E,,0E,0] dc[B2G2G2] E,B,F2 [E0G0B,0] [F,,4F,4] | [E4F4] B,4 [B,4D4B,,4F,4] | [B,4F,4D4] [B,4C4D,,4F,4] [D4F,4B,4] | [F4E,,4F,4B,4E4] [F4E4] [F,4B,4G,4] [B,0E0F0F,0F,,0] G,4 |
[F2B,2E2F,2] G,2F,2G,2 [B,4D4B,,4F,4] [B,2D2F,2][B,,,B,,][C,C,,] [D,,0D,0F,0A,0] | [F,4A,4C4] [E0G,0B,0F0] [E,,4E,4] | [G,4F4E4B,4] [G,0B,0E0F0F,,0F,0] [G,2E2F2B,2]G2 | [E,0D0G0] B4 [D4B4G4] [D4G4B4] [G2B2D2] |
c2 [F4D,4C4A4] [C4F4A4] | [F4C4A4] [C2A2F2]C2 [E0G,0B,0C,0] | [E4B,4G,4] [E0F0G,0B,0F,,0] [E2F2G,2B,2]G,2 | [F,0D0B,0B,,0]F,2 [D2B,2] F,2E2 [E0B,0G,0F0F,,0] |
[G,4B,4E4F4] [B,0D,0F,0] B,,4 [B,2D,2F,2]D,B,, | [B,0C0D,0F,0] D,,4 [B,2D,2C2F,2]D,,2 E,,0 [B,3G,3] [E,2F,2]>E,2 B, |CDE, [B,0F,0G,0C0F,,0] [G,2B,2F,2C2]F,,2F,2 | [D4B,,4B,4] F,4 [B,2D2F,2]B,,2 [D,,0C0B,0] F,4 |
[B,4C4] F,4 [E,,0B,0E0] [F,4G,4] [E2B,2G2]B,2 | [E0F0B,0F,,0] G,4 [E2F2G,2B,2]B((3F,2c2E0) [B0d0E,0] G4 [E4d4B4] | G4 [E2B2d2G2]>E2 E,2[d2B2E2G2] | [c0F0] [D4A4D,4] D2F2 [D2c2F2]D2 |
F2cD, [E4B4C,4C4] G4 [B2C2E2] G2C2 [B,0E0G0F,,0] | B,0 F,2G2[B,2E2] [F,0B,0D0B,,0] [D2B,2F,2] |B,,2 [C,4C4E4C,,4G,4] [D4D,,4F4B,4D,4] | [D4G4E,,4E,4B,4] [D2G2B,2]E,2 [E,,0D0B,0G0]E, G2 |
[B,2D2][A2C2F2] [G0D0]< [B,0E,,0E,0] [D2G2B,2]E,2 [E,,0G0] [B,3D3] |E, [d2G2D2]c2 [F0C0A0D,0D,,0] [C2F2A2] |D,2 [C4F4A4] [C2F2A2][FC]GD, [A0C0F0] | [D,0D,,0] [A2C2] F2BD,c [C4E4G4B4] [C,,4C,4] [D4c4D,,4F4A4] |
D,4 [B0G0] [D4E,4E,,4] [B2D2G2]E,2 [B3G3D3] |D E,2[F2C2A2c2] [B4E,4E,,4G4D4] | [B2D2G2]E,2 [B3G3] D2>E,2 [B0G0] DcE,0B2 [A0C0F0D,0D,,0] | [C2F2A2]D,2 [A4F4C4] [GD] |
AGF2C2 [F,,0F,0] |F,G, [F2B,2]CD0C [B,0D,0F,0] B,,4 | [B,2D,2F,2]D,B,, [B,0C0D,0F,0] D,,4 [B,2D,2C2F,2]D,,2 E,,0 | [B,3G,3] [E,2F,2]>E,2 B,CDE, [B,0F,0G,0C0F,,0] |
[G,2B,2F,2C2]F,,2F,2 [D4B,,4B,4] F,4 [B,2D2F,2]B,,2 [D,,0C0B,0] | F,4 [B,4C4] F,4 [E,,0B,0E0] [F,4G,4] | [E2B,2G2]B,2 [E0F0B,0F,,0] G,4 [E2F2G,2B,2]B((3F,2c2E0) [B0d0E,0] | G4 [E4d4B4] G4 [E2B2d2G2]>E2 |
E,2[d2B2E2G2] [c0F0] [D4A4D,4] D2F2 | [D2c2F2]D2 F2cD, [E4B4C,4C4] G4 [B2C2E2] | G2C2 [B,0E0G0F,,0]< B,0 F,2G2[B,2E2] | [F,2F,2D2D2B,,2B,,2B,2B,2]F,2 [D2B,2] F,2E2 [E0B,0G,0F0F,,0] |
[G,4B,4E4F4] [B,0D,0F,0] B,,4 [B,2D,2F,2]D,B,, | [B,0C0D,0F,0] D,,4 [B,2D,2C2F,2]D,,2 E,,0 [B,3G,3] [E,2F,2]>E,2 B, |CDE, [B,0F,0G,0C0F,,0] [G,2B,2F,2C2]F,,2F,2 | [D4B,,4B,4] F,4 [B,2D2F,2]B,,2 [D,,0C0B,0] F,4 |
[B,4C4] F,4 [E,,0B,0E0] [F,4G,4] [E2B,2G2]B,2 | [E0F0B,0F,,0] G,4 [^c0E0F0G,0B,0] f2 d[fd]F,[df] [E0B0]< c0 f0[dd]=cB6 |df ^f0 d ((3g2=f2d2) | [^c0f0]d=cA6[gd][fc] [Bd] |
cGF [C7E7B7] G7c d |ef^c0f0 d2=cBG [Bf] c[f2B2] [D2B,2F,2] |B,,2 [C,4C4E4C,,4G,4] [D4D,,4F4B,4D,4] | [D4G4E,,4E,4B,4] [D2G2B,2]E,2 [E,,0D0B,0G0]E, G2 |
[B,2D2][A2C2F2] [G0D0]< [B,0E,,0E,0] [D2G2B,2]E,2 [E,,0G0] [B,3D3] |E, [d0G0D0]c2 [F0C0A0D,0D,,0] [C2F2A2] |D,2 [C4F4A4] [C2F2A2][FC]GD, [A0C0F0] | [D,0D,,0] [A2C2] F2BD,c [C4E4G4B4] [C,,4C,4] [D4c4D,,4F4A4] |
D,4 [B0G0] [D4E,4E,,4] [B2D2G2]E,2 [B3G3D3] |D E,2[F2C2A2c2] [B4E,4E,,4G4D4] | [B2D2G2]E,2 [B3G3] D2>E,2 [B0G0] DcE,0B2 [A0C0F0D,0D,,0] | [C2F2A2]D,2 [A4F4C4] [GD] |
AGF2C2 [F,,8F,8] f8 f'8 | [B,0D,0F,0] B,,4 | [B,2D,2F,2]D,B,, [B,0C0D,0F,0] D,,4 [B,2D,2C2F,2]D,,2 E,,0 | [B,3G,3] [E,2F,2]>E,2 B,CDE, [B,0F,0G,0C0F,,0] |
[G,2B,2F,2C2]F,,2F,2 [D4B,,4B,4] F,4 [B,2D2F,2]B,,2 [D,,0C0B,0] | F,4 [B,4C4] F,4 [E,,0B,0E0] [F,4G,4] | [E2B,2G2]B,2 [E0F0B,0F,,0] G,4 [E2F2G,2B,2]F,2 [E0B0d0E,0] | G4 [E4d4B4] G4 [E2B2d2G2]>E2 |
E,4 [c0F0] [D4A4D,4] D2F2 | [D2c2F2]D2 F2cD, [E4B4C,4C4] G4 [B2C2E2] | G2C2 [B,0E0G0F,,0]< B,0 F,2G2[B,2E2] [F,0B,0D0B,,0] | [D2B,2F,2]B,,2 [C,4C4E4C,,4G,4] [D4D,,4F4B,4D,4] |
[G4D4B4E,4] [G4B4D4] |[D4G4B4]^c2f2d[ff=c] B2[A0c0F0]D,4 |[A4C4F4][F4A,4C4][GC]A,2<F2 |[B,5C,5G,5E5][G,5E5B,5] |
[E20F,,20G,20B,20] | B,,4 | [B,4D,4F,4C4] f2[F2B2]d2b2 |Bf0<b0 |","['Rap', 'Electronic', 'Ambient', 'Pop']",Ambient,2,Choose the most probable genre label of the provided score.
Ambient_New Age_George Winston_Joy.abc,"X:1
M:3/4
L:1/16
K:Ab
A,2E2 c0 A2E2 [A2d2]E2 | c2e2 C2G2 [c2e2]G2 | [f0d0]G2 e2f2 D2A2 | [d2f2]A2 [g0e0]A2 a2g2 | E2B2 [f0d0]B2 [c2e2]B2 |
d2c2 A,2E2 [c0A0]E2 | [B2d2]E2 c2e2 C2G2 | [c2e2]G2 [f2d2][c'2G2] d'2a'2 | D2A2 f0 d2A2 [g0e0]A2 |
a2g2 E2B2 [f0d0]B2 | [c2e2]B2 d2g2 E2B2 | [f0d0]B2 [e0c0]B2 d2g2 | E2B2 [d2f2]B2 [c2e2]B2 |
d2c2 A,2E2 c2E2 | c2e0E2 G,2E2 B2E2 | [d2B2][c0E0] F,2E2 A2[E2d2] | A2[E2e2] E,2E2 [A2d2]E2 |
[c2A2][d0E0] D,2A,2 [e0E0]A,2 | [E2f2][A,2e2] C,2A,2 [E2d2]A,2 | [c2E2][A,2d2] B,,2A,2 D2[e0A,0] | D2[e2A,2] [E,2c2e2][A,2c2e2] D2[d0A,0] |
D2[c2A,2] [c2A,2][E2c2] C2E2 | C2[e2E2] [e2G,2][E2e2] B,2[d0E0] | B,2[c2E2] [c2F,2][c0E0] A,2E2 | A,2[c2E2] [E,2a2][E2c2] A,2[e0E0] |
A,2[d2E2] [c0D,0]A,2 E2[A,2d2] | E2[e2A,2] [C,2e2]A,2 [E2e2][A,2d2] | E2[c2A,2] [B,,2c2]A,2 D2[A,2e2] | D2[e2A,2] [E,2c2]A,2 D2A,2 |
[c2D2][D2c2] A,2E2 [C2A2]E2 | [B2C2][E2c2] G,2E2 [B,2e2]E2 | [d2B,2][d0E0] F,2E2 [B,2f2]E2 | [B,2e2][E2e2] E,2E2 [A,2a2]E2 |
[g2A,2][E2a2] A,2E2 [C2e2]E2 | [C2c2][E2A2] F,2E2 [B0A,0]E2 | [c2A,2][d0E0] B,,2F,2 [D2e2]F,2 | [D2f2][F,2e2] C,2A,2 [d0E0]A,2 |
[c2E2][B0A,0] D,2A,2 [c0D0]A,2 | [A2D2][G0A,0] E,2B,2 [A0E0]B,2 | [B2E2][A0B,0] E,,2E,2 [E2G2]B,2 | [B2E2][B,2d2] E,2B,2 [c0E0]B,2 |
[B0G,0]B,2 [A,2c2]E2 [A0C0]E2 | [B2C2][E2c2] G,2E2 [B,2e2]E2 | [d2B,2][E2d2] F,2E2 [A,2f2]E2 | [e2A,2][A,2e2] E,2E2 [A,2a2]E2 |
[A,2g2][E2a2] A,2E2 [e0C0]E2 | [C2c2][E2A2] F,2E2 [A,2B2]E2 | [c2A,2][E2B2] B,,2F,2 [e0D0]F,2 | [d2D2][c0F,0] C,2A,2 [B0E0]A,2 |
[D,2A2]A,2 [E0E,0]B,2 [A0E0]B,2 | [G2E2][A0B,0] A,,2A,2 [c0E0]C2 | [e2E2][a0C0] A,2E2 [e0C0]E2 | [c2C2][A2E2] [A,2c2]E2 C2E2 |
C2E2 A,2E2 C2E2 | C2F2E2 [d2B,,2][F0F,0] D2F,2 | D2[G2F,2] [C,2e2][G0G,0] E2G,2 | E2[F2E,2] [c0F,,0]C,2 A,2C,2 |
A,2F2C,2 [B0B,,0]F,2 [D2c2]F,2 | [D2d2][F,2c2] E,2F,2 D2F,2 | D2[B0F,0] E,2F,2 D2F,2 | D2>D2 [c0A,0]E2 C2E2 |
C2[A2c2E2] [G,2c2e2]E2 B,2[E2B2d2] | B,2[A0E0c0] F,2E2 [c0A,0e0]E2 | [B2d2A,2][E2A2c2] E,2[c0e0E0] A,2[E2B2d2] | A,2[E2B2d2] [D,2B2d2]A,2 [e0E0]A,2 |
[f2E2][e0A,0] C,2A,2 [E2A2d2]A,2 | [A2E2c2][A,2A2d2] B,,2A,2 D2[A2A,2] | [c2D2e2][A,2c2e2] E,2[c0A,0e0] D2[B2A,2] | [d2D2][A2A,2] [c2A,2][B2E2] [C2A2]E2 |
[c2e2C2][c2e2E2] [B2d2G,2][E2c2e2] B,2E2 | B,2[e2c2]E2 [c2F,2e2][B2d2E2] [A2c2A,2][B2E2] | [A2A,2][B2E2] [c0E,0]E2 [B2A,2][E2A2] | [E2A,2][c2E2] [d0D,0]A,2 [e0E0]A,2 |
[f2E2][a0A,0] C,2A,2 [e0E0]A,2 | [E2d2]A,2 [B,,2c2][d0A,0] D2[A,2e2] | D2[A2A,2] [c2E,2e2][c0e0A,0] D2[A0c0A,0] | D2[c2A,2] [A,2c2]E2 [C2A2]E2 |
[B2C2][E2c2] G,2E2 [B,2e2]E2 | [d2B,2][E2d2] F,2E2 [A,2f2]E2 | [e2A,2][e0E0] C,2E2 [A,2a2]E2 | [A,2g2][E2a2] A,2E2 [C2e2]E2 |
[c2C2][E2A2] F,2E2 [A,2B2]E2 | [c2A,2][E2d2] B,,2F,2 [e0D0]F,2 | [f2D2][e0F,0] C,2A,2 [d0E0]A,2 | [E2c2][A,2B2] D,2A,2 [D2c2]A,2 |
[D2A2][G0A,0] E,2B,2 [A0E0]B,2 | [B2E2][A0B,0] E,,2E,2 [G0E0]B,2 | [B2E2][d0B,0] E,2B,2 [c0E0]B,2 | [B0G,0]B,2 [A,2c2]E2 [C2A2]E2 |
[B2C2][c0E0] G,2E2 [e0B,0]E2 | [d2B,2][E2d2] F,2E2 [A,2f2]E2 | [e2A,2][A,2e2] E,2E2 [A,2a2]E2 | [g2A,2][E2a2] A,2E2 [C2e2]E2 |
[C2c2][A0E0] F,2E2 [A,2B2]E2 | [A,2c2][E2B2] B,,2F,2 [D2e2]F,2 | [d2D2][F,2c2] C,2A,2 [E2B2]A,2 | [D,2A2]A,2 [E0E,0]B,2 [A0E0]B,2 |
[G2E2][A0B,0] A,2E2 C2E2 | C2c2E2 [G,2e2]E2 B,2[E2f2] | B,2[a2E2] [F,2g2]E2 A,2[E2f2] | A,2[c2E2] [E,2e2]E2 [B2A,2][E2c2] |
A,2[B2E2] [A0D,0]A,2 E2[A,2B2] | E2[A,2A2] [C,2c2]A,2 E2[B0d0A,0] | E2[A2c2A,2] [c0e0B,,0]A,2 D2[c0A,0] | D2[e2A,2] [d2f2E,2][e2g2A,2] [d2D2f2][c0A,0e0] |
D2[c2e2D2] [B0A,0d0]E2 [c2C2][d2E2] | [e2C2][E2a2] G,2[E2c2] [e0B,0]E2 | [B2d2B,2][A0E0c0] F,2[B2E2] [d2A,2][c2E2] | [A,2e2][c0a0E0] E,2E2 [c0e0A,0]E2 |
[B2d2A,2][A0c0E0] D,2A,2 [B0d0E0]A,2 | [c2E2e2][c0A,0a0] C,2A,2 [c2e2E2][B0d0A,0] | E2[A0A,0c0] B,,2[B0d0A,0] D2[A,2c2e2] | D2[d2A,2f2] [dfB,,][eg]A,2 [d2f2D2][A,2c2e2] |
D2[d2f2A,2] [d2f2E,2]<[e2g2]A,2 [d2f2D2][c0e0A,0] | D2[d2f2A,2] [d0f0E,0][eg]A,2 [d2D2f2][c0e0A,0] | D2[f2a2A,2] [e0g0B,,0]A,2 [D2c2e2][A,2d2f2] | D2[g2b2A,2] [B,,2f2a2]A,2 [d2f2D2][e0g0A,0] |
D2[c2e2A,2] [c2e2E,2]<[d2f2]A,2 [D2c2e2]A,2 | [D2d2f2][dfA,][eg] E,2[A,2d2f2] D2[c0A,0e0] | D2[d2A,2] [c2A,2][E2c2] C2[E2c2] | C2[c2E2] [c2G,2][E2c2] B,2[c0E0] |
B,2[c2E2] [e2F,2][E2d2] A,2[c0E0] | A,2[E2c2] [G,2c2][E2c2] B,2[E2B2] | [d2B,2][B2E2] [d2A,2][c0e0E0] C2E2 | C2E2 [A0A0c0c0] G,2E2 B,2B2E2 |
[d2B,2][E2B2] [c2F,2][A0E0] A,2[E2e2] | A,2[E2e2] G,2E2 B,2B2E2 | [d2B,2][d2E2] [A,2c2]E2 C2E2 | C2E2 G,2E2 B,2c0E2 |
B,2[c2E2] [c0F,0]E2 B,2E2 | B,2E2 G,2E2 B,2B2E2 | [B,2d2][d2E2] [c0A,0]E2 C2E2 | C2E2 G,2E2 B,2E2 |
B,2E2 F,2E2 A,2E2 | A,2E2 G,2E2 B,2B2E2 | [d2B,2][E2d2] [c44A,44E44] |","['Ambient', 'Latin', 'Rap', 'Blues']",Ambient,0,Choose the most probable genre label of the provided score.
Ambient_Sleep_Relax_Hoit mi ganz fest.abc,"X:1
M:3/4
L:1/16
K:Bm
[a4d'4]>f4d2 [f2d2] |[g2e2] [a12f12] | [a6f6][f64d64] |Ad4 f3[f3d3]f3d3 f54 |
d54 |[a2e2] A2A,2 A,,2 |[d'2a2] [D16F,16] [A,16D,,16] | [B,0D0]< G,0 G,,16 |
A,0< [C0E,0] | A,,16 | [A,0D,,0D0] F,8 | D,,2[F,2D2] [G,2E2]D,,2 [F16D16A,16] |
[D0B,0G,0] | G,,16 | [E,0G,0E,,0] B,16 | [C6E,6A,6] |
[C4E,4A,4]A,,2 [E,2A,2C2]A,,2 | [D,,0D0] [A,2F,2]>D,,2 [D2F,2] [A,2F2][D0A,0]<[F,0F0][D2F,2A,2] D,,2 |[D2F,2A,2] [D3G,3] [G,,2B,2]>G,,2 [D2B,2] G,2 B2[D0G,0B,0]B4 |G,,2 [B,2D2G,2]G,,2 [G,0B,0]< [D0G0] E,,4 |
[B,2D2][D4B,4G,4]E,,2 [G,2D2B,2]E,,2 [E3C3A,3] A,,3 |A,, [A,2C2E2]C2[E2A,2] A,,2[E0A0]F E2 |A,,2 [F0A0D,,0] D4 A,,0 F2[F0A0]<[d0D0F0] |D,2 [D2A2F2]D,,2 [G,3D3] B,3 G,,2>G,,2 [B,2D2] B2 |
[D0G,0B,0B0]G,,2 [B,2G,2D2]G,,2 [G,0B,0D0E,,0] | [B2d2]>E,,2 [D2B,2] G,2[G,2D2B,2] [G2B2]E,,2 [D2B,2G,2] |E,,2 [C0A,,0A,0E0A0]< E0 C2DA,, C0< [E0A,0E0][C0A,0E0]<[A0C0A,0E0] A,,4 | [A4A,4] [D2F,2]>D,,2 [D2F,2] A,2 |
a0<[D0F,0A,0f0] D,,2 [a2f2][D2A,2F,2] f0< D,,0 a2[e2F,2g2][D2A,2] [D0f0G,0B,0a0] | [C2G,,2]gbG,, [D2G,2] B,2[D0b0B,0][G,2g2] G,,2G,,2 [A0^A0]< e0 [B0G,0B,0D0] |[G,,0A0]< [A,0E0C0] A,,3A,,3 [C2E2A,2][A,2C2E2]A2 e2 |A,,2 [d0C0E0] [A2A,2]A,,2 [D0A,0F0]< D,,0 d2>D,,2 [F0A,0D0f0] |
[A,0D0F0]d2 D,,2[A0E0]F E2D2 [D,,2^e2] f2 |aD,, [A,2D2F2][A,2D2F2] a ^a0 b2[D,,2d'2] [D0f'0F0=A0] |g'2D,,2 a'0 [B2G2D2] G,,2e'0f'G,, d'2 [D2G2B2]b0[B2D2G2] d'2 |G,,2 ^e'0 [G2B2f'2] D2G,,0[f'2a'2] =E0< [B0G0E,,0] [f'2a'2][e'g']E,, [G2B2] [g'2e'2] |
[e'0g'0][G4D4B4]E,,2 a0< [^a0G0B,0] [D2b2]=a2E,,2 [A,2E2C2] A,,2 |[e0a0]fA,, [C2e2E2][E0C0]^D2 e2[B,0=D0]A2 [C0A,0B0] |d0A,,2 [A,16F,16] D,0 D,,16 | [B,0D,0G,0] G,,10 |
G,2 [D0^A,0] B,4 [C0=A,0]< [E,0A,,0] |[A,10E,10C10] | [F,6D6A,6]A,B, D2 | [A,2F,2][F,2A,2D2] [A,0D0]< [B,0F,0] F,0 [^D,10=D,10] |
[F2A,2] [F2A,2][A,2F2] | [A,2F2][G4B,4][D6G6B,6] [^A,0D0] | B,4 [E,6B,6G,6][B,6D6G,6] | [G,4B,4] [C,2E,2A,2][C2E,2] D2 |
F,2[G,2E2] [F0A0]< [G,0E0]FE0 [E,4C4] [F4A,4] | [D4D,4] D,2[Ad]B A2F2 D2 |D,2 [D0B,0] G,4>[G4D4] B,4 | [G,0D0]E4< [C4E4] A,6 |
[C6E6] [C4E4] | [D2F2A,2]F8F2d2 [E0e0] G2 |E0[f2A2] f8 A8 A2 |[a2e2] f2e2 [d4B4] G,4 G,2 |
[^A0d0]B2 G2G,2 F0 [B4G4] [G0E0] | [E,4D4B4G4] E,2[d4B4G4]E,2 [B4D4G4] | [A4C4E4A,4]>A,4 [=c0^c0e0] |[B2d2] [c4A4] [D,,0D0] [A,2F,2]>D,,2 [D2F,2] |
[A,2F2][D0A,0]<[F,0F0][D2F,2A,2] D,,2[D2F,2A,2] [D3G,3] [G,,3B,3] |G,, [D2B,2] G,2 B2[D0G,0B,0]B4G,,2 [B,2D2G,2] |G,,2 [G,0B,0]< [D0G0] E,,4 [B,2D2][D4B,4G,4] |E,,2 [G,2D2B,2]E,,2 [E3C3A,3] A,,2>A,,2 [A,2C2E2] |
C2[E2A,2] A,,2[E0A0]F E2A,,2 [F0A0D,,0] D4 | A,,0 F2[F0A0]<[d0D0F0]D,2 [D2A2F2] |D,,2 [G,3D3] B,3 G,,2>G,,2 [B,2D2] B2[D0G,0B,0B0] |G,,2 [B,2G,2D2]G,,2 [G,0B,0D0E,,0] [B2d2]>E,,2 [D2B,2] G,2 |
[G,2D2B,2] [G2B2]E,,2 [D2B,2G,2]E,,2 [C0A,,0A,0E0A0]< E0 | C2DA,, C0< [E0A,0E0][C0A,0E0]<[A0C0A,0E0] A,,4 [A4A,4] | [F0D0D,,0] A,,2[A2F2d2D2] | A2[D,2B2] d0 [D2A2F2]D,,2 [D3G,3^d3] [B,3e3] G,,2>G,,2 [=d2B,2] |
D2[D4G,4d4B,4]G,,0B2 e0 [D2B,2G,2f2] ^a2G,,2 e0 | [D2f2G,2B,2] E,,2ed0E,,0 e0 [B,2D2] G,2[G,4D4B,4]E,,2 [D2B,2G,2] |E,,2 [C2A,,2A,2E2]>A,,2 C2 [A,2E2][C0A,0E0]<[A0C0E0]A,2 | A,,4 [A4A,4] [F0D0D,,0]< ^e'0 f'0 |
A,,2a'0[A2F2d2D2] a'2D,2 [D0A0F0g'0]D,,2a'2 [e'0D0G,0] | B,3 G,,3 f'2>G,,2 [B,2D2][D4G,4d'4B,4]G,,2 [D2B,2G,2] |G,,2 [a'0f'0] [D3G,3B,3] E,,2>E,,2 [B,2D2] G,2[G,0D0B,0][g'4e'4] |E,,2 [D2B,2G,2]E,,2 [C2A,,2A,2E2][e'0a'0]f'A,, C2 |
[A,2E2] e'2[C0A,0E0]<[A0C0E0]A,2 A,,0 e'2a2 b0 [A2A,2]d'2 | [F0D0D,,0] A,,2[A2F2d2D2] g2[f2D,2] [e0D0] | [A2F2]D,,2d2 ^d0< [=D0G,0] B,0< [G,,0e0]G,, [B,2f2D2][d0D0G,0]B,4 |G,,2 A ^A [D0B,0G,0] B2=A2G,,2 B0 [D3G,3B,3] E,,2>E,,2 [B,2D2] |
G,2[G,4D4B,4]d0E,,2 [D0B,0G,0]< [e0d0]f0<e0E,,2 g3 | [C2A,,2A,2E2]>A,,2 C0< [A,0E0] f2[C0A,0E0]<[A0C0E0]A,2 [e2A,,2]d2 c0 | [A2A,2]d2 [F0D0D,,0] A,,2[A4F4d4D4] |D,2 [D2A2F2]D,,2 [D3G,3] B,3 G,,2>G,,2 [B,2D2] |
[D2G,2B,2] [a'2f'2]g'2e'2G,,2 [f'0d'0] [D2B,2G,2][c'0e'0]G,,2 [b0d'0] | [D3G,3B,3] E,,2>E,,2 [B,2D2] G,2[b0g0][G,4D4B,4]E,,2 [D0B,0G,0] [g2e2] |E,,2 [c'0a0C0] [A,,2A,2E2]>A,,2 C2 [A,2E2][C0A,0E0]<[A0C0E0]A, e0< f0 | A,,4 e0 [f4A4] A,4 [F,0D,,0]< d0 A, DA,,D,D |
FAd A2d4[f4a4] |","['Electronic', 'Folk', 'Country', 'Ambient']",Ambient,3,Choose the most probable genre label of the provided score.
Ambient_New Age_George Winston_Linus  Lucy.abc,"X:1
M:3/4
L:1/16
K:Ab
A,,,2E,,2 A,,2A,,,2 | E,,2A,,4A,,,4E,,2 | F,,2A,,,2 E,,2F,,4A,,,4 |E,,2 A,,2A,,,2 E,,2A,,4 |
A,,,4E,,2 F,,2A,,,2 | E,,2F,,4[A,,,4C4A4]B2[E,,2E2] | [A2A,,2c2]A,,,2 [c2A2E,,2][A,,2E2B2] [A,,,2C2A2]E,,2 A,,,0 | [B2E2]E,,2 F,,2[A,,,0A0C0] E,,2F,,4 |
[A4C4]A,,,4[B2E2E,,2] [A2c2] A,,2A,,,2 [A0c0] | E,,2A,,4A,,,4E,,2 | F,,2A,,,2 E,,2F,,4[C4A4]A,,,4 |[E2B2]E,,2 [A2c2] A,,2A,,,2 [c2A2E,,2][A,,2E2B2] [A,,,2C2A2] |
E,,2 [A,,,0B0] E2E,,2 F,,2[A,,,0A0]C2 E,,2 |F,,4[=B,,,0A0B,0]_G,,2 B,,2 |=B,,,2[_B2E2] [_G,,0E0B0]=B,,4B,,,4 |_G,,2 A,,2=B,,,2 G,,2A,,4 |
[A0C0A,,,0]E,,2 A,,2[E2B2A,,,2] [E,,0B0E0] |A,,4A,,,4E,,2 F,,2 |A,,,2 E,,2F,,4[A,,,4C4A4] |B2[E,,2E2] [A2A,,2c2]A,,,2 [c2A2E,,2][A,,2E2B2] |
[A,,,2C2A2]E,,2 A,,,0 [B2E2]E,,2 F,,2[A,,,0A0C0] E,,2 |F,,4[A4C4]A,,,4[B2E2E,,2] [A2c2] | A,,2A,,,2 [A0c0] E,,2A,,4A,,,4 |E,,2 F,,2A,,,2 E,,2F,,4 |
[C4A4]A,,,4[E2B2]E,,2 [A2c2] A,,2A,,,2 [c2A2E,,2] |[A,,2E2B2] [A,,,2C2A2]E,,2 [A,,,0B0] E2E,,2 F,,2 |[A,,,0A0]C2 E,,2F,,4[=B,,,0A0B,0] |_G,,2 =B,,2B,,,2[_B2E2] [G,,0E0B0]=B,,4 |
=B,,,4_G,,2 A,,2B,,,2 | _G,,2A,,4[A0C0A,,,0]E,,2 A,,2 |[E2B2A,,,2] [E,,0B0E0]A,,4A,,,4 |E,,2 F,,2A,,,2 E,,2F,,4 |
[D,2D,,2A,,2] [D,2D,,2d2d'2f2a2][D,2D,,2d2d'2a2]f2 [f2a2d'2D,2D,,2d2][B4E,4E,,4b4][e4g4] |[e2a2] =e f2[f2a2] [_e2a2]=ef2 [a2f2] |[e2a2] =e f2[f2a2] [a2_e2][D,2D,,2A,,2] | [D,2D,,2d2d'2f2a2][D,2D,,2d2d'2a2]f2 [f2a2d'2D,2D,,2d2][B4E,4E,,4b4][e4g4][e2a2] =e |
f2[f2a2] [e2a2]=ef2 [a2f2][_e2a2] =e | f2[f2a2] [a2e2][D,2D,,2A,,2] [D,2D,,2d2d'2f2a2][D,2D,,2d2d'2a2]f2 [f2a2d'2D,2D,,2d2] |[B4E,4E,,4b4][e4g4][e2a2] =e f2[f2a2] [_e2a2] |=ef2 [a2f2][_e2a2] =e f2[f2a2] [a2_e2] |
E,,2 [C0A,,,0A0]E,,2 A,,2A,,,2 | E,,2A,,4A,,,4E,,2 F,,2 |A,,,2 E,,2F,,4[A,,,4C4A4] |B2[E,,2E2] [A2A,,2c2]A,,,2 [c2A2E,,2][A,,2E2B2] |
[A,,,2C2A2]E,,2 A,,,0 [B2E2]E,,2 F,,2[A,,,0A0C0] E,,2 |F,,4[A4C4]A,,,4[B2E2E,,2] [A2c2] | A,,2A,,,2 [A0c0] E,,2A,,4A,,,4 |E,,2 F,,2A,,,2 E,,2F,,4 |
[C4A4]A,,,4[E2B2]E,,2 [A2c2] A,,2A,,,2 [c2A2E,,2] |[A,,2E2B2] [A,,,2C2A2]E,,2 [A,,,0B0] E2E,,2 F,,2 |[A,,,0A0]C2 E,,2F,,4[=B,,,4A4B,4] |_G,,2 =B,,2B,,,2[_B2E2] [G,,0E0B0]=B,,4 |
=B,,,4_G,,2 A,,2B,,,2 | _G,,2A,,4[A0C0A,,,0]E,,2 A,,2 |[E2B2A,,,2] [E,,0B0E0]A,,4A,,,4 |E,,2 F,,2A,,,2 E,,2F,,4 |
[=B,,,4A4B,4]_G,,2 B,,2B,,,2[_B2E2] [G,,0E0B0] |=B,,4B,,,4_G,,2 | A,,2=B,,,2 _G,,2A,,4[A0C0A,,,0] |E,,2 A,,2[E2B2A,,,2] [E,,0B0E0]A,,4 |
A,,,4E,,2 F,,2A,,,2 E,,2 |F,,4A,,,8 |[B,4e4b4g4][e2g2E2e'2] [e2E2g2e'2][B,2b2] [g4e4b4] | [e'4E4] [e6b6E6e'6] g4>[B,4e4b4]g2 [g2e2b2] |
[E2e'2][e'4b4g4E4e4][e4B,4b4]g4[e4e'4E4g4b4] |[e2e'2b2E2g2] [B,2b2e2g2][b2E2e'2][e2g2] [d4d'4D4a4] f4 | [d'4d4D4f4a4]>[d4A,4f4a4] [d2d'2a2f2D2][d4a4f4D4d'4] |[E4e'4][d'4a4F4f'4][e'2E2] |
[d'4a4D4] [c'2C2][G,2g2] [C2c'2][=e'2E2] | [G2g'2][=e'2E2] [C2c'2][F4f'4][F,2f2] | [A,2a2][D2d'2] f'2 F2[a2A,2] d'2 D2[f'4F4]< [B,4E4e'4g4G4g'4] |[A4a4B,4E4a'4e'4]< [a4e'4a'4A4] [E6B,6] |
[E4g4e'4B,4G4g'4]< [e'4g'4g4E4] [G4B,4]>[E4B,4f4f'4F4] | [f4f'4E4B,4F4] [E2g'2g2G2B,2e'2][e'4g4E4g'4][B,4G4][E2B,2G2e'2][g'2g2] [g4g'4e'4G4B,4E4] | [a'6a6e'6B,6A6] E4>[E4G4B,4e'4][g2g'2] | [e'6g6G6E6g'6] B,6[E14f'14f14b14F14B,14] |
[D2f2a2d'2][e'2E2] | [a4f'4F4d'4] [_G2g'2d'2b2][f'4a4d'4F4][e'4g4b4E4] |[d'4D4a4f4][F,2f2] [A,2a2][D2d'2] | [G,2c'2]=E,2e2 [G,2g2][C2c'2] [E2e'2][G,2g2] |
[C2c'2][=e'2E2] [D2d'2][f2F,2] [a2A,2][D2d'2] | [F2f'2][A,2a2] [d'2D2][F2f'2] [_G4g'4] | [=A2a'2][_g'2G2] [=d'4D4] c''2 c2[=B2b'2] | [B3b'3][_g'2G2][=g'3G3] [E6e'6] |
E,,2 [A,,,2C2A2]B2[E,,2E2] [A2A,,2c2]A,,,2 [c2A2E,,2] |[A,,2E2B2] [A,,,2C2A2]E,,2 A,,,0 [B2E2]E,,2 F,,2 |[A,,,0A0C0] E,,2F,,4[A4C4]A,,,4 |[B2E2E,,2] [A2c2] A,,2A,,,2 [A0c0] E,,2A,,4 |
A,,,4E,,2 F,,2A,,,2 | E,,2F,,4[C4A4]A,,,4[E2B2]E,,2 [A2c2] | A,,2A,,,2 [c2A2E,,2][A,,2E2B2] [A,,,2C2A2]E,,2 [A,,,0B0] | E2E,,2 F,,2[A,,,0A0]C2 E,,2F,,4 |
[=B,,,0A0B,0]_G,,2 B,,2B,,,2[_B2E2] [G,,0E0B0] |=B,,4B,,,4_G,,2 | A,,2=B,,,2 _G,,2A,,4[A0C0A,,,0] |E,,2 A,,2[E2B2A,,,2] [E,,0B0E0]A,,4 |
A,,,4E,,2 F,,2A,,,2 E,,2 |F,,4[=B,,,4A4B,4]_G,,2 B,,2 |=B,,,2[_B2E2] [_G,,0E0B0]=B,,4B,,,4 |_G,,2 A,,2=B,,,2 G,,2A,,4 |
[A0C0A,,,0]E,,2 A,,2[E2B2A,,,2] [E,,0B0E0] |A,,4A,,,4E,,2 F,,2 |A,,,2 E,,2F,,4A,,,10 | b4 |
b3c'3[B,3G,3][F3C3]_g=g2e4 | e3[B,10F10C10]G,9 | f2_g2=g2e2[F2B,2]C2c2e3 |f3 =B3_B8[E8=B,8]F,8 |
[E5=B,5]F,5 _b3=a2 |a2B2=B2g =D3 [_B,2=E,2]>_e2 =e |f_g=g2c4 =B3_B4 |G2[F,E=B,] ((3A2_B2=B2) ((3e2d'2b2) |
((3b2f2_g2) =g4 c'3=b2 |b2e2=d2[_d8F8][C8G,8] |G B2>G2 c3d3 |_G=G2 E8 |
f3_g0[F2B,2] C2 =G,2g2 e2B3 |e3 GB2e2d0[=B,2E2]F,2c2 |=B2_b2ga b=be'g' | b'2g'e' =b2< a'2g'2f'2e'2 |
b2_g2=g0=E,3[B,2=D2]c2[_e2g2]=e [f2=a2] |g2e=e2c2[_E4=B,4]F,4A |d2f4d'2e'2f'2 |_g'4=d'2g'0[=E2=A,2_D2]G,2e'3 |
=e'2> _g'2=g'3 b'3[B,3F3_e'3][G,3C3] |_g'=g'5 [A,,,2C2A2]B2[E,,2E2] | [A2A,,2c2]A,,,2 [c2A2E,,2][A,,2E2B2] [A,,,2C2A2]E,,2 A,,,0 | [B2E2]E,,2 F,,2[A,,,0A0C0] E,,2F,,4 |
[A4C4]A,,,4[B2E2E,,2] [A2c2] A,,2A,,,2 [A0c0] | E,,2A,,4A,,,4E,,2 | F,,2A,,,2 E,,2F,,4[C4A4]A,,,4 |[E2B2]E,,2 [A2c2] A,,2A,,,2 [c2A2E,,2][A,,2E2B2] [A,,,2C2A2] |
E,,2 [A,,,0B0] E2E,,2 F,,2[A,,,0A0]C2 E,,2 |F,,4[=B,,,0A0B,0]_G,,2 B,,2 |=B,,,2[_B2E2] [_G,,0E0B0]=B,,4B,,,4 |_G,,2 A,,2=B,,,2 G,,2A,,4 |
[A0C0A,,,0]E,,2 A,,2[E2B2A,,,2] [E,,0B0E0] |A,,4A,,,4E,,2 F,,2 |A,,,2 E,,2F,,4[=B,,,4A4B,4] |_G,,2 =B,,2B,,,2[_B2E2] [G,,0E0B0]=B,,4 |
=B,,,4_G,,2 A,,2B,,,2 | _G,,2A,,4[A0C0A,,,0]E,,2 A,,2 |[E2B2A,,,2] [E,,0B0E0]A,,4A,,,4 |E,,2 F,,2A,,,2 E,,2F,,4 |
A,,,4E,,2 A,,2A,,,2 | E,,2A,,4A,,,4E,,2 | F,,2A,,,2 E,,2F,,4A,,,4 |E,,2 A,,2A,,,2 E,,2A,,4 |
A,,,4E,,2 F,,2A,,,2 | E,,2F,,4A,,,4[C,2A,2] | [E,2B,2][A,2C2] [B,2E2][C2A2] [E2B2][A2c2] [B2e2] |[c2a2] [e2b2][a2c'2] [a4c'4] [e2b2] |
[c2a2] [A,,,0e0b0]E,,2 A,,2[a0A,,,0c0] E,,2 |A,,4A,,,4E,,2 F,,2 |A,,,2 E,,2F,,4[A,,,0e0b0] |E,,2 A,,2[a0A,,,0c0] E,,2A,,4 |
A,,,4E,,2 F,,2A,,,2 E,,2 |F,,4[A,,,0e0b0]E,,2 A,,2 |[a0A,,,0c0] E,,2A,,4A,,,4 |E,,2 F,,2A,,,2 E,,2F,,4 |
A,,,18 |","['Pop', 'Ambient', 'Rock', 'Blues']",Ambient,1,Choose the most probable genre label of the provided score.
Blues_Harmonica Blues_Charlie McCoy_I Saw The Light.abc,"X:1
M:3/4
L:1/16
K:Dm
[C4F4A4] |[C4A4F4][C4F4A4][C4A4F4] |[E4C4B4][E4C4B4][E4C4B4] |[E4C4B4][E4C4B4][E4C4B4] |[E4C4B4][C4E4B4][F4C4A4] |
[C4F4A4][F4A4C4][F4C4A4] |[F4C4A4][F4C4A4][C4F4A4] |[C4F4A4][E4C4B4][E4C4B4] |[E4C4B4][E4C4B4][E4C4B4] |
[E4C4B4][E4C4B4][E4C4B4] |[C4F4A4][C4F4A4][F4C4A4] |[C4F4A4][C4F4A4][C4F4A4] |[C4F4A4][C4F4A4][E4C4B4] |
[E4C4B4][E4C4B4][E4C4B4] |[C4E4B4][C4E4B4][E4C4B4] |[C4E4B4][F4C4A4][C4F4A4] |[C4F4A4][F2C2A2] [B,,16D16F16B16] |
[C,16C16E16B16] | [A12C12F12] | [E6C6B6][F4C4A4] |[F4C4A4][C4F4A4][C4F4A4] |
[F4C4A4][F4C4A4][C4F4A4] |[C4F4A4][E4C4B4][E4C4B4] |[B4E4C4][C4E4B4][C4E4B4] |[C4E4B4][E4C4B4][E4C4B4] |
[C4E4B4][E4C4B4][C4E4B4] |[C4E4B4][C4E4B4][E4C4B4] |[E4C4B4][E4B4C4][C4F4A4] |[C4F4A4][C4F4A4][F4C4A4] |
[C4F4A4][A4C4F4][C4F4A4] |[A4F4C4][C4F4A4][C4A4F4] |[C4F4A4][C4A4F4][F4C4A4] |[F4C4A4][F4C4A4][C4F4A4] |
[E4C4B4][E4C4B4][E4C4B4] |[E4C4B4][E4C4B4][C4E4B4] |[E4C4B4][E4C4B4][E4C4B4] |[E4C4B4][E4C4B4][E4C4B4] |
[E4C4B4][E4C4B4][C4E4B4] |[E4B4C4][F4C4A4][C4F4A4] |[C4F4A4][C2F2A2] [C4F4A4] | [C4A4F4] [_E4C4A4] [C6E6A6] |
[F4D4B4][D4F4B4][D4B4F4] |[B4F4D4][C4F4A4][C4F4A4] |[C4F4A4][C4F4A4][B4F4D4] |[F4D4B4][D4F4B4][D2B2F2] |
[C4A4F4] [A4F4C4] [C4E4B4] | [E6C6B6][C4F4A4][F4C4A4] |[C4F4A4][C4F4A4][C4F4A4] |[C4F4A4][C4F4A4][C4F4A4] |
[E4B4C4][E4C4B4][E4C4B4] |[E4C4B4][E4C4B4][E4C4B4] |[E4C4B4][E4C4B4][E4C4B4] |[E4C4B4][E4C4B4][E4C4B4] |
[E4C4B4][E4B4C4][E4C4B4] |[E4B4C4][C4F4A4][F4C4A4] |[F4C4A4][F2C2A2] [C4_E4A4] | [_E4A4C4] [C4E4A4] [C6E6A6] |
[B4F4D4][F4D4B4][D4F4B4] |[F4D4B4][D4F4B4][D4B4F4] |[^G4D4B4][G4D4B4][=G4_E4B4] |[G4B4_E4][G4E4B4][G4E4B4] |
[G4_E4B4][E4B4G4][G4E4B4] |[G4_E4B4][c4A4E4][A4E4c4] |[_E4A4c4][A4E4c4][E4A4c4] |[_E4A4c4][E4c4A4][E4A4c4] |
[D4F4B4][F4D4B4][F4D4B4] |[D2F2B2] [F4D4B4] [_E4A4c4] | [c4_E4A4] [A6E6c6][F4D4B4] |[D4F4B4][D4F4B4][D4F4B4] |
[D4B4F4][D4B4F4][^G4B4D4] |[B4^G4D4][=G4_E4B4][G4B4E4] |[G4_E4B4][B2E2G2] [G4B4E4] | [_E4G4B4] [E4G4B4] [E6G6B6] |
[F4D4B4][D4F4B4][D4F4B4] |[D2F2B2] [A4_E4c4] [c4E4A4] | [c4_E4A4] [E6A6c6][F4D4B4] |[F4D4B4][D4F4B4][F2D2B2] |
[D4F4B4] [G4_E4B4] [G4E4B4] | [_E6G6B6][D4F4B4][D4F4B4] |[D4F4B4][D2F2B2] [_E4A4c4] | [c8_E8A8] [c8A8E8] |
[c8A8_E8] | [A6_E6c6][D4F4B4][F4D4B4] |[F4D4B4][D2F2B2] [F4D4B4] | [F4D4B4] [DFB] |","['Ambient', 'Blues', 'Rock', 'Folk']",Blues,1,Choose the most probable genre label of the provided score.
Blues_Ragtime_Scott Joplin_Ragtime Dance.abc,"X:1
M:3/4
L:1/16
K:Eb
[B,,0d0d0b0b0B0][e2e2c2c'2c'2] [F,0B,0D0d0f0f0] [d'4d'4] F,,2[e2e2c2c'2c'2] | [F,2B,2d2d2D2] [b2b2B2][e2e2c2c'2c'2] [f4f4B,,4d4d'4d'4] [F,2D2B,2d2d2F2] [f2f2][d2f2f2F2] | F,,2f2 [B,2F,2b2b2D2]c'2 [B,,2d'2d'2d'2d2]f2 | [B,2F,2D2b2b2][d'2d2] =B,,2f2 [F,2D2] [A,2d2d'2d'2d'2][e'2e'2e'2e2] | C,2=a2 [A,2F,2f'2f'2f'2E2] f2a2 [F,,2c'2c'2][e2e'2e'2] |
[=A,2F,2E2][f2f2] [F,,2a2a2c'2c'2c2][d'2d'2d2b2b2] [A,0F,0E0c'0c'0e'0e'0] e4 | =A,,2[d2b2b2d'2d'2] [A,2F,2a2a2c'2c'2E2] c2[d'2d'2d2b2b2] [c'4c'4F,,4e'4e'4e4] | [=A,2F,2e2e2f2f2E2] F2[f2e2e2F2] A,,2f2 [F,2C2a2E2]c'2 | [C,2e'2e'2e'2e2]=a2 [A,2E2c'2c'2F2][=e'2e'2e'2e2] _D,2b2 |
[B,2_D2=e'2G2e2][f'2f'2f'2f'2f2] =D,2b2 [D2B,2F2g'2g'2g2]d'2 | [B,,2f'2f'2f'2f'2][d'2d'2] [B,2F,2b2b2D2]f2 [B,,2d2d2b2b2B2][c'2c'2c2e2e2] | [B,0F,0] [d'2d'2D2d2f2f2][d'2f2f2d2] [F,,2d'2d'2d2f2f2][c'2c'2e2e2c2] [D0B,0d0d0F,0] [B2b2b2][e2e2c'2c2] | [B,,4d4f4f4d'4d'4] [D2F,2] [d2d2B,2F2f2f2][f2d2d2F2] F,,2B2 |
[F,2B,2D2d2d2]f2 B,,2 [a2a2a2A2][d2d2] [D2f2B,2][A2a2a2a2] | F,2B2 [B,2A2D2a2a2a2][g2G2] E,2e2 | [E2B,2^f2f2f2F2][f2f2B2B2F2] [e2E,2][G2g2g2] [B,2E2]g2 | [=E,2g2][g0=a0] [G,2B,2a2b2_D2]a2 [E,2b2]a2 |
[G,2B,2_D2b2]g2 [f4F,4] [B,0=D0d'0f0] | G,,2g2 [G,2=B,2b2F2]d'2 [C,0_b0b0c'0c'0=e0][e2b2b2c'2c'2] | [C2B,2=E2][d'2d'2] [F,,2_e2c'2c'2]f2 [F2=A,2e2c'2c'2c'2]f2 | [F0B,0b0b0b0] d4 F,4 [B,,8b'8d'8d'8b8] |
[G4B4E,4] [B,0G,0e0E0G0] | A,,2[c2e2] [B2C2d2A,2E2][c2A2] [c2G2E,2]B2 | [G,2=A2B,2E2]B2 [B,2G,2][E2E2] F2^F2 | [G4C,4] [C0G,0G0] [E4c4] F,2c2 |
[A,2B2F2C2]A2 [C,2A2]G2 [E2C2^F2G,2]G2 | [C2G,2E2]G2 A2B2 [A0c0F,0][A2d2] | [D2A,2B,2][c2A2] B,,2F2 [A,2G2D2B,2]A2 | [G0B0E,0][G2c2] [B,2G,2E2][G2B2] [G,2G,,2]B2 |
[^F,0c0F,,0]_d2 [=F,2=d2F,,2]F2 [D2F,2B,2]^F2 | [_D,,0=E0G0C,0C,,0] [F,,4_E4=A4F,4] [B,,0=D0B0] | [A,4A,,4] [G,4G,,4] [F,4F,,4] | [G4E,4B4E,,4] [B,0G,0E0e0G0] A,,2[c2e2] |
[B0C0d0A,0E0][c2A2] [G2E,2c2]B2 [G,2=A2E2B,2]B2 | [G,2B,2][E2E2] F2^F2 [G4C,4] | [C0G,0G0E0c0] F,2c2 [C2F2B2A,2]A2 | [A2C,2]G2 [G,2C2^F2E2]G2 [C2G,2E2]G2 |
A2B2 [A,,0c0A,0] [C4E4] | [E4C4A,4F4A,,4] [=A,4C4E4A,,4^F4] [E4B,4] [B,,4G4] | [=E8C8C,8B8C,,8] [F4A4C4F,,4] | [G0B,,0] [B,4E4] [B,0B,,0F0] |
[B,4A,4D4] [B,4E,4G,4E4E,,4] [B2B,2][B,2b2] | [B,2b2][B,2b2] [B,4b4] [a0d'0d0F,0] | [D4a4f'4B,4f4A,4] [B,,0c'0a0c0] [D2B,2A,2][=b2B2] | [F,2a2c2c'2][d2D2] [D2f2B,2F2A,2][a2A2] [B,,2b2B2][c'2c2] |
[D2B,2A,2][b2B2] [g4G4c'4E,4c4] [e'4G,4g4E4G4B,4] | [B,,0g0B0b0G0] [B,2G,2E2][=A2a2] [G2E,2g2B2b2][B2B,2] | [e2B,2G,2E2E2][f2F2] [B,,2G2g2][b2B2] [E2G,2G2B,2g2][e2E2] | [F,2d2D2][e2E2] [F2A,2D2f2B,2][G2g2] [B,,2a2A2][b2a2B2] |
[A,2d'2D2d2B,2][c2a2A2c'2] F,2[B2B,2] [B,2C2c2A,2][D2d2] | B,,2[A2a2] [g2B,2G2D2A,2][f2F2] [E,2E2e2][=e2E2] | [G,2f2F2B,2E2][^f2F2] [B,,2g2G2][b2B2] [G,2c2c'2B,2E2][g0b0B0] | E,2B2 [B,2e2G,2E2E2][g2G2] [B,2=E,2G,2_D2][g2G2] |
[b4B4] [a4d4F,4A4d'4] [B,4a4A4f'4A,4] D4 | [B,,0a0c'0c0A0] [B,2A,2D2][=b2B2] [A2F,2c2c'2][d2D2] | [D2A,2F2f2B,2][a2A2] [b2B,,2B2][c'2c2] [D2A,2B,2][b2B2] | [g4G4E,4c4c'4] [g0G0G,0e'0B,0] E4 [g0B,,0B0b0G0] |
[B,2E2G,2][=a2A2] [g2b2E,2G2B2][B2B,2] [B,2G,2e2E2E2][g2G2] | [b4B4G,4] [_D4b4B4E4] [A,0c'0C0E0c0] | [e4c4] [e4A,,4c4f4A,4] [^f4e4c4=A,,4A,4] | [g4e4B4B,,4B,4] [=e0c0C,,0B0C,0] [b8b8] |
[f4a4a4F,,4A4c4] [B,0B,,0g0g0G0] [g4e4B4] | [B,,0B,0F0f0f0] [B4A4d4] [B8E,8G8E8E8e8] | [gbE,E,,e'e'e] |","['Jazz', 'Blues', 'Pop', 'Classical']",Blues,1,Choose the most probable genre label of the provided score.
Blues_Ragtime_Joshua Rifkin_Country Club - Ragtime Two-Step  (LP Version).abc,"X:1
M:3/4
L:1/16
K:Am
^F,0[F0G0]G,6 |[^F,0G0]F0 G,6[c3C3] |[A3A,3] G3 G,2>[^D,2D2] [E2E,2][F,3F3] |[EE,]F,2F2 [E3E,3][^D3D,3]=D7D,6 | [B4G4d4g4] [G,4G,,4] ^d2[^f0G,,0e0]<[g0c0C,,0]C,3 |
E3[C3G,3][^f0e0][g0c0E,,0]E,3 [E3G,3C3][c'3c3A,3]A,,3 |[F,3F,,3a3A3] [g0G0c0e0][E,,3E,3][C2C,2][_B,,B,][f0A,0A,,0] e' |[FA,]Cd' [^G,,2G,2] c'd[Fe][G,C] f[=G,,0e0c0]E,a | [E2a2] [G,C][a0f0]B[G,,G,]g[Bd][FB,]G,g2[g0c0e0C,,0] [E3C3G,3] |
[^f0e0g0][c0E,,0]E,3[E3G,3C3][c'3=f3c3A,3]A,,3[F,3a3A3]F,,3 |[G0c0g0e0][E,,2E,2]>[C,2a2A2]C,,[_bB]^g [=b0B,,,0^d0^f0B0] B,,3[A,3A,,3]B,,3 |[b0^f0B0^d0G,0]G,,3^G,,2 [F,2F,,2]B,,[E,,0=g0b0E,0B0]e e2<[E2G,2g2B2e2]B,3 |[g0D,0B0d0]fB,, G,,2G,,^f0<[e0g0][c0C,,0][E3C3G,3] [f0e0] |
[g0c0] E,,3 E,3[E3G,3]C3[c'3c3A,3f3a3]A,,2> [a2A2F,2]F,,B,,[G0g0c0e0][E,,3E,3] |[C3C,3][^g0G0][d0e0B,,0]B,3 [DE] G,[aAe]d[d3b3][E,,3B3] |[^g0D0d0G,0G0][e3E3] [c0A0a0]< [e0A,,0] E,2E3[A,3C3][C3C,3] |[G2g2_B,2][c2B,,2]eE, [A,,f] A,e'[F2C2]A, d'[^G,,2G,2]((3c'2d2G,2) |
[CFe]f2[e0G,,0c0][E3G,3]C3 [a3A3F3]F,3[E3g3G3]E,3 |c3[^F3A,,3]A,3 [=F3d3B3G,,3]G,3 |[E0c0]G,3C,2>e2c2<[F2G,2d2B2] G,,3[B2g2][G2d2F2]F,2G,,2 | G,,^f0[g0C,,0C,0e0][c2G2]G [E2C2G2c2] G,ef0[c0E,,0e0]g2G[EC]G,ce |
[A,3c'3f3c3A,,3][a0A0F,0c0F,,0f0]B,,[g0E,,0c0G0]<[e0E,0][C,C][_B,B,,] [f0A,,0A,0] |[e'c']FA,((3C2d'2^G,,2)[G,c']d [Fe] [CG,]f[=G,,ecE,] a |[E2a2][CG,]a[fB] [G,,F,]g[FG,Bd]B, g^f0[e0C,,0g0][C,3c3] | E3 [G,3C3][^f0e0][g0E,,0][c0E,0][EG,]((3C2c2A,2)[c'=f]((3A,,2c2F,2)[F,,a]c |
[AB,,][cgE,Ge]E,,G G,,[AC,ae]C,,[_bB]^D,,[=b0d0^f0B0B,,0B,,,0]A,,A, |[b^d^fG,,B]G,[f0d0b0B0]F,,F,[b0e0B,,0]E,,B[E3g3e3B3G,3]B,3[=D,0G0] [=fgd] |((3B,,2G,,6^f0)[e0g0][C,,0c0] [E3G,3C3][f0e0]<[g0E,,0]c0E,3 |[E3G,3C3] [A,3c'3c3a3f3A,,3][c2A2a2F,2F,,2]f B,,[c0g0G0e0][E,,3E,3] |
[G3G,3C3E3][^g0G0e0d0]B,,3[DG,E] [A2a2]<[b2B2d2][E,,3e3]f2[D0G,0g0][E3G3d3] e3 |[a0A0c0][A,,3e3]E,3[E3A,3]C3 [C3C,3][c2_B,2G2g2B,,2]e | E,[f0A,0]A,,e' F2 [CA,]d'[^G,,G,]((3c'2d2F2)[CG,e]f | [G,,0e0c0E,0][G,3E3]C3[F3a3A3]F,3 [E3g3G3E,3]c3[^F3A,,3] |
A,3[B3F3d3G,,3] G,3[E3c3][C,3G,3] |[ge]c' [f3d'3][e'0c'0g0]f'0[D,3d'3] | F [B,G,][e'0c'0]<G,,0d'bb0gF2[G,B,][c'0a0] [D,3b3g3]F0[af][B,G,] |fdG,,[e^c]f0[F0B,0G,0d0][^f=C,][^dG,][ge][G,E]C[fd] |
[C,g]e[d2f2]<[E2G,2e2c2]C2[^d0A0c0^F,0]((3G,2A,2F,2)[e3c3G3]G,3 |E,2>[e2D,2^c2][fd][FG,] B,ec[G,,0f0]de d | [d3B3][G,3B,3]F3[^c0E0_B0]((3G,,2^D,2E,2)G,[=B3=d3]F3G,,3 f3 d3 |[^f^d]C, [ge][G,E]C[f2d2]< g2 [e3G,3C3E3][a0=f0][F2A,2C2] |
g3[G,3C3e3E3] c'3 e3[d'3f3]e'0c'3g3 f'3 [d'2G,,2] |F[G,B,] [e'c'][B,,d']bbg F [G,B,][c'0a0][D,3b3g3] |[F0a0f0][G,B,]fd G,,[e^c][f0G,0F0B,0]d2[^f^d]=C,[eg]G, [CE] |c'[c'0E,0][e3g3][^g3c'3_B,3][C0E0e0] [c'3a3] [f3F,3]F3[C3A,3] |
[C3F3A,3] A3 A,3[f0A0]D4[Ee] d3 | F3[A3A,3][f4A4]D4[eE]d0F3 |[A,A][^GG,] =G0 G,^G[FA]B, _B=B=G,,d [FA] [G,B,] |B[c3C3E3]g0ec'2<[f2d'2g2][g0e'0c'0] |
[d'0f'0f0]D,2 [FG,] B,[e'ec'][G,,d'][bd_B,,][=Bbg][FG,]B,[c'2c2a2]<[b2D,2g2B2] |[F2G,2a2][B,2f2]A f [dF]G,,2[E^ce][G,2B,2][fFd]G,,[=C,,^Ff^d]C, [geG] |[EC]G,[^fF]^dG,,[gGe]E,[=fF]=dG,3[C3e3c3E3] [^d0^F,,0F,0D0]c[G,G,,]A,A,, | [^F,F,,][c0E0e0G,0]G,,2 [E,E,,]EA,,[D,D,,E^ce] [=fFd][G,DB,][Eec] |
[G,,f] de[d2D2G,2B,2B2] D,[G,,0^c0E0_B0]^D, E,G,[=d3F3=B3G,,3] |[f2F2d2]G, [^Ff^d] C,[Gge][G,EC] [Ff] d2<e2[G3g3G,3C3E3][a3=F3f3A3][C3A,3] |[G3e3g3G,3E3]C3[c'0e0]g2c'2<[d'2f2b2][g0e'0c'0] |[d'0f'0b0][D,0f0g0][FB,] [e'c']eG,,2d'[bd][bg]B F B, G,[c'2a2c2]<b2[D,2g2]B2 |
[Fa][B,fA]G,[fdF] G,,[Ee^c][f3D3G,3F3d3]B,3[=C,^fG,F]^d[geG] [G,E] C |c'cc'0[e3E,3c3g3][c'3_B,3^g3]e2[C2E2c2] c'3 [F,3a3] [f3c3]F3C2 |F3[C3A,3] [A3A,3][f0A0D0]eE2< d2 F2 |[A3A,3][d4A4F4][eE][A3f3d3]D3 |
[B3f3d3][^G,3G,,3] [^f0d0c0A,0] A,,((3=f2^f6f0)[c0d0G,0]G,,((3=f2^f4D,2) |[g0d0B0]G,3G,,3[F,3F,,3][E,3E,,3] [D,2B2g2d2D,,2f2] |G,,^f0<[C,,0e0C,0g0]c3[G,3E3] [f0e0g0E,,0] c3[E2G,2C2] | c[c'A,A,,]fac [F,,0F,0]< [c0a0] f[AB,,][g0c0E,0e0E,,0] [Gc][C,C][ceG][_B,B,,] |
[A,A,,]f[Fc'e']CA, d'[^G,,G,]((3c'2d2F4) [G,D] [Ce]f[=G,,2E,2][ce] [cae] |[Eca][eCG,]A,[aBf]A [G,,2F,2]g[FG,][B,Bd] g^f0[C,,0e0g0c0]C,3 [E3G,3C3] |[e0c0g0]<G0[E,,3^d3E,3][EG,C]^f2 [=f3c'3A,3c3] A,,3[c0F,0a0A0][F,,f]g _B,, |[c0E,0G0g0E,,0e0]D,GG,, [C,ceaC,,A] D,,[F,,_bB][=b0B0^d0^f0B,,,0B,,0]A,,B,,A,[f0b0d0B0A0] G,, _B,, |
G,[^F,,Bf^dA]F,[gB,,Beb][E,,E,]=F,,e[E2g2e2G,2B,2B2]=D,[G0g0d0f0]D,((3D,2B,,2G,,2) |[e0^f0][g0c0]C,,2[E3C3]G,3[f0e0g0][E,,2c2E,2][E2G,2]C |c[c'A,A,,fa]c[F,0F,,0a0c0]f[AB,,][E,,0E,0g0c0]((3e2G2C,2)[Cc]e[GF,] | [^G0g0B,0B,,0e0d0]^C[EDG,] [A2a2]<[b2d2e2]B3[E,,2E,2] [g3G3D3d3] [G,3E3]e3[a0=c0A0][E,3e3]A,,3 |
[C3A,3E3][C3C,3] [_B,,2g2B,2G2] [c2e2]E,[A,,0A,0]f2 | e'[A,2F2]((3C2d'2^G,,2) [c'G,]d[FG,e]C f[c0e0]=G,,3 [G,3E3] C3 |[a3A3]F3F,3[E3g3G3]E,3 c3 [^F3A,,3]A,3 |[d3B3F3]G,,2 G,3c0[G,3E3C,3]G,,3 |
C,,3 C3F0F, E[CF]((3A,2G2C,2) | ((3A2d2C2)A, A[A0c0]F,B^G [A,3c3] [A3C3][f3A3]D,3 |D3A,2[_B3G3]^C,2B,C[A^F][B=C,]G[cA] |[_B,C][BG][G0B0F,0] [AF][A,C]F [D0^G,0F,0][C3A,3] |
F0F,E [A,F] CG[C,A] d[A,C]A [A0c0] F, |[B^G][C3c3A,3A3][c3F3f3A,3A,,3] [dG,,G,]^d=D,[=G,,e][Gc] [ecGg] |[E3C3G,3] [GB] [G,,d][Bg][Gd][G,3F3]B,3[g0^c0_B0]=C,3 [F3^C3B,3] |[_B3c3][E3B,3C3]AG F F,E[F0C0] G |
[C,0A0]Cd [CA,]A[c0A0]F,[^GB][c3A3C3A,3][f3A3] D,3 |D3A,3[A0F0]C,3 F,3[A0F0]E,2 |^D,3 _B0< [F0=D,0]F,2 B,D6 |[^GBd'] c'[bBd]a [f5g5] [B5d5] |
^G0[d'0B0]c' b0 da[g3f3][G3B,3]F3 [A5F5] C5 |[C,_B][DE][E2A2C2]< [B,2C,2] [G3E3][A,0F0F,0] |C,3 D,3 E,2[c0c'0]F,, [C,0f0] | c'0[A,2f2]e[FfCA,]g[C,,a]d [d'd]F2[A,C]aF,,[C,a] [A,c'] |
[b^g]F3[a3C3c'3A,3][f'3a3d'3f3]D,,3D,2 [F3A,3] D3[_b0=g0B0^C,,0]C,2 | ^C[C_B,]FG,[A^fa]F,, [=C,,bC,B][c'a][ECB,] b gb[=F,,gC,][ac][CA,F] |fB,[^G0d0D0][G,F,]B,0d2[C2A,2][A2c2]F,2F,,C,2[AfFc] A,[eE][Cf][A,F][=gG] |[C,,2a2][fAC,][d'd][FA,C]aF,,C,2[ac'cA,f]b [F3c'3D3c3a3] [C3A,3f3][f'3c'3A,3A,,3]f3 |
[^G,G,,d'd][^d'd]=D, [=G,,2G,2] [ee'c'][g'2g2]<[E2G,2C2][d'2d2][G,,2g2b2][g'g] | [F2G,2] B,2g_b0C,0g'3[F0^C0G,0]B,3E4=C3 |AG F0G[FF,]E [FC]G[A0C,0][CF] | [dF][A,C]F [AcF,,F,][B^G][c3A3][C3A,3]F,3[f0D,,0F0][A0D,0d0] |
[D3F,3A,3][A0F0][C,,3C,3]F,3F,,3[A0A,0F0][E,3E,,3] [^D,D,,] |_B,,[B0B,0F0][D,,2D,2]>[F,2F,,2][B,,B,]^D, [=D,6D6] |[^G0d'0]Bc' d ba[g5f5]d5 | [^G0B0] [d''d'][c''c']d0[b'b] a' a2<[f2g'2g2] [F3G3B,3][F5A5C5] |
[C,_BbdB,]eaA2<[B,2g2E2]G3f0<[C0F,0F0A,0c0] |C,3 [F,2F,,2]>c2 d[e0c0][G,3G,,3] | [CE_B,][fd]C,,0[^d^f] [g2e2]<[E2C2B,2] [e'0c'0G,,0e0] E,2E[CB,G,] | [f'f][C,,^ff']g'[e'g] [CE_B,]=b0[c'c]A,=Fa2fa2 |
fcA F[G,0A,0]((3C2F2A2)[CF,c] ^c |[d^F,^D]CdC [e0c0G,0E0C0] _B,2[G2E2C2]B, [=d=f][C,,^f^d][g0e0][E3C3B,3] G,3 |[e0c0G,,0]E,2[E2C2][_B,G,][fd] [C,,^d^f]ge[EB,c']((3C2=b2=F2) |[A,c'C]((3a2f2a2)((3f2c2A2)((3F2A,2C2) |
((3F2A2C2)[F,A,]FA c[^c0G0A0][E,,3E,3] |[^C2E2]G,d[e0A,,,0c0] [GA][GAc][E2C2G,2]A,2 A,[FdD,]cFD[F,dF]A, |^GF[D0F,0F0A0A,0]a fd[^c0A0=G0]E,3E[CG,A,]d | e0<A,,0[AG]^c2<[C2E2G,2]A,3[F0A0d0]D,c[D0A0d0][F3A,3]F,3[A0d0=C,0F0] |
[D3F,3]A,3[d0G0][_B,,3B,3][B,D]^c[d^G=B,,] e |[F0^G,0][D0d0] [C,0d0]< A0 A,cF2CA, a_b0[^f0D,0]F,3[f3a3][C3D3c3] |[G,aBF][B,D] gF[B,f^G,D]B[FA,C]dc[E=G][C,_B,]A |[A,0F0F,0]C,3F,,2> c2d2[G,,0e0] c3 |
[_B,EC] [fd][^dC,^f][ge] [E3B,3] C3[e0c0]G,2 |[EC]_B,[fd] [^d^fC,][ge][B,2E2c'2]C2C[=F,0A,0=b0]<F0c'a | faf ((3c2A2F2) A,CF A |[^DcC^F,]A,^c [=d^D,] ^G,,d[=G,,2e2=c2E,2]>E2[C_B,G,]=f=d [C,,^d^f] |
geE3[C3G,3_B,3][G,,0c0e0]E,2 E [B,C] G,[fd][C,,^f^d][eg] |[E2C2][_B,c']Ca0[c'0A,0F0]afa f0 a2fcA |FA,C ((3F2A2C2)[A,F,] FAc | E,,0 [A2^c2][E2C2]G,A, d[e0A,,0]G0G,c [E3C3] G,3 A,2d[F0A,0D,0] |
^cd[F,F]D^G [FAA,] Daf dc0[=G0C,0A0] [EC] G, A, |d[e0A,,0]<[G,0G0]A ^c2<[E2C2G,2] [F0A0d0] D,c[D3d3]F,3A,2 |[d0F0A0]C,3D3 [F,3A,3][G0d0][_B,,2B,2]>[D2B,2F,2]^c [^G2=B,,2d2] |((3e2F0^G,6)[D2d2]>d2[C,A]A,c [CA,]a_b0<D,,0[c2^f2] |
[^F,3C3D3f3a3]c3 [a=FB] [G,D] B,g[FD^G,B,]fB[FA,dC]c[=G_B,]C, E | AA,0<[F,0F0]G2 C,2>[F,2F,,2][cc'][d'ad^F,F,,][^dB,,]=d' | [G,,0E,0_b0c'0e0]< e'0^d'2[EC]B, [f=d'f']^c'[^f'f][=C,,^d'][g'ge'] E3 [C3B,3G,3][e'2c'2b2e2]G,,2E,2 |E[C_B,G,][f'f] C,, [^ff'][gg'][B,2E2c''2][Cc'] C[A,c''=F]=b'a'f' |
a'f'a'0[f0A0c0]f'c' [cFa]f[A0C0F0] cAfa ^D [Cc'^F,c] A, =d |[^cc'^d'][^F,,=d'][C,da^D,][d'd] B,,[e'0G,,0_b0e0=c'0E,0][EB,]C[=f'f][^ff'C,,]d'[g'e'g] | [E3C3_B,3][E3c3e3][G,,2E,2][EC]B,[fF] [^fF] C,,G[ge][B,E][c'c]C C |b0[F0A,0]c'a faf cAFA, |
CFA C [A,F,]((3F2A2c2)[^c0E,,0G0][C2A2] C | G, A,[dD][A,,,0e0]E0G ^c[C2G,2]A,=C, [D,,d] [FD,][F0^c0][F,dD]^G |[ADA,F]a'[f'FA]D d'[^c'0a0][A3G3]C2 [Ec]d'[e'0c0G0g0]A | ^c'[G2A,2]C2A, [ad'fD,]fc'[F0D0=C0d'0a0][A,3f3][a2d'2f2C,2][FDA,] C |
^G2[=G0d0D0_B0B,,,0]B,,2>F,2((3B,2^c2D2) [=B,,^GdG,]e[D3G,3][B,3d3] |[AFdC,]A,G,c F [CA,][Aa][_b0B0^f0]D,,3[F,3a3f3][C3D3A3] | [FBaG,] [DB,]g[^G,FB,][fD] B[dFA,][DC]c0 d c[=G2_B,2C,2]E2A2 | F0 [A,3F,3] C,2F,,((3C,2A,0F2) Acff0a7 |","['Rock', 'Pop', 'Blues', 'Country']",Blues,2,Choose the most probable genre label of the provided score.
Blues_Soul Blues_Lee Shot WIlliams_Dirt Road To Your Heart.abc,"X:1
M:3/4
L:1/16
K:Am
C2c2 g2e'2 e'2d'2 | c'2d'2 C2B2 d2g4 |B2 d2a2 C2A2 | c2f2 f2g2 a2b2 | C2B2 d2g4B2 |
d2g2 C2c2 g2e'2 | e'2d'2 c'2d'2 C2B2 | d2g4B2 d2a2 | C2A2 c2f2 f2g2 |
a2g2 C2B2 d2g4 |B2 d2g2 [C,0E0G,0] C8 | [G8C8E8] | [G,,0B,0G0D0]< G0 D6 |
B,2 [C0A,0F0] F,,8 F4 | A,4 [B,0G0D0] G,,8 | [B,0D0G0] B,2G2 [C,0E0] C8 | [G4E4C4] C,4 |
[G,,0B,0D0] G8 [G4D4] | B,4 [C0A,0F0F,,0] | [A,4C4F4]>F,,4 [D0G0] [B,8G,,8] | [D4B,4G4] G,,4 |
[E0C0A,0A,,0] [E4C4] | A,2A,,2 [D,0D0]< [A,0F0] D,,8 | [D0F0] A,4>A,4 [F0C0A,0F,,0] | F2C2 A,2 |
F,,2 [G0G,,0D0B,0]B,2 | D2G2 D2B,2 C,0< G0 [E0C0] |C2 G2E2 C2C,2 [D0G0B,0G,,0] |B,2 D2G2 |
D2B,2 C,0 [G6E6] C4>C,4 d0 | e2d2 c2G2 D0 E2D2 C2 |G,2 C,2[F0C0C,0]A,4C,4< [E4C4] G,6 |C,2 [C0E0G,0] C,2 |
G,2 G,,0 [D8B,8] [D6B,6G,6] |G,,2 [C0A,0F0F,,0] | [A,0F0C0] A,4 [G,0B,0D0G,,0] |G,,2 [D2B,2] G,2[G,4B,4D4] |
G,,2 C,0 [E8G,8C8] [G,6E6C6] |C,2 [G,0G,,0B,0]< [D0E0] |G,, [G8D8B,8] [F,,8A,8C8] F8 | [C6A,6F6] |
F,,2 [G,,8D8G8B,8] | [B,4D4G4] G,,2^G,,2 [E8A,,8C8A,8] | [C4A,4E4]>A,,4 [D,0A,0]< [F0D0] | D,,8 [A,0D0F0] D,2 |
A,2 [C8F,,8F8A,8] [F0C0A,0] |A,2 [G0G,,0D0B,0] |G,,2 B,2D2 G2G,,2 [E0C,0C0] |C2 G2E2 C2 |
C,2 [G0G,,0D0B,0]B,2 D2 |G2 D2B,2 [E0C,0] C6 |C2 E2G4G2 E2 |C2 C,2C2 [G2E2]C,2 C2 |
G,,4< [E4C4G4][C,2C,2] [C0E0G,0] | C,2G,2 G,,0 [D8B,8] | [D4B,4G,4]>G,,4 [C0A,0F0F,,0] | [A,0F0C0] A,4 |
[G,0B,0D0G,,0]G,,2 [D2B,2] | G,2[G,4B,4D4]G,,2 C,0 [E8G,8C8] | [G,4E4C4]>C,4 [G,0G,,0B,0]< [D0E0] |G,, [G8D8B,8] |
[F,,8A,8C8] F8 | [C4A,4F4]>F,,4 [G,,8D8G8B,8] | [B,4D4G4] G,,2^G,,2 [E8A,,8C8A,8] | [C6A,6E6] |
A,,2 [D,0A,0]< [F0D0] D,,8 [A,0D0F0] | D,2A,2 [C8F,,8F8A,8] | [F0C0A,0]A,2 [G0G,,0D0B,0] |G,,2 B,2D2 G2 |
G,,2 [E0C,0C0]C2 G2 |E2 C2C,2 [G0G,,0D0B,0] |B,2 D2G2 D2B,2 [E0C,0] C6 |C2 E2G4 |
G2 E2C2 C,2C2 [G2E2] |C,2 C2G,,2 [E0C0G0C,0] | [C4E4G4]>C,4 [D,0F0D0A,0] | [A,6D6F6] |
D,2 [E0B,0^G,0E,,0] [G,6E6B,6] |E,,2 [E0A,0]< [C0A,,0] | [A,4C4E4] G,,4 [F0C0F,,0A,0] | [A,6C6F6] |
F,,2 [A,0C0F0F,,0] [A,4C4F4] | F,,2^F,,2 G,,0 [B,8D8G8] | [B,4D4G4]>G,,4 | [B,0D0G0]G,,2 B,2D2 G4 |
[C,0E0C0G0] C2 |E2 G2E2 [B,0D0] G,,6 |B,2 G2D2 B,2G,,2 [E0C,0] C6 |C,2 d0 e2d2 c2 |
G2 D0 E2D2 C2G,2 C,2 |[C0G,0F0A,0]C,2 [C,8C,8G,8G,8C8C8E8E8] | [G,0C0E0] C,2G,4< [G,,4D4] B,6 |G,,2 [G4D4B,4] [B,2D2G,2] |
G,,2 [F,,0C0A,0F,0]< [A,0C0F,0] | F,2F,,2 [G,0D0B,0] G,,6 |G,,2 [G,0B,0D0]E2 D2G,,2 [E0G,0C0] C,8 | [G,0C0E0] |
F4 [G,,0D0B,0G,0] [G,4B,4D4] | G,,2E2 [A,8C8F,,8] F,8 | [A,4C4F,4]>F,,4 [D8G,8B,8G,,8] | [B,4G,4D4] G,,2 |
^G,,2 [C0E0A,,0A,0] | [C0E0A,0] A,2A,,2 [A,0D0F0] D,,4 A,2 |D2 [A,0D0F0] A,2D,,2 [C0A,0F0] F,,8 | [F6A,6C6] |
F,,2 [D0B,0G,,0] G4>G,,4 B,2 |D2 G2G,,2 [C,0G0]< [E0C0] |C,2 G2E2 C2C,2 [D0G0B,0] G,,6 |G,,2 B,2D2 G2 |
G,,2C,0 [G4E4C4]>C,4 C2 |G4C,2 C,2[A,2C2F2] C,4 | C,2[G,4C4E4]C,2 C,0< [G,0C0E0] |C,2 G,2C2 E2 |
C,2 [G,,0D0] B,6G,,4 |G,2 B,4 C,0 [E6G,6C6] |C,2 [C6G,6] E4>C,4 [G,8C8] E8 | [E2G,2C2]C,2 G,,0 |
[B,2D2G,2]G,,2 [C0E0G,0C,0] C2G2 c0 G,2 |e0C2 g2 E2c'2C,2 b0< [B,0G,,0] [G0D0] | B,4 D4 c'0 [C2E2G2C,2] |G2c2g2c2g2g'2 |
c2g2c'2c2g2g'2 |c2g2c'2 c2g3 |g'3c3g3c'3 | c4 g4 g'20 |","['Electronic', 'Rock', 'Blues', 'Folk']",Blues,2,Choose the most probable genre label of the provided score.
Blues_Rhythm And Blues_The Orlons_Ill Be True.abc,"X:1
M:3/4
L:1/16
K:B
B,,3 |B3 f3d3b3 |g3b3c3g6 |c7E,,3 |e3 g6c'3 | a3e'3[E,,3a3] F,,3f3 |
c'2>a2c'2d'4 |f'27 | [B0F0d0] [B,4B,,4] F4 [c4F4f4] | B2B,2 [B8D8G,,8] |
[B4D4] B,4 G,,4 | [B8E8E,8E,,8] [B4E4] | B,4 E,4 [F8C8A8F,,8] | F4 G2F2 [B8F8d8B,,8] |
B4 c2B2 | [B8D8G,,8] [B4D4] | B,4 G,,4 [E8B,8G8E,,8] | E4 F2E2 [C8A8A,8F8F,,8] |
[A,0A0F0C0] A,2F,,2 | [E8B,8G8E,,8] E4 F2 |E2 [F8d8D8B8B,,8B,,,8] [D0d0B0F0] | D2B,,2 [C8A8A,8F8F,,8] |
[A,0A0F0C0] A,2F,,2 | [C8G8G,8E8C,8C,,8] [G,0G0E0C0] G,2 |C,2 [E0B,0G0] [E,4E,,4] B,4 [F4B,4B4] | E2E,2 [B0F0d0] [B,4B,,4] F4 |
[c4F4f4] B2B,2 | [A8C8F,,8] [A4C4] | A,4 F,,4 [E8E,,8B,8G8] | [F,,,8C,8F,8A,8F,,8] [F8d8D8B8B,,8B,,,8] |
[D0d0B0F0] D2B,,2 | [E8B8B,8G8E,8E,,8] [B,0B0G0E0] B,2 |E,2 [C8A8A,8F8F,,8] [A,0A0F0C0] | A,2F,,2 [d8F8B,,8B,,,8] |
[d4F4] D4 B,,4 | [E8B,8G8E,,8] E4 F2 |E2 [A8C8F,,8] [A4C4] | A,4 F,,4 [D8A8C8^^F8D,8D,,8] |
[C0A0^^F0D0] C2D,2 | [B8D8G,,8] [B4D4] | B,4 G,,4 [E0B,0G0] [E,4E,,4] B,4 | [A8C8F,,8] [A8C8^^F8D,,8D,8] |
[D8B8B,8G8G,,8] | [E8B,8G8E,,8] E4 F2 |E2 [A8C8F,,8] [A4C4] | A,4 F,,4 [E8E,,8B,8G8] |
[E,,8B,8E8G8E,8] | [B8F8d8B,,8] B4 c2 |B2 [B8D8G,,8] [B4D4] | B,4 G,,4 [E8B8B,8G8E,8E,,8] |
[B,0B0G0E0] B,2E,2 | [F0C0A0] [F,4F,,4] C4 [G4C4c4] F2 |F,2 [D8B8B,8G8G,,8] [B,0B0G0D0] | B,2G,,2 [D8A8A,8F8D,8D,,8] |
[A,0A0F0D0] A,2D,2 | [C8G8G,8E8C,8C,,8] [G,0G0E0C0] G,2 |C,2 [C8G8G,8E8C,8C,,8] [G,0G0E0C0] | G,2C,2 [B8F8d8B,,8] |
B4 c2B2 | [B8D8G,,8] [B4D4] | B,4 G,,4 [B8E8E,8E,,8] [B4E4] | B,4 E,4 [F,,16A,16C16F16A16] |
[d8F8B,,8B,,,8] [d4F4] | D4 B,,4 [D8B8B,8G8G,,8] [B,0B0G0D0] | B,2G,,2 [E8B,8G8E,,8] | E4 F2E2 |
[F8C8A8F,,8] F4 G2 |F2 [E8B,8G8E,,8] | E4 F2E2 [B0F0d0] [B,4B,,4] F4 | [c4F4f4] B2B,2 |
[A8C8F,,8] [A4C4] | A,4 F,,4 [G8C8C,8C,,8] [G4C4] | G,4 C,4 [E8B,8G8E,,8] | E4 F2E2 |
[B8F8d8B,,8] B4 c2 |B2 [A8C8F,,8] [A4C4] | A,4 F,,4 [E0B,0G0] [E,4E,,4] B,4 | [C8B8B,8F8F,,8] |
[B8C8F,,8] [B4C4] | B,4 F,,4 [C8B8B,8F8F,,8] [B,0B0F0C0] | B,2F,,2 [d8F8B,,8B,,,8] | [d4F4] D4 B,,4 |
[B8E8E,8E,,8] [B4E4] | B,4 E,4 [F0C0A0] [F,4F,,4] C4 [G4C4c4] | F2F,2 [d8F8B,,8B,,,8] | [d4F4] D4 B,,4 |
[E8B8B,8G8E,8E,,8] [B,0B0G0E0] B,2 |E,2 [F0C0A0] [F,4F,,4] C4 [G4C4c4] | F2F,2 [D8A8C8^^F8D,8D,,8] | [C0A0^^F0D0] C2D,2 |
[B8D8G,,8] [B4D4] | B,4 G,,4 [G8B,8E,,8] | [C8A8A,8F8F,,8] [A8C8^^F8D,,8D,8] | [D8B8B,8G8G,,8] |
[B8E8E,8E,,8] [B4E4] | B,4 E,4 [C8A8A,8F8F,,8] [A,0A0F0C0] | A,2F,,2 [C8A8A,8F8F,,8] | [A,0A0F0C0] A,2F,,2 |
[F8d8D8B8B,,8B,,,8] [D0d0B0F0] D2 |B,,2 [B8E8E,8E,,8] [B4E4] | B,4 E,4 [F8C8A8F,,8] | F4 G2F2 |
[D8A8C8^^F8D,8D,,8] [C0A0F0D0] C2 |D,2 [B8D8G,,8] [B4D4] | B,4 G,,4 [G8B,8E,,8] | [A8C8F,,8] |
[A8C8^^F8D,,8D,8] [B8D8G,,8] | [E0B,0G0] [E,4E,,4] B,4 [F4B,4B4] | E2E,2 [A8C8F,,8] | [A4C4] A,4 F,,4 |
[F8C8A8F,,8] F4 G2 |F2 [D8B8B,8G8G,,8] [B,0B0G0D0] | B,2G,,2 [E8B,8G8E,,8] | E4 F2E2 |
[C8A8A,8F8F,,8] [A,0A0F0C0] A,2 |F,,2 [D8B8B,8G8G,,8] [B,0B0G0D0] | B,2G,,2 [E0B,0G0] [E,4E,,4] B,4 | [F4B,4B4] E2E,2 |
[A8C8F,,8] [A4C4] | A,4 F,,4 [B8D8G,,8] [B4D4] | B,4 G,,4 [B8E8E,8E,,8] | [B4E4] B,4 E,4 |
[F0C0A0] [F,4F,,4] C4 [G4C4c4] F2 |F,2 [F,,,16C,16F,16A,16F,,16] | [E0B,0G0] [E,4E,,4] B,4 | [F4B,4B4] E2E,2 |
[B0F0d0] [B,4B,,4] F4 [c4F4f4] B2 |B,2 [A8C8F,,8] [A4C4] | A,4 F,,4 [G8C8C,8C,,8] | [G4C4] G,4 C,4 |
[B8E8E,8E,,8] [B4E4] | B,4 E,4 [d8F8B,,8B,,,8] [d4F4] | D4 B,,4 [F0C0A0] [F,4F,,4] C4 | [G4C4c4] F2F,2 |
[E0B,0G0] [E,4E,,4] B,4 [B8C8F,,8] | [B8C8F,,8] [B4C4] | B,4 F,,4 [B8C8F,,8] | [B4C4] B,4 F,,4 |
[B0F0d0] [B,4B,,4] F4 [c4F4f4] B2 |B,2 [E8B8B,8G8E,8E,,8] [B,0B0G0E0] | B,2E,2 [F0C0A0] [F,4F,,4] C4 | [G4C4c4] F2F,2 |
[F8d8D8B8B,,8B,,,8] [D0d0B0F0] D2 |B,,2 [E8B,8G8E,,8] | E4 F2E2 [A8C8F,,8] | [A4C4] A,4 F,,4 |
[A8C8^^F8D,8D,,8] [F4A4C4] | A,4 D,4 [B8D8G,,8] [B4D4] | B,4 G,,4 [B,8G8G,8E8E,,8] | [A8C8F,,8] |
[A8C8^^F8D,,8D,8] [D8B8B,8G8G,,8] | [E8B,8G8E,,8] | E4 F2E2 [F0C0A0] [F,4F,,4] C4 | [G4C4c4] F2F,2 |
[F0C0A0] [F,4F,,4] C4 [F8F,,8C8A8] | [d8F8B,,8B,,,8] [d4F4] | D4 B,,4 [G8B,8E,,8] | [C,,4G,4C,4C4E4G4] [F,,4B,4C4F4B4] |
[B,,,26B,,26F26d26] |","['Blues', 'Classical', 'Pop', 'Rap']",Blues,0,Choose the most probable genre label of the provided score.
Blues_Rhythm And Blues_The Chantels_Summers Love.abc,"X:1
M:3/4
L:1/16
K:B
bab f |b((3a2b2f2)((3b2a2b2)f2 b2 |a2 b2f42 | [F,3B,3B,,3C3]F,,3D,6 | A,,2>F2 D0< C0 G,,3D,3F,10 |
[G0C0E0] G,3E,3 |[B,9G,9]E C0 | [C,0F,0G0] B,6[B,6E,6] | F4 [B,3B,,3C3]F,,3D,6 |
A,,2>F2 D0< C0 G,,3D,3 |F,10 [G0C0E0] | C,3G,,3E,8 |DE [C0B,0] [C,6F,6]E,8 |
DE [=A,7C7F7E,7] |[^B,9=A,9] =B,0 | [G,3E3][D3F,3][B,10E10G,10] | [G,8E,8B,8] |
[G,6E,6]CD G0 [B,8C8F,8] | C0< [D0F0]B,C2<B,2A,B, | [D3F,3B,,3]F,,3D,2 [D2F2]CB, | A,,2CB, [D0F0] G,,3D,3F,2 [F0D0B,0] |
[B,3D3]B,E [C0G0] G,3E,3 |G,2 [D3G,3B,3]D3EC | [C,0F,0G0] B,4>E,4 C0< [D0F0]B,C2<B,2 |A,B, [D3F,3B,,3]F,,3D,2 |
[D2F2]CB, A,,C2B, [D0F0] G,,3D,3 |F,2 [F0D0B,0][B,3D3]B,E [C0G0] | G,3E,3G,2 [D3G,3B,3]D3 |EC [C,0F,0G0] B,4>E,4 C0 |
[D0F0]B,C2<B,2A,B, [D3F,3B,,3]F,,3 |D,10 | [^^F,6^^C6B,6][E10=A,10^C10] | [B,,6F,6][D,10B,10] |
[^^F,6B,6^^C6] |[G,26B,26C26E26] | [F,3B,3B,,3C3]F,,3D,6 | A,,2FD [A0C0D0G,,0]D,2<[B,2F2] |
F,10 [G0C0E0] | G,3E,3[B,10G,10] | [F,15C,15] B,15 |F [B,3B,,3C3]F,,3 |
D,6 A,,2>[B,2D2] | [A0A,0C0G,,0]D,[F13F,13B,13] | [C0G0E0] C,3E0G,,3[E,0C0] |DE [C0G,0F,0C,0] |
DE | [=A,7C7F7E,7][^B,9A,9] | B,0 [G,3E3][D3F,3][B,10E10G,10] | [G,8E,8B,8] |
[G,6E,6]CD G0 | [B,8C8F,8] C0< [D0F0]B,C2<B,2 |A,B, [D3F,3B,,3]F,,3D,2 | [D2F2]CB, A,,2CB, [D0F0] G,,3D,3 |
F,2 [F0D0B,0][B,3D3]B,E [C0G0] | G,3E,3G,2 [D3G,3B,3]D3 |EC [C,0F,0G0] B,4>E,4 C0 | [D0F0]B,C2<B,2A,B, [D3F,3B,,3]F,,3 |
D,2 [D2F2]CB, A,,C2B, [D0F0] | G,,3D,3F,2 [F0D0B,0][B,3D3] |B,E [C0G0] G,3E,3G,2 | [D3G,3B,3]D3EC [C,0F,0G0] B,6 |
E,2 C0< [D0F0]B,C2<B,2A,B, | [D3B,,3F,3]F,,3D,8 |=A,,2 [^^F,8B,8^^C8] | [^^F,8=A,8C8E8] [B,,8^F,8] ^^C8 |
[^^F,4^^C,4B,4C4]>E4 | [^^F,8B,8^^C8^F8] [E,8=A,8^C8E8] | [F,,0F,0B,0] | [F4B,4C4] D2EF [^^C8^^F8F,,8^B,8] |
[^^F8^B8^^C8] | ^^f8 D0< [^E0G0]CD2<C2 |^B,C [^E3G,3C,3]G,,3E,2 | [^E2G2]DC ^B,,2DC [E0G0] A,,3E,3 |
G,2 [G0^E0C0][C3E3]CF [D0A0] | A,3F,3A,2 [^E3A,3C3]E3 |FD [D,0G,0A0] C4>F,4 D0 | [^E0G0]CD2<C2^B,C [E3G,3C,3]G,,3 |
^E,2 [E2G2]DC ^B,,D2C [E0G0] | A,,3^E,3G,2 [G0E0C0][C3E3] |CF [D0A0] A,3F,3A,2 | [^E3A,3C3]E3FD [D,8G,8A8] C8 |
^E0< [D0^^F0F,0A,0]E^^C0D3CD | [^^F3A,3D,3]A,,3F,2 [F2A2]^ED | ^^C,2^ED [^^F0A0] ^B,,3F,3A,2 [A0F0D0] |[D3^^F3]DG [^E0^B0] B,3G,3 |
^B,2 [^^F3B,3D3]F3G^E | [^E,0A,0^B0] D4>G,4 E0< [^^F0A0]DE2<D2 |^^CD [^^F3A,3D,3]A,,3F,2 | [^^F2A2]^ED ^^C,E2D [F0A0] ^B,,3F,3 |
A,2 [A0^^F0D0][D3F3]DG [^E0^B0] |","['Blues', 'Classical', 'Jazz', 'Folk']",Blues,0,Choose the most probable genre label of the provided score.
Blues_Rhythm And Blues_Archie Bell and The Drells_I Dont Wanna Be A Playboy (LP Version).abc,"X:1
M:3/4
L:1/16
K:Edor
[G,8C8E8C,8] | [G,4C4E4]>G,4 [G,8B,8D8B,,8] | [G,8B,8D8] | [F,8A,8C8F,,8] [F,8A,8C8] |
[G,4B,4D4G,,4] [G,4C4E4] | [D4F4] [F4A4] [G,8C8E8C,8] | [G,4C4E4]>G,4 | [G,8B,8D8B,,8] [G,2D2]B,2 |
G,2B,2 [F,8A,8C8F,,8] | [F,8A,8C8] [G,4B,4D4G,,4] | [G,4C4E4] [D4F4] [F4A4] | [G,8C8E8C,8] [G,6C6E6] |
[G,2C2E2] [G,8B,8D8B,,8] | [G,4B,4D4]>G,4 [F,6A,6C6F,,6] |F,4< [F,4C4][F,2A,2C2] | [G,4B,4D4G,,4]>[G,4B,4D4] G,,4 |
[F,4B,4D4] [G,8C8E8C,8] | [G,4C4E4]>G,4 [G,8B,8D8B,,8] | [G,4B,4D4]>G,4 | [F,8A,8C8F,,8] [F,6A,6C6] |
F,2 [F,8G,8B,8D8G,,8] | [F,4G,4B,4D4] D,,2E,,2 [F,8A,8C8F,,8] | [F,8A,8C8] | [F,8G,8B,8D8G,,8] [F,4G,4B,4D4] |
[B,4D4G,4] [C,8G,8C8E8] | [G,8B,8E8B,,8] [A,8C8E8A,,8] | [A,4C4E4] A,4 | [F,8A,8C8F,,8] [F,5A,5C5] |
F,3 [F,8G,8B,8D8G,,8] | [F,8B,8D8G,8] [G,8C8E8C,8] | [G,4C4E4] G,2G,2 | [B,8D8G,8B,,8] [G,6B,6D6] |
G,2 [F,8A,8C8F,,8] | [F,4A,4C4]>F,4 [B,4D4G,4G,,4] | [G,4C4E4] [D4F4] [F4G4A4] | [G,8C8E8C,8] [G,6C6E6] |
G,2 [G,8B,8D8B,,8] | [G,4B,4D4] [G,2B,2D2]G,4< [F,4A,4C4F,,4] |F,4< [A,4F,4C4]F,2 | [F,8G,8B,8D8G,,8] [F,2G,2B,2D2]C2 [G0F,0G,0B,0D0] |
[F2B,,2] [E8E8G,8C8C,8] | [E4G,4C4]>G,4 [G,8B,8D8B,,8] | [G,4B,4D4]>G,4 | [F,8C8A,8F,,8] [F,6A,6C6] |
F,2 [F,8G,8B,8D8G,,8] | [F,4G,4B,4D4] D,,2E,,2 [F,8A,8C8F,,8] | [F,8A,8C8] | [F,6G,6B,6D6G,,6][F,2G,2B,2D2]>F,2G,2 |
[G,2B,2D2]G,4< [G,4E4C4C,4][G,2E2] | [G,8B,8B,,8E8] [A,8C8E8A,,8] | [A,4C4E4]>A,4 | [F,8A,8C8F,,8] [F,8A,8C8] |
[F,8G,8B,8D8G,,8] | [F,4G,4B,4D4] G,2G,4< [D4G,4C4E4C,4] |[G,2C2E2] [G,4C4E4] C,2C,4 |G,2 [G,2C2E2]G,2 [G,4C4E4] |
E,,4 [F,8A,8C8F,,8] | [F,4A,4C4]>F,4 [F,8G,8B,8D8G,,8] | [F,8G,8B,8D8] | [G,4C4E4C,4]>G,4 [B,8G,8E8B,,8] |
[A,8C8E8A,,8] | [A,4C4E4] A,4 [F,8A,8C8F,,8] | [F,4A,4C4]>F,4 | [G,8B,8D8G,,8] [G,6B,6D6] |
G,2 [F,8C8A,8F,,8] | [F,4A,4C4] F,4 [F,16G,16B,16D16G,,16] | [G,8C8E8C,8] [D6G,6C6E6] |G,2 [G,8B,8D8B,,8] |
[G,4D4] B,2G,4< [F,4A,4C4F,,4] |F,2 [F,2C2]A,2 F,2A,2 | [B,4D4G,4G,,4] [C4G,4E4] [D4F4] | [F4G4A4] [G,8C8E8C,8] |
[G,8C8E8] [G,6B,6D6B,,6] |G,2 [G,2D2]B,2 G,2B,2 | [F,4A,4C4F,,4]>F,4 [F,6A,6C6] |F,2 [B,4D4G,4G,,4] [G,4C4E4] |
[D4F4] [F4A4] [G,8E8C8C,8] | [G,4C4E4]>[E4G,4] | [G,8B,8D8B,,8] [G,6B,6D6] |[G,4B,4]< [F,4C4A,4F,,4]F,2 |
[F,2C2]A,2 F,2A,2 [G,4D4B,4G,,4] | G,2[F,2B,2D2] G,,2[C2F,2] [G0F,0B,0D0][F2F,2] | [G,4C4E4E4C,4]>G,4 [E2G,2C2]G,2 | [G,2C2E2][E4G,4]< [G,4B,4D4B,,4][G,2D2] |
[G,2D2]B,2 G,4 [F,6C6A,6F,,6] |F,2 [F,3C3]F,,3[F,2A,2C2] | [G,4B,4D4G,,4]>[G,4B,4D4] G,,2G,2 | [G,2B,2D2]E,,2 [F,8C8A,8F,,8] |
[F,8A,8C8] [F,6G,6B,6D6G,,6] |[F,2G,2B,2D2] [A,,4F,4G,4B,4D4] [B,,4G,4B,4D4] | [G,4C4E4C,4]>G,4 [B,8G,8B,,8E8] | [A,8C8E8A,,8] |
[A,3C3E3]A,2C[A,2E2] [F,8A,8C8F,,8] | [F,4A,4C4]>F,4 | [G,8B,8D8G,,8] [F,8B,8D8G,8] | [G,8C8E8C,8] |
[D4G,4E4C4]>G,4 [G,6B,6D6B,,6] |G,2 [G,2D2]B,2 G,2B,2 | [F,8A,8C8F,,8] [F,2C2]A,2 | F,2A,2 [B,4G,4D4G,,4] [G,4C4E4] |
[D4F4] [F4A4] [E8G,8C8C,8] | [D4G,4C4E4] G,2[C2D2E2G,2] | [G,8B,8D8B,,8] [G,4B,4D4] | G,2G,2 [F,8A,8C8F,,8] |
[F,2C2]A,2 F,2A,2 [G,4B,4D4G,,4] | [C4E4G,4] [D4F4] [E4F4G4A4] | [G,4C4E4C,4]>G,4 [G,4C4E4] | G,2[C2D2E2G,2] [B,8D8B,,8] |
[G,4D4B,4]>G,4 [F,6A,6C6F,,6] |F,2 [F,4C4] [F,2A,2C2]F,2 | [B,4D4G,4G,,4] [G,4C4E4] [D4F4] | [F4A4] [C,16G,16C16E16] |","['Country', 'Electronic', 'Rap', 'Blues']",Blues,3,Choose the most probable genre label of the provided score.
Blues_Ragtime_Scott Joplin_Peacherine Rag.abc,"X:1
M:3/4
L:1/16
K:Cm
[eE,][fF,][g2G,2]<[f2F,2][B2B,,2] [fF,][gG,][a2A,2]<[g2G,2] |[B2B,,2] [cC,][c2C,2][=BB,,] [cC,][dD,][e2E,2] | [B2B,,2][B2B,,2]>G2A=A [B2E,2][G2e2G,2B,2E2] | [G2d2B,,2][G2c2G,2B,2E2] [GBE,][Ge][G,B,E][Gd] B,,2c[BG,B,E]G | [G2B2E,2][G2e2G,2B,2E2] [G2d2B,,2][G2c2G,2B,2E2] [ABF,][Ad][A,B,D][Ac] |
B,,2B[FA,B,D]G [A2F,2][A2d2A,2B,2D2] [A2c2B,,2][A2B2A,2B,2D2] | [AF,][Ad][A,B,D][Ac] B,,2B[dA,B,D]f [A2d2a2F,2][A2d2a2B,2D2] | ^F,2[=A2e2a2F,2C2E2] [b2B2e2G,2][B,2E2]=f [gB,E]G_A=A | [B2E,2][G2e2G,2B,2E2] [G2d2B,,2][G2c2G,2B,2E2] [GBE,][Ge][G,B,E][Gd] |
B,,2c[BG,B,E]G [G2g2=B,,2][G2B2g2G,2D2F2] G,,2[G2B2f2G,2D2F2] | [e2G2c2C,2][c'G,CE]d' [e'2G,2C2E2]c2 [c2e2f2A,,2A,2][c2e2f2] | [c2e2^f2=A,,2A,2][c2e2f2] [BegB,,B,][Beg][G,2B,2E2][Bb] [B2c2=e2_a2C,2][B2c2e2g2G,2B,2C2E2] | [=AgF,CE][Ag][F,2C2E2][Ae] [f_AB,D]e[A2f2B,2D2] [G2e2E,2E2][G,2B,2E2] |
[G,B,E]GA=A [G2e2E,2E2][B,,2B,2] [E,,2E,2]F,,2 | C,2[=A2e2f2F,2C2E2] [A2e2g2F,,2][A2e2f2F,2C2E2] C,2[e2a2c'2F,2A,2E2] | [e2=a2d'2F,,2][e2a2c'2F,2A,2E2] B,,2[d2b2F,2B,2D2] [d2a2F,,2][d2g2F,2B,2D2] | [dgB,,]f[=eF,B,D]f F,,2g[f2F,2B,2D2] C,2[_e2=a2e'2F,2C2E2] |
[e2=a2e'2F,,2][e2a2d'2F,2A,2E2] [d'eaC,]c'[=bF,A,E]c' F,,2f'[f2F,2A,2E2] | B,,2[d2b2d'2F,2B,2D2] [d2f2d'2F,,2][d2f2c'2F,2B,2D2] [c'dfB,,]b[=aF,B,D]b | F,,2f'[f2F,2B,2D2] C,2[=A2e2f2F,2C2E2] [A2e2g2F,,2][A2e2f2F,2C2E2] | C,2[e2=a2c'2F,2A,2E2] [e2a2d'2F,,2][e2a2c'2F,2A,2E2] B,,2[d2b2F,2B,2D2] |
[d2=a2F,,2][d2g2F,2B,2D2] [dgB,,]f[=eF,B,D]f D,2d[_eF,B,D]f | [GgE,,E,][Be][GgE,,E,][=Aa] [F,,F,][Gg][F,,2F,2][Be] [FfD,,D,][Bd][FfD,,D,][Gg] | [E,,E,][Ff][D,,2D,2]B [=EBdC,,C,][EBd][C,,2C,2][EBd] [c_E=AF,,F,]B[E2A2c2F,,2F,2] | [D2B2B,,2B,2][F,2B,2] [F,2B,2]F,,2 [D2B2B,,2B,2][F,,2F,2] |
[D4A4B4B,,,4B,,4] [B2E,2][G2e2G,2B,2E2] [G2d2B,,2][G2c2G,2B,2E2] | [GBE,][Ge][G,B,E][Gd] B,,2c[BG,B,E]G [G2B2E,2][G2e2G,2B,2E2] | [G2d2B,,2][G2c2G,2B,2E2] [ABF,][Ad][A,B,D][Ac] B,,2B[FA,B,D]G | [A2F,2][A2d2A,2B,2D2] [A2c2B,,2][A2B2A,2B,2D2] [AF,][Ad][A,B,D][Ac] |
B,,2B[dA,B,D]f [A2d2a2F,2][A2d2a2B,2D2] ^F,2[=A2e2a2F,2C2E2] | [b2B2e2G,2][B,2E2]f [gB,E]GA=A [B2E,2][G2e2G,2B,2E2] | [G2d2B,,2][G2c2G,2B,2E2] [GBE,][Ge][G,B,E][Gd] B,,2c[BG,B,E]G | [G2g2=B,,2][G2B2g2G,2D2F2] G,,2[G2B2f2G,2D2F2] [e2G2c2C,2][c'G,CE]d' |
[e'2G,2C2E2]c2 [c2e2f2A,,2A,2][c2e2f2] [c2e2^f2=A,,2A,2][c2e2f2] | [BegB,,B,][Beg][G,2B,2E2][Bb] [B2c2=e2a2C,2][B2c2e2g2G,2B,2C2E2] [=AgF,C_E][Ag][F,2C2E2][Ae] | [fAB,D]e[A2f2B,2D2] [G2e2E,2E2][B,,2B,2] [G4_d4e4E,,4E,4] | [EeA,,A,]c[EeE,A,C]A [cE,,E,][Ee][E,2A,2C2]A [Ec=A,,A,]A[EcA,,A,][EA_d] |
[F,,F,][E=Ac][F,,2F,2]A [D2F2_A2c2D,,2D,2][DFABD,,D,][DFAc] [B,,,2B,,2]B[AB,,,B,,]F | [D2A2c2F,,2F,2][DABF,,F,][DAc] [B,,,2B,,2]B[AB,,,B,,]F [_d2E2E,,2E,2][E,2G,2D2][FG] | [BG,,G,][F_d][E,2B,2D2]G [d2E2B,,2B,2][E,2G,2D2][FG] [BE,,E,][Fd][E,2G,2D2]F | [E2c2A,,2A,2][=Ec_E,A,C][Fc] [E,,E,][Ac][E,2A,2C2][Fc] [E2c2A,,2A,2][=Ec_E,A,C][Fc] |
[E,,2E,2][E,2A,2C2][Ac] [EeA,,A,]c[EeE,A,C]A [cE,,E,][Ee][E,2A,2C2]A | [Ec=A,,A,]A[EcA,,A,][EA_d] [F,,F,][EAc][F,,2F,2]A [=D2F2_A2c2D,,2D,2][DFABD,,D,][DFAc] | [B,,,2B,,2]B[AB,,,B,,]F [D2A2c2F,,2F,2][DABF,,F,][DAc] [B,,,2B,,2]B[AB,,,B,,]F | [_d2E2E,,2E,2][E,2G,2D2][FG] [BG,,G,][Fd][E,2B,2D2]G [EB,,B,]G[FE,G,D]G |
[_dE,,E,][DG][E,G,B,][CA] [A,,2A,2][E,,E,][F,,2F,2][E,,E,][F,,F,][G,,G,] | [A,,2A,2][e2f2] [E2F2]Ac [C2A2A,,2A,2][E,,2E,2] | [F,,F,][E,,2E,2][C,,C,] [A,,,4A,,4] [A2c2a2A,,,2A,,2]E2 | [GB,,B,]B[E,2G,2_D2]c [d2E,,2E,2][gE,B,D]f [d2e2G,,2G,2][d2e2E,2B,2D2] |
[E,,2E,2][E2E,2G,2_D2] [AA,,A,]c[E,2A,2C2]d [e2E,,2E,2][aE,A,C]f | [c2e2A,,2][c2e2E,2A,2C2] C,,2[c2e2E,2A,2C2] [_dfD,,][df][F,A,D][df] | _D,,2a[b=E,A,D]a [c2c'2A,,2][c2c'2_E,2A,2C2] =A,,2[ee'][=dd'^F,A,CE][cc'] | [BbB,,]g[c'G,B,E]b [aB,,]d[F,2A,2B,2D2]b [e2E,2G,2B,2E2][G,,G,][B,,B,] |
[e2g2e'2E,,2E,2]E2 [GB,,B,]B[E,2G,2_D2]c [d2E,,2E,2][gE,B,D]f | [_d2e2G,,2G,2][d2e2E,2B,2D2] [E,,2E,2][E2E,2G,2D2] [AA,,A,]c[E,2A,2C2]d | [e2E,,2E,2][aE,A,C]f [c2e2A,,2][c2e2E,2A,2C2] C,,2[c2e2E,2A,2C2] | [_dfD,,][df][F,A,D][f=B] =D,,2a[gF,A,B,]f [c2e2E,,2][c2e2E,2A,2C2] |
[E,,2E,2]e[c=E,,E,]B [D2A2F,,2F,2][D2A2F,,2F,2] [_DGB_E,,E,][DGB][G,,2G,2]E | [C2A2A,,2A,2]ee e2E2 [C2A2A,,2A,2][E,,2E,2] | [A4c4a4A,,,4A,,4] |","['Folk', 'Blues', 'Electronic', 'Classical']",Blues,1,Choose the most probable genre label of the provided score.
Blues_Ragtime_Sue Keller_My Reindeer Dont Like To Fly.abc,"X:1
M:3/4
L:1/16
K:Dm
[g2e2c2]E2[gecE][Ffca][e2c2g2]E2 |[GeC][A,Fd][cEG,][c2G2e2]C2[G3g3E3][Gg][G2g2] [Gg] | [g2G2][G,G,,][G,2G,,2] [gG][Gg][G,,,G,,][G,,G,,,][Gg][G2g2][F,,,F,,] [Ff] |[E,,E,,,][eE][D,,D,,,] [Dd]G,,,[E2c2C2A2C,,,2]G [cEAC,,CG]E,,,E,,G,,, | G,,A,,,2A,,C,,2C,A,,,2A,, G,,,2G,,[_EAcCG=E,,,] [E,,AGCc] E | C,,,2[CEAcG]C,,E,,,2 E,,G,,,2G,,A,,,2A,,C,,C, |
A,,,2A,,G,,,2 G,,E,,,[CAEcG]E,,C,,,2C,,E,,,E,, G,,, |G,,A,,,A,, [C,,0A,0G,0] [CE]C,A,,, A,,G,,,G,,E,,, | E,,[A,G,CE]C,,,[A,CEG,]C,,E,,,E,,G,,,G,, A,,,2A,,[A,G,CE]C,, C, | B,,,B,,A,,, [CA,EA,,G,]G,,,2C,,C[_EFF,A,F,,,] [F,EA,CF] F,,A,,,2A,,C,, |
C,D,,2D, [_E0A,0C0F0E,,0]E,D,, D, C,,C,0[EA,F,CF]A,,, A,, | C2[EG,A,C,,,][CG,A,C,,]EE,,, E,,G,,,G,,A,,,2A,,[A,0G,0E0C0]C,,C, A,,, |A,,G,,,[CEA,G,,G,] E,,,E,,0C[DD,,,A,][F,F]D,, E,,,2E,,F,,, [FDA,F,C] F,, | ^F,,,F,,[D=B,G=F,]G,,, G,,F,,,F,,E,,, [DGF,B,E,,]D,,,[G,,,C][A,2E2G,2G2C,,,2]C,,2 |
[C,,2A,,2][C2A,2C,,2G,,2G,2] [E2G2][A,,2C,,2] [C2E2A,2G,2G2] [G,,2C,,2][A,,C,,][A,G,CEG] | [C,,G,,][A,C_E^F,]G,,, C [G,0=E0A,0] C,,,[CG,A,]EC,,E,,, E,,G,,,G,,A,,, | A,,[C,,0A,0C0G,0]EC,A,,,A,,G,,,[A,CG,EG,,]E,,,E,,0C[EG,A,C,,,][G,A,EC]C,, E,,, |E,,G,,,G,, A,,,A,,[A,CG,EC,,] C, B,,,B,,A,,, [A,,A,CG,E] |
G,,,2[C,,C][_EF,,,FA,F,] [F,,CEF,A,] FA,,,A,,C,, C,D,,D,[E,,0E0A,0C0F0] |_E,D,,D, C,,[C,EA,][CF]A,,,A,,0C [A,=EG,] C,,,[C,,G,CE]A,E,,,E,, | G,,,G,,A,,,2 A,, [A,0G,0C0E0] C,,C,A,,, A,,G,,,[G,,CE][A,G,]E,,, | E,,0 C[DA,D,,,F,]D,,E,,, E,,F,,,F,,[DA,F,C]^F,,, F,,[G,,,=B,D=F,]G,,F,,, |
((3F,,2E,,,2E,,0)[=B,F,D]D,,,G,,,0C3[A,2E2G,2C,,,2]C,,2 [A,,2C,,2][A,0G,0C0E0C,,0]G,,2 | [A,,2C,,2][C2A,2E2G,2][G,,2C,,2][A,,C,,][A,CEG,][C,,G,,] [_EA,C^F,]G,,,C[A,2G,2=E2]C,,, | [A,CEG,] C,,E,,,E,,G,,,G,,A,,,A,,C,,C,A,,,((3A,,2G,,,2_E0) |[CG,,^F,A,]E,,,E,,0C [G,EA,C,,,][G,C,,A,CE]E,,, E,, G,,,G,,A,,, A,, |
[C,,A,CG,]EC,B,,, B,,A,,,A,,[CG,A,E]G,,, C C,,[_E2A,2F,2F2]F,,,2F,,2[D,2F,,2] |[F,,2C,2] [F,,D,][A,_EF,CF][F,,,F,,]F, [A,D,F,,][A,ECF,]F[C,F,,] [F,EA,F] C | [F,,2D,2][G,,,0C0][C,,,E][A,G,] [CA,G,C,,] EE,,,E,,G,,,G,,A,,,A,,[C,,0A,0C0G,0E0] |C,A,,,A,, G,,,[CA,EG,]G,,E,,,E,,0C [DFA,] [F,D,,,]D,,E,,,E,, |
F,,,F,,0[F2A,2F,2D2C2]^F,,,[F,,=F,] [G,,,D] =B,G,,F,,, ((3F,,2E,,,2D0)[B,F,E,,]D,,, G,,, | C[A,2E2G,2C,,,2]C,,2[A,,2C,,2][C2A,2G,2E2G,,2C,,2][A,,2C,,2][E2G,,2C2A,2G,2]C,,2 [A,,2C,,2] |[A,ECG,][G,,C,,][^C2^F,2^G2]F2 B,2 [G,,,G,,]C[G,=F,_EC]FC,,,C,, [F,CFEG,] F,,,F,,G,,, G,, |B,,,B,,[_EF^C,,^G,CF,] C,B,,,B,,G,,, [E0C0G,0F0F,0]G,,F,,,[CF,,][G,EF,F]C,,, |
[^C,,F,^G,][C_E]FF,,,F,,G,,,G,,B,,,B,, [ECFG,F,] =B,,,B,,_B,,,B,, | ^G,,,[_EG,F,F^C]G,,F,,,[F,,C] [^F,,,B,FF,][FF,B,CF,,]B,,,B,, C,,C,E,, E, |[^FF,E,,E^C]B,E,_E,, E,C,,[C,F,F=E][CB,]B,,, B,,[C^G,=FF,]C,,,C,,[CF,G,F]F,,, | F,,^G,,,G,,B,,, B,,[FF,G,^C]C,,C,B,,,B,,G,,,[FG,CF,G,,] F,,, |
[F,,^C][CB,_E^F,][FE,,,]E,, =F,,,F,,^F,,,F,, G,,,G,,[F,EF=C^G]G,,,G,, | ^F,,,F,,=F,,,[F,,^F,^GCF]_E =E,,,[G,,,^C][_E2G,2=F,2F2]C,,2C,,,2 [C,,2B,,2][E2G,2F,2F2C2][G,,2C,,2] |[B,,2^C,,2][_E2^G,2C2F2F,2][G,,2C,,2][C,,B,,][EG,CF,]FD,, [D=B,F,=G][G,,,G,,][G,,,0=C0][C,,,A,=EG,] | C,,[G,CA,]EE,,,E,,G,,,G,,A,,,A,, [C,,A,CG,] EC,A,,,A,, G,,, |
[G,,_E^F,][A,C]=E,,,[E,,CG,A,E] C,,,[A,CEG,]C,,E,,,E,, G,,,G,,A,,, A,, | [A,G,CEC,,]C,B,,, B,,A,,,A,,[CEG,A,]G,,, C,, C[A,_EF,,,F,F]F,,A,,, A,, |[C,,0_E0A,0F,0][CF]C,D,, D,[A,ECF]E,,E,D,,D,C,,[EFF,A,C]C,A,,, | A,,C[A,EC,,,G,][C,,G,][CA,E]E,,, E,,[G,,,CA,G,]EG,,A,,,A,,[A,CC,,G,E]C, A,,, |
A,,G,,,[G,,CA,EG,] F,,,[F,,C][DD,,,A,F,]D,, E,,,E,,F,,,[DF,A,CF,,] ^F,,, |^F,,[D=B,=F,G,,,]G,, F,,,F,,E,,,[B,F,D]E,, D,,,G,,,0C3[A,2E2G,2C,,,2]C,,2 | [C,,2A,,2][G,2C2A,2E2][G,,2C,,2] [A,,2C,,2][A,2C2G,2E2G,,2]C,,2[A,,C,,][CA,EG,][G,,C,,] | [G,A,EC][C,,2A,,2][D,,2^F,2D2D,,,2][D2G,2E,,,2E,,2][^G,D=F,,,F,,] [DA,][^F,,F,,,][=G,=B,][G,,,G,,] |
[A,C][A,,A,,,][^CB,][B,,,B,,] [D=B,][B,,B,,,]=C[A,0G,0E0][C,,2G,,2][C,,2A,,2][A2c2C2G2E2][G,,2C,,2] |[A,,2C,,2][e2G2c2A2G,,2] C,,2[C,,A,,][GAec][C,,G,,][cF^G_ef][B,,,2B,,2] [e2=g2B,,2B2b2] E,,2 |[_E,,2C,2][beBg] [cc'] [B,,0b0B0E,,0][GgC,E,,] [Ff] [B,,0E,,0] [E2e2][G2g2][C,2E,,2] |[B,,2B2b2_E,,2][E,,C,] [ec'^gc][G,,,G,,][egc'c][G,,,G,,] [F,,=g][e2B2b2E,,2]B,,2[G2B2e2g2][E,,2B,,2] |
[f^Gd][B,,,B,,][dGfb] [G,,G,,,][Gdbf][=G,,G,,,][f^Gbd] [F,,,F,,]=g[b2_e2B2][E,,,2E,,2] | [c'2c2_e2g2] [C,2E,,2][b0e0g0][B2B,,2]E,,2 [BegG] [E,,C,][Ff][E0e0B,,0E,,0][G2g2][C,2E,,2][B,,2B2b2E,,2] |[_E,,C,][^fc'ec][^G,,,G,,] [efc'c][G,,,G,,][=F,,=g][e2B2b2E,,2]B,,2[B2G2e2g2][E,,2B,,2][f^GB,,d]B,,, |[b^Gdf][B,,,B,,][_eB=G] [E,,B,,][eBG][B,,E,,]c [e^F^G,,,]G,,C,,C, [F,CE,,E] |
_E,C,,C, [e^Fc] ^G,,,G,,C,, [F,0C0E0C,0] E,,E,C,, C, |[G_EeB]E,,,E,,G,,, G,,[B,G,EB,,,]B,,G,,, G,,[B,2E2G,2][E,,,2E,,2][B,2E2G,2E,,,2E,,2] |[B,4G,4_E4E,,,4E,,4]E,,^G,,,[^F,EFCG][F,EG,,CG]F C,,2C,E,, E, | C,,C,[_eEc^F]^G,,, G,,C,,C,E,, [F,GFECE,]C,,C,[E=GG,B,]E,,, E,, |
G,,,G,,B,,, B,,G,,,G,,[B,2_E2G,2][E,,,2E,,2][E2B,2G,2E,,2E,,,2][B,4E4G,4E,,4E,,,4] |C,, F,,, [^G,_ECFF,][F,F,,G,CE]F=G,,,((3G,,2^G,,,2E0)[G,0C0F0F,0G,,0]A,,,A,, | [_ECF,^G,B,,,] F[B,,G,F,][CEF]G,,, G,, =G,,,[^G,2F,2E2C2F2][F,,,F,,][F,G,,,] ^F,0 [=G,E,,,E,,]E[E,,D,]C, =F,0< ^F,0 | G, [B,,_E,,]E[E,,C,] F, ^F,0 [G,B,,E,,]E[C,2E,,2][B,,E,,][=F,GD=B,][G,,G,,,] |
G,,,0 C2[C,,,A,][G,EG][C,,A,G,CG]EE,,,2 E,,G,,,G,,A,,,A,,C,,C, A,,, |A,,G,,,G,, E,,,E,,[C,,,GEG,CA,] C,, E,,,E,,G,,, | G,,A,,,A,,[C,,GECG,A,] C,B,,,B,,A,,, [CEG,GA,] A,,G,,,G,,0_E2[GA,CF,,,] | [_EA,F,,CG]A,,,A,,C,,C,D,,D,[CEA,GE,,]E,D,,D, C,, |
[_EGA,C]C,0A,,,A,, C [G=EG,A,] C,,,[C,,A,][G,CGE]E,,,E,, G,,,G,,A,,, A,, | [GG,A,EC] C,,C,A,,, A,, G,,,G,,[EG,CA,G]E,,, E,,0 C[D,,,DA,F,]FD,,E,,, | E,,F,,,[DCF,FF,,A,]^F,,, F,,[D=B,=F,][GG,,,]G,,F,,, F,,E,,,E,,[DF,B,G]D,,, | G,,,0C3[E2G,2A,2G2C,,,2]C,,2[A,,2C,,2][G2G,2E2A,2C2][G,,2C,,2] [A,,2C,,2][C2E2G,2A,2G2][G,,2C,,2] |
[A,,0C,,0][A,2C2G2E2G,2]G,,[C_E^F,A,] [G,,G,,,]G,,,0C[C,,,2A,2=E2G,2] [A,G,CEC,,]E,,,E,,G,,, | G,,A,,,A,,C,,[A,CG,E] C,A,,,A,,G,,,G,,E,,,E,, [C,,,CA,EG,] |C,,E,,,E,, G,,,G,,A,,,A,, [C,,A,EG,C]C,B,,, B,, | A,,,A,,0[CA,G,E]G,,, C,, C[A,_EF,FF,,,]F,,A,,, A,,[F,0E0C0A,0F0]C,,C,D,, |
D,[A,0_E0C0F0]E,,E,D,, A,,D,C,,[ECC,F,A,]FA,,, A,,C0[=EA,G,]C,,,C,,[A,G,CE] E,,, |E,,G,,,G,, A,,,A,,[A,0G,0C0E0]C,,C, A,,,A,,G,,,G,,[CA,G,E] | E,,,A,,,C[D,,,F,DA,]CD,, E,,,E,,F,,,[DA,CF,,F,] ^F,,,F,,[=F,=B,DG,,,]G,, F,,, |F,,E,,,[=B,DF,E,,] D,,,G,,,C3[G,2A,2E2C,,,2]C,,2 [A,,2C,,2][G,2C2A,2E2][G,,2C,,2] |
[A,,2C,,2][A,2G,2E2C2][G,,2C,,2] [A,,C,,][CA,EG,][G,,2C,,2]< [A,2G,2C2E2] [C,,2A,,2][D,,,2D,,2][^F,2D2]=F,2 | [G,2D2E,,2E,,,2][^G,D][F,,F,,,] [DA,] [^F,,F,,,][=B,2=G,2][G,,G,,,][CA,] [A,,,A,,][^C_B,][B,,B,,,][D=B,] [B,,,B,,] |C[A,2E2G,2][C,,2G,,2] [A,,2C,,2][C2G,2A,2G2E2][G,,2C,,2] [A,,2C,,2][C2A,2G2G,2E2G,,2]C,,2 | A,,C,,[CA,G,E]G[G,,C,,] [A,G,CEG] [C,,A,,]A,,,0D3[C2^F,2D,,,2F2D,,2][G2G,2D2C2][E,,,2E,,2][^G2G,2D2C2=F,,2]F,,,2 |
[A,2A2][^F,,2F,,,2][=B2B,2G,,,2G,,2][c2C2A,,,2A,,2][^c2C2][_B,,2B,,,2][=B,,,2B,,2D2d2] [A11G11E11=c11e11] [C,11C,,11G,,11] |[^G,,2_E2^C,,2=B,2F,2] |[E,0B,0D0G,,0]C,,5C,,,C,,0E,G, C,,,0 B, C,, DC,,,[C,,E,]C,,,0G,B,[C,,D][C,,,E,][C,,0G,0] C,,, [DB,] | [C,,E,]C,,,0G,C,,DB,C,,,0E,C,,0G,C,,,DB,0C,,0 E, C,,,0 G,[C,,D]B,C,,,E,C,,0G,[C,,,D]B,C,,E,[C,,,G,] [DC,,] B,0< [C,,,0E,0]G,C,,DB,C,,,0E,C,,G,DC,,,0B,0C,, E, G, C,,, |
DB,[C,,0E,0]G,C,,,DB,0<C,,0E,[G,C,,,][DB,]C,,0[E,C,,,] [DB,C,,][C,,,E,][DC,,]B,0C,,,G,E,C,,0[B,D]C,,,[G,C,,]E, [DB,] C,,, C,, [E,0G,0][DB,C,,,][E,0C,,0G,0][B,C,,,D][C,,0E,0G,0]B,[D0C,,,0] C,, [E,0G,0] | [B,DC,,,]C,,[E,G,]C,,,C,,C,,,C,, =B,,,0 [C,,,C,,] D,, E,,F,,G,,A,,B,,C,D,E,F,G,A,B,CD E F G A Bcdefgabc'd'e'f'g'a'b'c''d''e''0 f'' g'' | a''0< =b''0 c'''[C,,,C,,] |","['Country', 'Electronic', 'Jazz', 'Blues']",Blues,3,Choose the most probable genre label of the provided score.
Blues_Canadian Blues_Downchild_Lucky 13.abc,"X:1
M:3/4
L:1/16
K:Bm
[a2e'2]>a2 [c'4e'4] | [a3c'3e'3][a4c'4e'4][a4e'4c'4]a | [a4f'4] [b3g'3][a4f'4][a4e'4c'4] |a [e'4c'4] [a3c'3e'3][a4e'4c'4] |
[a4c'4e'4]a [a4f'4] | [b3g'3][a5f'5] [ag'a'c'][ad'a'][ad'a'] | [ad'a'][ad'a'][ad'a'] [ad'a'][ad'a'][aa'd'] [aa'd'][a'ad'][=c'4a'4a4d'4] |[a'd'a] [a2f'2d'2]>a2 [a3d'3g'3][a4d'4f'4] |
[c'3a3e'3][a'e'a][ae'a'] [ae'a'][ae'a'][ae'a'] | [ae'a'][ae'a'][ae'a'] [ae'a'][ae'a'][a4c'4e'4]a | [f'2d'2]>a2 [g'3e'3][a4d'4f'4][a4e'4] |[e'b'e''] [e'2e''2b'2]>[e'2e''2b'2] [e''3e'3b'3][e''4b'4e'4] |
[e'4b'4^g'4]e' [a'2e'2c'2]>b2 | [b3^g'3e'3][b4e'4][b4e'4][ae'] | [a4f'4] [b4g'4] [a2f'2]>a2 | [a2e'2]>a2 e'3[a4e'4][ae'] |
[a3e'3][e'4a4][a4e'4a'4][a4a'4e'4] |[a'e'a] [f'2d'2]>a2 [g'4a4e'4] | [a2f'2d'2]>a2 [g'3e'3][a4d'4f'4][=c'4^c'4e'4] |[a4d'4f'4][=c'4^c'4e'4][f'4d'4] |
[^d'ag']e'3a [f'2=d'2]>a2 | [g'3e'3][d'4a4f'4][d'af'] [a'ac'][d'aa'][ad'a'] | [ad'a'][ad'a'][ad'a'] [ad'a'][ad'a'][ad'a'] [d'a'a][d'a'a][a'4a4d'4] |[ad'a'] [a2d'2f'2]>[d'2a2] [a3d'3g'3][a4d'4f'4] |
[d'4=c'4e'4^c'4][e'c'] [f'2d'2]>a2 | [g'4e'4] [f'2d'2]>a2 [=c'2^c'2e'2]>a2 | [f'2d'2]>a2 [a3g'3e'3][a4d'4f'4]b | [ba'^d'][e'ba'][a'be'] [a'2b2e'2]>[b2e'2a'2] [a'3b3e'3][b4e'4a'4] |
[b4e'4a'4][b4e'4a'4][b4a'4e'4] |[a'4b4e'4][a4a'4e'4][a'ae'] | [e'2a2f'2d'2]>a2 [g'4e'4] [a2f'2d'2]>a2 | [g'4a4e'4] [a2f'2d'2]>a2 [=c'2e'2]>[d'2f'2]a5 |
[a2e'2]>a2 [c'4e'4] | [a3c'3e'3][a4c'4e'4][a4e'4c'4]a | [a4f'4] [b3g'3][a4f'4][a4e'4c'4] |a [e'4c'4] [a3c'3e'3][a4e'4c'4] |
[a4c'4e'4]a [a4f'4] | [b3g'3][a5f'5] [ag'a'c'][ad'a'][ad'a'] | [ad'a'][ad'a'][ad'a'] [ad'a'][ad'a'][aa'd'] [aa'd'][a'ad'][=c'4a'4a4d'4] |[a'd'a] [a2f'2d'2]>a2 [a3d'3g'3][a4d'4f'4] |
[c'3a3e'3][a'e'a][ae'a'] [ae'a'][ae'a'][ae'a'] | [ae'a'][ae'a'][ae'a'] [ae'a'][ae'a'][a4c'4e'4]a | [f'2d'2]>a2 [g'3e'3][a4d'4f'4][a4e'4] |[e'b'e''] [e'2e''2b'2]>[e'2e''2b'2] [e''3e'3b'3][e''4b'4e'4] |
[e'4b'4^g'4]e' [a'2e'2c'2]>b2 | [b3^g'3e'3][b4e'4][b4e'4][ae'] | [a4f'4] [b4g'4] [a2f'2]>a2 | [a2e'2]>a2 e'3[a4e'4][ae'] |
[a2e'2]>[e'2a2] [a16e16A16A,16] | [a16A16d16D16] | [a8e8A8A,8] [a8A8e8A,8] | [A,4a4A4e4] [A,4a4A4e4] |
[aA^dA,][Aea][Aea] [Aea][Aea][Aea] [=dd'^g][dad'][dd'a] | [d^gd']a[dad'][dd'a] [dgd'][dad'][dd'a] [add'g][dad'][dad'] | [d2d'2a2]>[d2a2d'2] [d2d'2a2]>[d2a2d'2] [d2d'2a2]>[d2a2d'2] | [d2d'2a2]>[d2a2d'2] [^daA]e2[aeA] [d2a2A2e2]>[a2e2A2] |
[^d2a2e2A2]>[=d2f2] [c2e2]>A2 [^d2a2e2]>[A2a2e2] | [a2A2e2]>[A2a2e2] [a2A2e2]>[d2f2A2] [c2e2]>A2 | [a2A2e2]>[a2A2e2] [a2A2e2]>[a2A2e2] [A2a2e2]>[f2A2] | e2[Be]b4[B4e4b4][B4b4e4] |
[Bbe] [B2b2e2]>[B2e2b2] [A2c2e2]>A2 | [A2f2d2]>A2 [^dAg]e2A [=d3A3f3][A4c4e4] |[e4a4e'4][e4a4e'4][e4a4e'4] |[ee'a] [e16A16A,16] |
[a16A16d16D16] | [a8e8A8A,8] [a8A8e8A,8] | [A,4a4A4e4] [A,4a4A4e4] | [aA^dA,][Aea][Aea] [Aea][Aea][Aea] [=dd'^g][dad'][dd'a] |
[d^gd']a[dad'][dd'a] [dgd'][dad'][dd'a] [add'g][dad'][dad'] | [d2d'2a2]>[d2a2d'2] [d2d'2a2]>[d2a2d'2] [d2d'2a2]>[d2a2d'2] | [d2d'2a2]>[d2a2d'2] [^daA]e2[aeA] [d2a2A2e2]>[a2e2A2] | [^d2a2e2A2]>[=d2f2] [c2e2]>A2 [^d2a2e2]>[A2a2e2] |
[a2A2e2]>[A2a2e2] [a2A2e2]>[d2f2A2] [c2e2]>A2 | [a2A2e2]>[a2A2e2] [a2A2e2]>[a2A2e2] [A2a2e2]>[f2A2] | e2[Be]b4[B4e4b4][B4b4e4] |[Bbe] [B2b2e2]>[B2e2b2] [A2c2e2]>A2 |
[A2f2d2]>A2 [^dAg]e2A [=d3A3f3][A4c4e4] |[e4a4e'4][e4a4e'4][e4a4e'4] |[e4e'4a4][a4e'4a'4][a4a'4e'4] |[a'e'a] [f'2d'2]>a2 [g'4a4e'4] |
[a2f'2d'2]>a2 [g'3e'3][a4d'4f'4][=c'4^c'4e'4] |[a4d'4f'4][=c'4^c'4e'4][f'4d'4] |[^d'ag']e'3a [f'2=d'2]>a2 | [g'3e'3][d'4a4f'4][d'af'] [a'ac'][d'aa'][ad'a'] |
[ad'a'][ad'a'][ad'a'] [ad'a'][ad'a'][ad'a'] [d'a'a][d'a'a][a'4a4d'4] |[ad'a'] [a2d'2f'2]>[d'2a2] [a3d'3g'3][a4d'4f'4] |[d'4=c'4e'4^c'4][e'c'] [f'2d'2]>a2 | [g'4e'4] [f'2d'2]>a2 [=c'2^c'2e'2]>a2 |
[f'2d'2]>a2 [a3g'3e'3][a4d'4f'4]b | [ba'^d'][e'ba'][a'be'] [a'2b2e'2]>[b2e'2a'2] [a'3b3e'3][b4e'4a'4] |[b4e'4a'4][b4e'4a'4][b4a'4e'4] |[a'4b4e'4][a4a'4e'4][a'ae'] |
[e'2a2f'2d'2]>a2 [g'4e'4] [a2f'2d'2]>a2 | [g'4a4e'4] [a2f'2d'2]>a2 [=c'3e'3][d'5f'5]a5 | [a2e'2]>a2 [c'4e'4] | [a3c'3e'3][a4c'4e'4][a4e'4c'4]a |
[a4f'4] [b3g'3][a4f'4][a4e'4c'4] |a [e'4c'4] [a3c'3e'3][a4e'4c'4] |[a4c'4e'4]a [a4f'4] | [b3g'3][a5f'5] [ag'a'c'][ad'a'][ad'a'] |
[ad'a'][ad'a'][ad'a'] [ad'a'][ad'a'][aa'd'] [aa'd'][a'ad'][=c'4a'4a4d'4] |[a'd'a] [a2f'2d'2]>a2 [a3d'3g'3][a4d'4f'4] |[c'3a3e'3][a'e'a][ae'a'] [ae'a'][ae'a'][ae'a'] | [ae'a'][ae'a'][ae'a'] [ae'a'][ae'a'][a4c'4e'4]a |
[f'2d'2]>a2 [g'3e'3][a4d'4f'4][a4e'4] |[e'b'e''] [e'2e''2b'2]>[e'2e''2b'2] [e''3e'3b'3][e''4b'4e'4] |[e'4b'4^g'4]e' [a'2e'2c'2]>b2 | [b3^g'3e'3][b4e'4][b4e'4][ae'] |
[a4f'4] [b4g'4] [a2f'2]>a2 | [A7c7e7][A25a25e25] |","['Jazz', 'Rap', 'Electronic', 'Blues']",Blues,3,Choose the most probable genre label of the provided score.
Blues_Rhythm And Blues_The Marvelettes_You Bring The Love Into My Life.abc,"X:1
M:3/4
L:1/16
K:Em
[D,12A,12D12F12] | [C,4G,4C4E4] [G,,16G,16B,16D16] | [D,12A,12D12F12] | [C,8G,8C8E8]< [G,,8G,8B,8D8] |
[C,8G,8C8E8]< [D,8A,8D8F8] | [C,4G,4C4E4] | [G,,16G,16B,16D16] | [D,12A,12D12F12] |
[C,8G,8C8E8]< [G,,8G,8B,8D8] | [C,4G,4C4E4] | [D,12A,12D12F12] | [C,4G,4C4E4] [G,,16G,16B,16D16] |
[D,16A,16D16F16] | [G,16B,16D16G16] | [D,16A,16D16F16] | [G,16B,16D16G16] |
[D,16A,16D16F16] | [G,16B,16D16G16] | [D,16A,16D16F16] | [G,16B,16D16G16] |
[D,16A,16D16F16] | [G,16B,16D16G16] | [D,16A,16D16F16] | [G,16B,16D16G16] |
[D,16A,16D16F16] | [G,16B,16D16G16] | [D,16A,16D16F16] | [G,16B,16D16G16] |
[D,16A,16D16F16] | [G,16B,16D16G16] | [D,16A,16D16F16] | [G,16B,16D16G16] |
[D,16A,16D16F16] | [G,16B,16D16G16] | [D,16A,16D16F16] | [G,16B,16D16G16] |
[D,12A,12D12F12] | [C,4G,4C4E4] | [G,,16G,16B,16D16] | [D,12A,12D12F12] |
[C,8G,8C8E8]< [G,,8G,8B,8D8] | [C,4G,4C4E4] | [D,12A,12D12F12] | [C,4G,4C4E4] [G,,16G,16B,16D16] |
[D,12A,12D12F12] | [C,4G,4C4E4] | [G,,16G,16B,16D16] | [D,12A,12D12F12] |
[C,4G,4C4E4] [G,,16G,16B,16D16] | [D,16A,16D16F16] | [G,16B,16D16G16] | [D,16A,16D16F16] |
[G,16B,16D16G16] | [D,16A,16D16F16] | [G,16B,16D16G16] | [D,16A,16D16F16] |
[G,16B,16D16G16] | [D,16A,16D16F16] | [G,16B,16D16G16] | [D,16A,16D16F16] |
[G,16B,16D16G16] | [D,16A,16D16F16] | [G,16B,16D16G16] | [D,16A,16D16F16] |
[G,16B,16D16G16] | [D,16A,16D16F16] | [G,16B,16D16G16] | [D,16A,16D16F16] |
[G,16B,16D16G16] | [D,16A,16D16F16] | [G,16B,16D16G16] | [D,16A,16D16F16] |
[G,16B,16D16G16] | [D,12A,12D12F12] | [C,4G,4C4E4] [G,,16G,16B,16D16] | [D,12A,12D12F12] |
[C,4G,4C4E4] | [G,,12G,12B,12D12] | [C,8G,8C8E8]< [D,8A,8D8F8] | [C,4G,4C4E4] [G,,16G,16B,16D16] |
[D,12A,12D12F12] | [C,8G,8C8E8]< [G,,8G,8B,8D8] | [C,8G,8C8E8]< [D,8A,8D8F8] | [C,4G,4C4E4] |
[G,,16G,16B,16D16] | [D,16A,16D16F16] | [G,16B,16D16G16] | [D,16A,16D16F16] |
[G,16B,16D16G16] | [D,16A,16D16F16] | [G,16B,16D16G16] | [D,16A,16D16F16] |
[G,16B,16D16G16] | [D,16A,16D16F16] | [G,16B,16D16G16] | [D,16A,16D16F16] |
[G,16B,16D16G16] | [D,16A,16D16F16] | [G,16B,16D16G16] | [D,16A,16D16F16] |
[G,16B,16D16G16] | [D,16A,16D16F16] | [G,16B,16D16G16] | [D,16A,16D16F16] |
[G,16B,16D16G16] | [D,16A,16D16F16] | [G,16B,16D16G16] | [D,16A,16D16F16] |
[G,16B,16D16G16] | [D,12A,12D12F12] | [C,4G,4C4E4] [G,,16G,16B,16D16] | [D,12A,12D12F12] |
[C,8G,8C8E8]< [G,,8G,8B,8D8] | [C,8G,8C8E8]< [D,8A,8D8F8] | [C,4G,4C4E4] | [G,,16G,16B,16D16] |
[D,12A,12D12F12] | [C,8G,8C8E8]< [G,,8G,8B,8D8] | [C,4G,4C4E4] | [D,12A,12D12F12] |
[C,4G,4C4E4] [G,,16G,16B,16D16] | [D,12A,12D12F12] | [C,4G,4C4E4] | [G,,12G,12B,12D12] |
[C,8G,8C8E8]< [D,8A,8D8F8] | [C,4G,4C4E4] [G,,16G,16B,16D16] | [D,12A,12D12F12] | [C,8G,8C8E8]< [G,,8G,8B,8D8] |
[C,8G,8C8E8]< [D,8A,8D8F8] | [C,4G,4C4E4] | [G,,16G,16B,16D16] | [D,12A,12D12F12] |
[C,8G,8C8E8]< [G,,8G,8B,8D8] | [C,4G,4C4E4] | [D,12A,12D12F12] | [C,4G,4C4E4] [G,,16G,16B,16D16] |
[D,12A,12D12F12] | [C,4G,4C4E4] | [G,,12G,12B,12D12] | [C,4G,4C4E4] [D,2A,2D2F2]>[D,2A,2D2F2] [C,4G,4C4E4]<[D,4A,4D4F4] |
[C,4G,4C4E4] [D,,2D,2A,2D2F2][D,,2D,2A,2D2F2] |","['Ambient', 'Country', 'Blues', 'Jazz']",Blues,2,Choose the most probable genre label of the provided score.
Classical_Classical_Wolfgang Amadeus Mozart_Romance.abc,"X:1
M:3/4
L:1/16
K:G
[d2G,2]B,2 D2B,2 [^c2^A,2][d2B,2] | [^c2^A,2][d2B,2] [e2G,2][d2B,2] [=c2C2][B2B,2] | [B4G,4] d2>B2 [G2G,2]B,2 | [G2D2]B,2 [D2F,2]C2 [D2A,2]C2 | [G2G,2]D2 B,2[AD]B [F2A2D,2]B2 |
c2^c2 [d2G,2]B,2 D2B,2 | [^c2^A,2][d2B,2] [c2A,2][d2B,2] [e2G,2][d2=A,2] | [c2B,2][B2C2] [B4G,4] d2>B2 | [G2D,2]G,2 [G2B,2]G,2 [D2F,2]C2 |
[D2A,2]C2 [A,4C4G,,4] D,2D,2 | [B,2G,2]D2 G2B2 [d2G,2]B,2 | D2B,2 [^c2^A,2][d2B,2] [c2A,2][d2B,2] | [e2G,2][d2A,2] [c2B,2][B2C2] [B2G,2]B2 |
d2B2 [G2G,2]B,2 [G2D2]B,2 | [D2F,2]C2 [D2A,2]C2 [G2G,2]D2 | B,2[AD]B [F2A2D,2]B2 c2^c2 | [d2G,2]B,2 D2B,2 [^c2^A,2][d2B,2] |
[^c2^A,2][d2B,2] [e2G,2][d2=A,2] [=c2B,2][B2C2] | [B2G,2]B2 d2B2 [G2G,2]B,2 | [G2D2]B,2 [D2F,2]C2 [D2A,2]C2 | [A,4C4G,,4] D,2D,2 [B,2G,2]G2 |
A2B2 c2D,2 F,2[BA,]AG | [F2C2]A2 B2c2 d2D,2 | G,2[cB,]BA [G2D2]d2 e2f2 | g2A,2 ^C2[fE]ed [c2G2]e2 |
f2g2 a2D,2 F,2[gA,]fe | [d2D2]d2 d2d2 [d2G,2]B,2 | D2B,2 [^c2^A,2][d2B,2] [c2A,2][d2B,2] | [e2G,2][d2A,2] [c2B,2][B2C2] [B2G,2]B2 |
d2>B2 [G2G,2]B,2 [G2D2]B,2 | [D2F,2]C2 [D2A,2]C2 [A,4C4G,,4] | D,4 [B,2G,2]G2 A2B2 | c2D,2 F,2[BA,]AG [F2C2]A2 |
B2c2 d2D,2 G,2[cB,]BA | [G2D2]d2 e2f2 g2A,2 | ^C2[fE]ed [c2G2]e2 f2g2 | a2D,2 F,2[gA,]fe [d2D2]d2 |
d2d2 [d2G,2]B,2 D2B,2 | [^c2^A,2][d2B,2] [c2A,2][d2B,2] [e2G,2][d2=A,2] | [c2B,2][B2C2] [B2G,2]B2 d2>B2 | [G2G,2]B,2 [G2D2]B,2 [D2F,2]C2 |
[D2A,2]C2 [^G2B2E,2]D2 B,2D2 | [A2c2A,2]E2 C2E2 [B2d2G,2]=F2 | D2=F2 [c2e2C2]G2 E2G2 | [d2f2D2]c2 A2c2 [a2E2B2]g2 |
[f2C2]e2 [d2B,2G2]^c2 [=c2C2]A2 | [G4D,4B,4] [A4D,4F,4C4] [G2G,2]B,2 | D2B,2 [^G2D,2][A2C2] [B2A,2][c2C2] | [e2G,2][d2D2] B,2D2 [^G2D,2][A2C2] |
[B2A,2][c2C2] [e2G,2][d2D2] B,2D2 | [^c2D,2][d2=C2] [e2A,2][f2C2] [c8a8G,8F8] | [B4g4G4] |","['Classical', 'Country', 'Rap', 'Soul']",Classical,0,Choose the most probable genre label of the provided score.
Classical_Baroque Pop_The Machine_Mother.abc,"X:1
M:3/4
L:1/16
K:Am
[G,,8B,8D8G8] | [G,,6B,6D6G6][G,,6D6G6] | [C,12C12E12] | [C,12C12E12] |
[C,8C8E8] [D,2C2E2]E,10 | [C,12C12E12] | [C,8C8E8] | [G,,12B,12D12] |
[G,,12B,12D12] | [G,,8B,8D8] | [A,,2B,2D2]B,,10 | [G,,12B,12D12] |
G,,8 [G,,8B,8D8G8] | [G,,6B,6D6G6][G,,6D6G6] | [C,12C12E12] | [C,12C12E12] |
[C,8C8E8] | [D,2C2E2]E,10 | [C,12C12E12] | [C,8C8E8] [G,,12B,12D12] |
[G,,12B,12D12] | [G,,8B,8D8] | [A,,2B,2D2]B,,10 | [G,,12B,12D12] |
G,,8 | [C,8C8E8G8] [C,6C6E6G6] |[C,6C6E6G6] [C,12C12E12G12] | [G,,12B,12D12] |
[G,,12B,12D12] | [G,,8B,8D8] | [A,,2B,2D2]B,,10 | [G,,12B,12D12] |
G,,8 | [^F,24A,24D24D,24] | [^F,24A,24D24] | [C,8C,8G,8G,8C8C8E8E8] [G,,12B,12D12] |
[G,,12B,12D12] | [G,,8B,8D8] | [A,,2B,2D2]B,,10 | [G,,12B,12D12] |
G,,8 | [G,,8B,8D8G8] [G,,6B,6D6G6] |[G,,6D6G6] [C,12C12E12] | [C,12C12E12] |
[C,8C8E8] | [D,2C2E2]E,10 | [C,12C12E12] | [C,8C8E8] |
[G,,12B,12D12] | [G,,12B,12D12] | [G,,8B,8D8] [A,,2B,2D2]B,,10 | [G,,12B,12D12] |
G,,8 | [G,,8B,8D8G8] | [G,,6B,6D6G6][G,,6D6G6] | [C,12C12E12] |
[C,12C12E12] | [C,8C8E8] [D,2C2E2]E,10 | [C,12C12E12] | [C,8C8E8] |
[G,,12B,12D12] | [G,,12B,12D12] | [G,,8B,8D8] | [A,,2B,2D2]B,,10 |
[G,,12B,12D12] | G,,8 [C,8C8E8G8] | [C,6C6E6G6][C,6C6E6G6] | [C,12C12E12G12] |
[G,,12B,12D12] | [G,,12B,12D12] | [G,,8B,8D8] | [A,,2B,2D2]B,,10 |
[G,,12B,12D12] | G,,16< [^F,16A,16D16D,16] | [^F,24A,24D24] | [C,8C,8G,8G,8C8C8E8E8] |
[G,,12B,12D12] | [G,,12B,12D12] | [G,,8B,8D8] | [A,,2B,2D2]B,,10 |
[G,,12B,12D12] | G,,8 [D4G,,4G,4] | B,2[D4G,,4G,4]B,2 [D8G,,8G,8] | B,4 [B,4D4G,,4] |
G4 [C,8G,8C8E8] | G,,8< [C,8G,8C8] | [C,8G,8C8E8] | G,,4 [C,,4G,4C4E4] D,,4 |
E,,8< [C8F8A8F,,8] | [C12F12A12] | [G4C,,4] [E4E4] | [C4C4] [C,,4E,4G,4C4] D,,4 |
E,,8< [C8F8A8F,,8] | [C12F12A12] | [G4C,,4] [E4E4] | [C4C4] [C,,4E,4G,4C4] D,,4 |
E,,8< [C8F8A8F,,8] | [C12F12A12] | [G4C,,4C4E4] G4 | A4 [C,,4C4E,4G,4] D,,4 |
E,,8< [C8F8A8F,,8] | [C12F12A12] | [G4C,,4] [E4E4] | [C4C4] [C,,4E,4G,4C4] D,,4 |
E,,8< [A,8C8F8F,,8] | [A,12C12F12] | [C,4G4C4E4] [B,,4G4] | [A,,8C8E8A8]< [G,,8D8G8B8] |
[G,,12B,12D12G12] | [G,,12B,12D12G12] | [B,4D4G4G,,4] [B,8D8G8] | [A,12D12D,12^F12] |
[A,12D12] | [C,12G,12C12G12] | [C,12G,12C12E12] | [A,12D12D,12^F12] |
[A,12D12] | [C,12G,12C12G12] | [C,12G,12C12E12] | [A,8D8D,8] |
^F8< [A,8D8] | [C,24G,24C24E24] | [G,,12B,12D12G12] | [G,,12D12G12B12] |
[G,,4D4G4] B,4 | [C,12C12E12G12] | [C12E12G12] | [C,8C,8E8G8c8] [G,,12B,12D12G12] |
[G,,12D12G12B,12] | [G,,4D4G4] | B,8< [C,8C8E8G8] | [C,12E12G12c12] |
[C4C,4E4G4] C4 | [G,,12B,12D12G12] | [G,,12G12D12B12] | [G,,4G4]<D4 [C,12C12E12G12] |
[C,12E12G12c12] | [C,8C8E8G8] | [D,12A,12D12^F12] | [D,12D12^F12A12] |
[D,8D8^F8A8] | [C,12C12E12G12] | [C,12E12G12c12] | [C4C,4E4G4] C8< [G,,8B,8D8G8] |
[G,,12B,12D12G12] | [C2E2C,2G2]C2 | E4 [B,8D8G8G,,8] | [B,6D6G6][G,,6D6G6] |
[C,12C12E12] | [C12E12C,12] | [C8E8] [C,12C12E12] | [C12E12C,12] |
[C8E8] | [G,,12B,12D12] | [B,12D12G,,12] | [B,4D4]>D,4 |
[G,,12B,12D12] | [G,,16B,16D16] | C,2D,2 [B,8D8G8G,,8] | [B,6D6G6][G,,6D6G6] |
[C,12C12E12] | [C12E12C,12] | [C8E8] | [C,12C12E12] |
[C12E12C,12] | [C8E8] [G,,12B,12D12] | [B,12D12G,,12] | [B,6D6] |
D,2 [G,,12B,12D12] | [G,,20B,20D20] | [C,8C8E8G8] [C,6C6E6G6] |[C,6C6E6G6] [C,12C12E12G12] |
[G,,12B,12D12] | [B,12D12G,,12] | [B,6D6] |D,2 [G,,12B,12D12] |
[G,,20B,20D20] | [D,12^F,12A,12D12] | D,12 | [^F,4A,4D4] B,,4 C,16 |
[G,8G,8C8C8E8E8] [G,,12B,12D12] | [B,12D12G,,12] | [B,6D6] |D,2 [G,,12B,12D12] |
[G,,20B,20D20] | [D4G,,4G,4] B,2[D4G,,4G,4]B,2 | [D8G,,8G,8] B,4 | [B,4D4G,,4] G4 [C,8G,8C8E8] |
G,,8< [C,8G,8C8] | [C,8G,8C8E8] | G,,4 [C,,4G,4C4E4] | D,,4 E,,8< [C8F8A8F,,8] |
[C12F12A12] | [G4C,,4] | [E4E4] [C4C4] [C,,4E,4G,4C4] | D,,4 E,,8< [C8F8A8F,,8] |
[C12F12A12] | [G4C,,4] | [E4E4] [C4C4] [C,,4E,4G,4C4] | D,,4 E,,8< [C8F8A8F,,8] |
[C12F12A12] | [G4C,,4C4E4] | G4 A4 [C,,4C4E,4G,4] | D,,4 E,,8< [C8F8A8F,,8] |
[C12F12A12] | [G4C,,4] | [E4E4] [C4C4] [C,,4E,4G,4C4] | D,,4 E,,8< [A,8C8F8F,,8] |
[A,12C12F12] | [C,4G4C4E4] | [B,,4G4] [A,,8C8E8A8]< [G,,8D8G8B8] | [G,,12B,12D12G12] |
[G,,12B,12D12G12] | [B,4D4G4G,,4] | [B,8D8G8] [A,12D12D,12^F12] | [A,12D12] |
[C,12G,12C12G12] | [C,12G,12C12E12] | [A,12D12D,12^F12] | [A,12D12] |
[C,12G,12C12G12] | [C,12G,12C12E12] | [A,8D8D,8] | ^F8< [A,8D8] |
[C,24G,24C24E24] | [G,12B,12D12G,,12] | [G,20B,20D20] | [G,12B,12D12] |
[G,20B,20D20] | [G,,14D14G14B14] |[G,,6D6G6] [C,48C48E48G48] |","['Rap', 'Folk', 'Classical', 'Ambient']",Classical,2,Choose the most probable genre label of the provided score.
Classical_Classical_Georges Bizet_Habanera from Carmen.abc,"X:1
M:3/4
L:1/16
K:Bm
[^E2d2][E2c2] [E=cD,][E2c2][Ec] | [^E2B2E,2][E2^A2=A,2] [E2A2D,2]>[E2A2A,2] [D2^G2E,2][D2=G2A,2] | [^EDD,]G=E[^EA,] [D2G2E,2][D2E2A,2] [D2=E2D,2]>^A,2 | [E2d2G,2][E2c2^A,2] [E=cD,][E2c2][Ec] [E2B2G,2][E2A2A,2] | [E2A2D,2]>[E2A2^A,2] [D2G2G,2][D2^E2A,2] [C=ED,]^ED[=EG,] |
[C2^E2A,2][C2=E2G,2] [D2D,2]>A,2 [^E2d2E,2][E2c2A,2] | [^E=cD,][E2c2][Ec] [E2B2E,2][E2^A2=A,2] [E2A2D,2]>[E2A2A,2] | [D2^G2^E,2][D2=G2A,2] [EDD,]G=E[^EA,] [D2G2E,2][D2E2A,2] | [D2E2D,2]>^A,2 [E2d2G,2][E2c2A,2] [E=cD,][E2c2][Ec] |
[E2B2G,2][E2^A2A,2] [E2=A2D,2]>[E2A2^A,2] [D2G2G,2][D2^E2A,2] | [CED,]^ED[=EG,] [C2^E2A,2][C2=E2G,2] [D2D,2]>A,2 | [F2d2F,2][F2c2A,2] [F=cD,][F2c2][Fc] [F2B2F,2][F2^A2=A,2] | [F2A2D,2]>[F2A2A,2] [D2^G2F,2][D2=G2A,2] [FDD,]GE[FA,] |
[D2G2F,2][D2F2A,2] [D2E2D,2]>B,2 [E2d2G,2][E2c2B,2] | [E=cD,][E2c2][Ec] [E2B2G,2][E2^A2B,2] [E2=A2D,2]>[E2A2B,2] | [D2G2G,2][D2F2B,2] [CED,]FD[EG,] [C2F2A,2][C2E2G,2] | [D2D,2F,2]>A2 D2E2 [D2F2D,2]>[A2A,2] |
[F2F,2][E2A,2] [D2D,2]>[E2A,2] [D2F2F,2][E2G2A,2] | [FAD,][FA][FA][FA] [G2B2A,2][F2A2] [E2G2D,2]>B2 | E2F2 [E2G2D,2]>[B2B,2] [E2G2G,2][F2B,2] | [E2D,2]>[F2B,2] [E2G2G,2][F2A2B,2] [GBD,][GB][GB][GB] |
[A2c2A,2][G2B2] [F2A2D,2]>A2 [F2d2A,2][A2e2A,2] | [d2f2D,2]>[A2A,2] [D2F2F,2][E2A,2] [D2D,2]>[E2A,2] | [D2F2F,2][E2G2A,2] [FAD,][FA][FA][FA] [B2d2A,2][A2c2] | [E2G2D,2]>B2 [G2e2G,2][B2f2G,2] [e2g2D,2]>[B2B,2] |
[E2G2G,2][F2B,2] [E2D,2]F2B, [E2G2G,2][F2A2B,2] | [GcD,A,]B2A GF2E [D2D,2F,2]>A2 | D2E2 [D2F2D,2]>[A2A,2] [F2F,2][E2A,2] | [D2D,2]>[E2A,2] [D2F2F,2][E2G2A,2] [FAD,][FA][FA][FA] |
[G2B2A,2][F2A2] [E2G2D,2]>B2 E2F2 | [E2G2D,2]>[B2B,2] [E2G2G,2][F2B,2] [E2D,2]>[F2B,2] | [E2G2G,2][F2A2B,2] [GBD,][GB][GB][GB] [A2c2A,2][G2B2] | [F2A2D,2]>A2 [F2d2A,2][A2e2A,2] [d2f2D,2]>[A2A,2] |
[D2F2F,2][E2A,2] [D2D,2]>[E2A,2] [D2F2F,2][E2G2A,2] | [FAD,][FA][FA][FA] [B2d2A,2][A2c2] [E2G2D,2]>B2 | [G2e2G,2][B2f2G,2] [e2g2D,2]>[B2B,2] [E2G2G,2][F2B,2] | [E2D,2]F2B, [E2G2G,2][F2A2B,2] [cD,G,A,]B^GA |
f2>e2 [d2D,2]>A,2 F,2A,2 | D,2>A,2 [^E2d2E,2][E2c2A,2] [E=cD,][E2c2][Ec] | [^E2B2E,2][E2^A2=A,2] [E2A2D,2]>[E2A2A,2] [D2^G2E,2][D2=G2A,2] | [^EDD,]G=E[^EA,] [D2G2E,2][D2E2A,2] [D2=E2D,2]>^A,2 |
[E2d2G,2][E2c2^A,2] [E=cD,][E2c2][Ec] [E2B2G,2][E2A2A,2] | [E2A2D,2]>[E2A2^A,2] [D2G2G,2][D2^E2A,2] [C=ED,]^ED[=EG,] | [C2^E2A,2][C2=E2G,2] [D2D,2]>A,2 [^E2d2E,2][E2c2A,2] | [^E=cD,][E2c2][Ec] [E2B2E,2][E2^A2=A,2] [E2A2D,2]>[E2A2A,2] |
[D2^G2^E,2][D2=G2A,2] [EDD,]G=E[^EA,] [D2G2E,2][D2E2A,2] | [D2E2D,2]>^A,2 [E2d2G,2][E2c2A,2] [E=cD,][E2c2][Ec] | [E2B2G,2][E2^A2A,2] [E2=A2D,2]>[E2A2^A,2] [D2G2G,2][D2^E2A,2] | [CED,]^ED[=EG,] [C2^E2A,2][C2=E2G,2] [D2D,2]>A,2 |
[F2d2F,2][F2c2A,2] [F=cD,][F2c2][Fc] [F2B2F,2][F2^A2=A,2] | [F2A2D,2]>[F2A2A,2] [D2^G2F,2][D2=G2A,2] [FDD,]GE[FA,] | [D2G2F,2][D2F2A,2] [D2E2D,2]>B,2 [E2d2G,2][E2c2B,2] | [E=cD,][E2c2][Ec] [E2B2G,2][E2^A2B,2] [E2=A2D,2]>[E2A2B,2] |
[D2G2G,2][D2F2B,2] [CED,]FD[EG,] [C2F2A,2][C2E2G,2] | [D2D,2F,2]>A2 D2E2 [D2F2D,2]>[A2A,2] | [F2F,2][E2A,2] [D2D,2]>[E2A,2] [D2F2F,2][E2G2A,2] | [FAD,][FA][FA][FA] [G2B2A,2][F2A2] [E2G2D,2]>B2 |
E2F2 [E2G2D,2]>[B2B,2] [E2G2G,2][F2B,2] | [E2D,2]>[F2B,2] [E2G2G,2][F2A2B,2] [GBD,][GB][GB][GB] | [A2c2A,2][G2B2] [F2A2D,2]>A2 [F2d2A,2][A2e2A,2] | [d2f2D,2]>[A2A,2] [D2F2F,2][E2A,2] [D2D,2]>[E2A,2] |
[D2F2F,2][E2G2A,2] [FAD,][FA][FA][FA] [B2d2A,2][A2c2] | [E2G2D,2]>B2 [G2e2G,2][B2f2G,2] [e2g2D,2]>[B2B,2] | [E2G2G,2][F2B,2] [E2D,2]F2B, [E2G2G,2][F2A2B,2] | [GcD,A,]B2A GF2E [D2D,2F,2]>A2 |
D2E2 [D2F2D,2]>[A2A,2] [F2F,2][E2A,2] | [D2D,2]>[E2A,2] [D2F2F,2][E2G2A,2] [FAD,][FA][FA][FA] | [G2B2A,2][F2A2] [E2G2D,2]>B2 E2F2 | [E2G2D,2]>[B2B,2] [E2G2G,2][F2B,2] [E2D,2]>[F2B,2] |
[E2G2G,2][F2A2B,2] [GBD,][GB][GB][GB] [A2c2A,2][G2B2] | [F2A2D,2]>A2 [F2d2A,2][A2e2A,2] [d2f2D,2]>[A2A,2] | [D2F2F,2][E2A,2] [D2D,2]>[E2A,2] [D2F2F,2][E2G2A,2] | [FAD,][FA][FA][FA] [B2d2A,2][A2c2] [E2G2D,2]>B2 |
[G2e2G,2][B2f2G,2] [e2g2D,2]>[B2B,2] [E2G2G,2][F2B,2] | [E2D,2]F2B, [E2G2G,2][F2A2B,2] [cD,G,A,]B^GA | f2>e2 [d2D,2]>A2 [F4d4D,4A,4] |","['Latin', 'Ambient', 'Classical', 'Rap']",Classical,2,Choose the most probable genre label of the provided score.
Classical_Classical Bass_CHRISTOFF_(Ik heb Bij Jou) Dat Goed Gevoel (Flemish).abc,"X:1
M:3/4
L:1/16
K:Dm
[C,6G,6E,6C6] |C,2 D,2E,2 G,2C2 | [C6E6C,6]C4E4 |FG B,8 C8 [F8A8] | C,4 F,2C4< A,4 |
c2 f2c2 g2c2 | [a30f30] |G,A, [B,16C16F16A16] | [A,10C10F10][G,2C2A,2] |
[A,2C2G,2][A,2C2G,2] [G,30A,30C30] |C2 | [C2D2]B,14 | G,14 A,14 C14 |
C2 [C2D2]B,56 |G,2 F,2G,2 | [A,26D26F26] |E,2 F,2B,2 [G,16B,16C16] |
F,,2C2 G2c4G2 | [F4A4]>c4 g2c'2 | a2c2 f4 [a30f30] |G,A, [B,16C16F16A16] |
[A,10C10F10] |[G,2C2A,2] [A,2C2G,2][A,2C2G,2] | [G,30A,30C30] |C2 [C2D2]B,14 |
G,14 A,14 C14 |C2 [C2D2]B,56 |G,2 F,2G,2 [A,26D26F26] |E,2 |
F,2B,2 [G,16B,16C16] | F,,2C2 | G2c4G4< [F4A4] |c2 g2c'2 b2[a2c2] |
g2[c2f2] [E,8C,8G,8C8] | [C,4C4E,4G,4] [C,4E,4G,4C4] [C16C,16F,16A,16] | [B,,4F,4D4B,4]>[B,,4B,4D4F,4] [B,,8B,8F,8D8] | [F,4D4B,,4B,4] [B,,4B,4D4F,4]<[F,4B,4D4B,,4] |
[D4B,4F,4B,,4] [C8E,8C,8G,8] | [E,4G,4C,4C4] [E,4G,4C,4C4] | [C,16A,16F,16C16] | [B,,4D4B,4F,4]>[F,4D4B,,4B,4] |
[F,8B,8B,,8D8] [B,,4F,4B,4d4D4] | [D2c2F,2B,2B,,2][B0F,0B,0D0B,,0] [F,4A4B,4D4B,,4] | [C0E,0G0C,0G,0] [E,4G,4C,4C4] | [E,4C4C,4G,4] [F,16A,16C16C,16] |
[D6F,6B,,6B,6] |[B,,2F,2D2B,2] [B,8B,,8F,8D8] | [D4F,4B,,4B,4] [D4F,4B,4B,,4]<[B,4F,4D4B,,4] | [F,4A,4C4C,4] [G,32C,32C32E,32] |
[B,,16D,16F,16C16] | [F,16C,16A,16C16] | [G,20C,20E,20C20] | [C2E,2G,2][G,2C2E,2] [G,2C2E,2][G,2C2E,2] |
[G,4E,4C4] [D,4F,4B,4] [B,4D,4F,4]<[D,4B,4F,4] | [B,4D,4F,4] [C16F16F,16A,16] | C2G,2 E,2C2 G,2E,2 | C2G,2 C2G,2 E,2C2 |
G,2E,2 C2G,2 C2B,2 | D,2C2 B,2D,2 C2B,2 | C2F,2 C,2C2 F,2C,2 | C2F,2 [a30f30] |
G,A, | [B,16C16F16A16] | [A,10C10F10] |[G,2C2A,2] [A,2C2G,2][A,2C2G,2] [G,30A,30C30] |
C2 [C2D2]B,14 | G,14 A,14 C14 |C2 | [C2D2]B,56 |
G,2 | F,2G,2 [A,26D26F26] |E,2 F,2B,2 | [G,16B,16C16] |
F,,2C2 G2c4 |G4< [F4A4]c2 | g2c'2 b2[a2c2] g2[c2f2] | [E,8C,8G,8C8] [C,4C4E,4G,4] |
[C,4E,4G,4C4] [C16C,16F,16A,16] | [B,,6F,6D6B,6] |[B,,2B,2D2F,2] [B,,8B,8F,8D8] | [F,4D4B,,4B,4] [B,,4B,4D4F,4]<[F,4B,4D4B,,4] |
[D4B,4F,4B,,4] [C8E,8C,8G,8] | [E,4G,4C,4C4] [E,4G,4C,4C4] [C,16A,16F,16C16] | [B,,4D4B,4F,4]>[F,4D4B,,4B,4] [F,8B,8B,,8D8] | [B,,4F,4B,4d4D4] [D2c2F,2B,2B,,2][B0F,0B,0D0B,,0] |
[F,4A4B,4D4B,,4] [C0E,0G0C,0G,0] | [E,4G,4C,4C4] [E,4C4C,4G,4] | [F,16A,16C16C,16] | [D4F,4B,,4B,4]>[B,,4F,4D4B,4] |
[B,8B,,8F,8D8] [D4F,4B,,4B,4] | [D4F,4B,4B,,4]<[B,4F,4D4B,,4] [F,4A,4C4C,4] | [G,32C,32C32E,32] | [B,,16D,16F,16C16] |
[F,16C,16A,16C16] | [E,8C,8G,8C8] | [C,4C4E,4G,4] [C,4E,4G,4C4] [C16C,16F,16A,16] | [B,,4F,4D4B,4]>[B,,4B,4D4F,4] [B,,8B,8F,8D8] |
[F,4D4B,,4B,4] [B,,4B,4D4F,4]<[F,4B,4D4B,,4] | [D4B,4F,4B,,4] [C8E,8C,8G,8] | [E,4G,4C,4C4] [E,4G,4C,4C4] | [C,16A,16F,16C16] |
[B,,4D4B,4F,4]>[F,4D4B,,4B,4] | [F,8B,8B,,8D8] [B,,4F,4B,4d4D4] | [D2c2F,2B,2B,,2][B0F,0B,0D0B,,0] [F,4A4B,4D4B,,4] | [C0E,0G0C,0G,0] [E,4G,4C,4C4] |
[E,4C4C,4G,4] [F,16A,16C16C,16] | [D6F,6B,,6B,6] |[B,,2F,2D2B,2] [B,8B,,8F,8D8] | [D4F,4B,,4B,4] [D4F,4B,4B,,4]<[B,4F,4D4B,,4] |
[F,4A,4C4C,4] [G,32C,32C32E,32] | [B,,16D,16F,16C16] | [F,16C,16A,16C16] | [G,20C,20E,20C20] |
[C2E,2G,2][G,2C2E,2] [G,2C2E,2][G,2C2E,2] | [G,4E,4C4] [D,4F,4B,4] [B,4D,4F,4]<[D,4B,4F,4] | [B,4D,4F,4]>[F,4F4] | [A,2A2][B,2B2] [C2c2][D2d2] [F2f2][G2g2] |
[A4a4] [A4a4] [A4a4] [A4a4] | [B2b2][A2a2] [A4a4] [B0b0] [A2a2] |[G2g2] [G2g2][F2f2] [F4f4] [F6f6] |[C4c4][G,5G5] |
[A,6A6] |","['Ambient', 'Classical', 'Jazz', 'Latin']",Classical,1,Choose the most probable genre label of the provided score.
Classical_Classical_Maria-João Pires_Piano Sonata No8 in C minor Op13_ Pathétique  II Adagio cantabile.abc,"X:1
M:3/4
L:1/16
K:Ab
[A,A,,]E,A,E, [G,D,]E,G,E, [A,C,]E,A,E, | [B,G,,]E,B,E, [A,A,,]E,[B,G,,]E, [CF,,]A,[=DF,]A, | [G,E,]B,G,B, [G,E,,]B,G,B, [G,D,,]B,G,B, | [G,D,]E,G,E, [A,C,]E,A,E, [E,F,,]C,E,C, | [F,B,,,]D,F,D, [D,E,,]D,D,D, [D,A,,,G,]E,[D,A,,]E, |
[C,A,,,]E,[A,A,]((3C2E2A2) [A,CA,,][E,E][A,C][E,E] [G,B,D,][E,E][G,B,][E,E] | [A,EC,][E,A][A,E][E,A] [G,EG,,][E,B][G,E][E,B] [A,EA,,][E,A][A,EG,,][E,B] | [F,AF,,][A,,c][F,AF,,][A,,=d] [GE,,][BG,,][GB,,][E,B] [G,G][B,B][G,G][B,B] | [D,,G][G,,B][B,,G][D,B] [G,G][B,E][G,G][D,E] A[E,E][C,C,A][E,E] |
[C,EF,,][F,C][C,E][F,C] [D,FB,,][F,D][D,F][F,D] [DB,,E,,][DE,][DB,,][DE,] | [DA,,][E,E][G,D][E,E] [A,5C5]CCC | CCCC [=E,G,C][E,G,C][E,G,C][E,G,C] [F,A,C][F,A,C][F,A,C][F,A,C] | [G,B,=E][G,B,E][G,B,E][G,B,E] [A,CF][A,CF][A,CF][A,CF] [B,FA][B,FA][B,FA][B,FA] |
[=B,FA][B,FA][B,=DA][B,DA] [CEG][CEG][CEG][CEG] [A,E][A,E][A,E][A,2E2] |[B,EG][B,EG][B,2E2G2][B,,=D,A,][B,,D,A,][B,,D,A,] [E,2G,2E2]>B,2 | G,B,G,E, [E,F,B,,,]=D,[D,F,]C, [C,F,]=B,,[B,,F,]_B,, | [E,,2B,,2E,2]>B,,2 G,,B,,G,,E,, [F,4A,4B,,,4] |
[B,,4F,4A,4] [F,G,E,,]=E,E,_E, E,=D,D,E, | E,=E,E,_E, E,=D,D,_D, [C,A,A,,,A,,]E,A,E, | [G,D,]E,G,E, [A,C,]E,A,E, [B,G,,]E,B,E, | [A,A,,]E,[B,G,,]E, [CF,,]A,[=DF,]A, [G,E,]B,G,B, |
[G,E,,]B,G,B, [G,D,,]B,G,B, [G,D,]E,G,E, | [A,C,]E,A,E, [E,F,,]C,E,C, [F,B,,,]D,F,D, | [D,E,,]D,D,D, [D,A,,,]E,[D,A,,]E, [A,,,4C,4] | [=B,EA,,A,][B,E][B,E][B,E][B,E][B,E] [B,E][B,E][B,E][B,E][B,E][B,E] [DE_B,][DE][DE][DE][B,DE][=A,DE] |
[B,DE][B,DE][A,DE][G,DE][F,DE][E,DE] [=B,EA,][B,E][B,E][B,E][B,E][B,E] [B,E][B,E][B,E][B,E][B,E][B,E] | [B,EE,][B,E][B,E][B,E][E,B,E][=D,B,E] [E,G,B,E][=E,G,B,_E][E,G,B,E][_D,G,B,E][=B,,G,_B,E][B,,G,B,E] [=B,EA,,A][B,E][B,E][B,2E2B2] | [=B,2E2_B2][=B,2E2A2] [=A,,B,,E,_G,Gg][A,,B,,E,G,][A,,B,,E,G,][A,,B,,E,G,][A,,B,,E,G,][A,,B,,E,G,] [_A,,B,,=E,A,Bb][A,,B,,E,A,][A,,B,,E,A,][A,,B,,E,A,][A,,B,,E,A,][A,,B,,E,A,] | [D,=E,_G,B,ee'][D,E,G,B,][D,E,G,B,][D,E,G,B,][E,G,B,][E,G,B,] [=B,,E,A,B,Bb][B,,E,A,B,][B,,E,A,B,][B,,,B,,G,=A,B,_E][B,,,B,,][B,,,B,,] [_A,B,=E,,E,E][A,B,][A,B,][A,B,][A,B,][A,B,] |
[A,=B,][A,B,][A,B,][A,B,][A,B,][A,B,] [A,B,=E,,E,][A,B,][A,B,][A,B,][A,B,][A,B,] [A,B,][A,B,][A,B,][A,B,][A,B,][A,B,] | [=A,=B,_G,][A,B,][A,B,][A,B,][G,A,B,][F,A,B,] [G,A,B,][G,A,B,][=E,A,B,][_E,A,B,][D,A,B,][B,,A,B,] [_A,B,=E,][A,B,][A,B,][A,B,][A,B,][A,B,] | [A,=B,][A,B,][A,B,][A,B,][A,B,][A,B,] [=D,A,B,][F,,,D,A,B,][A,,,D,A,B,][B,,,D,A,B,][D,,D,A,B,][F,,D,A,B,] [D,A,B,A,,][D,A,B,][D,A,B,][D,A,B,][D,A,B,][D,A,B,] | [=D,A,=B,][F,,,D,A,B,][A,,,D,A,B,][B,,,D,A,B,][D,,D,A,B,][F,,D,A,B,] [D,A,B,A,,][D,A,B,][D,A,B,][D,A,B,][D,A,B,][D,A,B,] [_D,A,_B,][=E,,D,A,B,][A,,D,A,B,][D,A,B,B,,][D,A,B,][D,A,B,] |
[D,G,B,][E,,D,G,B,][G,,G,B,][D,E,G,B,B,,D][D,E,G,B,][D,E,G,B,] [C,CA,,,A,,]((3E,2E,2A,2)((3E,2E,2G,2) ((3D,2E,2E,2)((3G,2E,2E,2) | [A,C,]((3E,2E,2A,2)((3E,2E,2B,2) ((3G,,2E,2E,2)((3B,2E,2E,2) [A,A,,]((3E,2E,2B,2)((3G,,2E,2E,2) | [CF,,]((3A,2A,2=D2)((3F,2A,2A,2) [G,E,]((3B,2B,2G,2)((3B,2B,2G,2) ((3E,,2B,2B,2)((3G,2B,2B,2) | [G,D,,]((3B,2B,2G,2)((3B,2B,2G,2) ((3D,2E,2E,2)((3G,2E,2E,2) [A,C,]((3E,2E,2A,2)((3E,2E,2E,2) |
((3F,,2C,2C,2)((3E,2C,2C,2) [F,B,,,]((3D,2D,2F,2)((3D,2D,2G,2) ((3E,,2D,2D,2)((3D,2D,2D,2) | [D,A,,,G,]((3E,2E,2D,2)((3A,,2E,2E,2) [C,2A,2A,,,2]((3C2E2A2) [A,CA,,][E,E][E,E][A,C][E,E][E,E] | [G,B,D,][E,E][E,E][G,B,][E,E][E,E] [A,EC,][E,A][E,A][A,E][E,A][E,A] [G,EG,,][E,B][E,B][G,E][E,B][E,B] | [A,EA,,][AE,][E,A][A,EG,,][BE,][E,B] [F,AF,,][cA,,][A,,c][F,AF,,][=dA,,][A,,d] [E,,G][G,,B][B,,B][E,G][G,B][B,B] |
[GE]((3B2B2G2)((3B2B2D,,2) G[G,,B][B,,B][D,G][G,B][B,B] [GD]((3E2E2G2)((3E2E2A2) | ((3C2E2E2)((3A2E2E2) [EF,]((3C2C2E2)((3C2C2F2) ((3B,,2D2D2)((3F2D2D2) | [B,,GE,,][E,D][E,D][DE,,][E,D][E,D] [A,,C]((3E,2E,2E,2)((3E,2E,2E,2)((3E,2E,2E,2)((3E,2E,2E,,2) | [D,E,][E,,D,E,][E,,D,E,][E,,D,E,][E,,D,E,][E,,D,E,] [E,,D,E,][E,,D,E,][E,,D,E,][E,,D,E,][E,,D,E,][E,,D,E,] [A,,C,E,]((3E,2E,2E,2)((3E,2E,2E,2) |
((3E,2E,2E,2)[ee']E,E, [=e0e'0] [_E,,D,E,ff'][E,,D,E,][E,,D,E,][E,,D,E,][E,,D,E,ee'][E,,D,E,dd'] [E,,D,E,cc'][E,,D,E,Bb][AaE,,D,E,][E,,D,E,Gg][E,,D,E,dd'][E,,D,E,Gg] | [A,,4C,4E,4A4a4] [E4G4] [A,4A4A4] | [E,4D4G4] [A,4C4A4] [C0B,0E,,0D,0]((3=A,2B,2D2)CB, | [A,,2C,2A,2][A,,,2C,2E,2] [A,,,4A,,4C,4A,4] |","['Rap', 'Classical', 'Ambient', 'Soul']",Classical,1,Choose the most probable genre label of the provided score.
Classical_Classical_Franz Schubert_Heidenröslein.abc,"X:1
M:3/4
L:1/16
K:Em
G,2[D2G2B2] G,2[D2G2B2] G,2[E2A2c2] | G,2[E2A2c2] F,2[D2A2c2] C,2[D2F2A2] | B,,2[D2G2d2] G,,2[D2G2B2] G,2[D2G2B2] | G,2[D2G2B2] G,2[E2A2^c2] G,2[E2A2c2] | F,2[A2d2] G,2[B2e2] A,2[G2^c2] |
B,2[F2d2] F,2[A2d2] G,2[B2e2] | A,2[G2^c2] D,2[F2d2] D,2[F2A2] | C,2[D2F2A2] B,,2[D2G2d2] G,,2[D2G2B2] | C,2[E2G2c2] E,2[C2G2c2] [G2B2D2][F2A2C2] |
[GG,B,][BG,][cA,][dB,] [e2C2][e2g2C2E2] [c2A,2][c2e2A,2C2] | [G2D,2B,2][AD,C]B [G4G,4B,4] G,2[D2G2B2] | G,2[D2G2B2] G,2[E2A2c2] G,2[E2A2c2] | F,2[D2A2c2] C,2[D2F2A2] B,,2[D2G2d2] |
G,,2[D2G2B2] G,2[D2G2B2] G,2[D2G2B2] | G,2[E2A2^c2] G,2[E2A2c2] F,2[A2d2] | G,2[B2e2] A,2[G2^c2] B,2[F2d2] | F,2[A2d2] G,2[B2e2] A,2[G2^c2] |
D,2[F2d2] D,2[F2A2] C,2[D2F2A2] | B,,2[D2G2d2] G,,2[D2G2B2] C,2[E2G2c2] | E,2[C2G2c2] [G2B2D2][F2A2C2] [GG,B,][BG,][cA,][dB,] | [e2C2][e2g2C2E2] [c2A,2][c2e2A,2C2] [G2D,2B,2][AD,C]B |
[G4G,4B,4] G,2[D2G2B2] G,2[D2G2B2] | G,2[E2A2c2] G,2[E2A2c2] F,2[D2A2c2] | C,2[D2F2A2] B,,2[D2G2d2] G,,2[D2G2B2] | G,2[D2G2B2] G,2[D2G2B2] G,2[E2A2^c2] |
G,2[E2A2^c2] F,2[A2d2] G,2[B2e2] | A,2[G2^c2] B,2[F2d2] F,2[A2d2] | G,2[B2e2] A,2[G2^c2] D,2[F2d2] | D,2[F2A2] C,2[D2F2A2] B,,2[D2G2d2] |
G,,2[D2G2B2] C,2[E2G2c2] E,2[C2G2c2] | [G2B2D2][F2A2C2] [GG,B,][BG,][cA,][dB,] [e2C2][e2g2C2E2] | [c2A,2][c2e2A,2C2] [G2D,2B,2][AD,C]B [G4G,4B,4] |","['Classical', 'Blues', 'Rock', 'Country']",Classical,0,Choose the most probable genre label of the provided score.
"Classical_Classical_Johann Sebastian Bach_Invention 1, BWV 772.abc","X:1
M:3/4
L:1/16
K:C
CDE FDEC G2C,[c2D,2]E, | [B2F,2]D,[c2E,2]C, [dG,]G[AG,,]B cABG | d2G,[g2A,2]B, [f2C2]A,[g2B,2]G, [eC]a[gB,]f | [eC]g[fD]a [gE]f[eG,]d [cA,]e[dB,]f | [eC]d[cE,]B [A^F,]c[BG,]d [cA,]B[AB,]G |
[^FC]AGB A2D,[D2E,2]F, [cG,]E,F,[dD,] | [BG,]A[GB,,]^F [EC,]G[FD,]A [GE,]B[AF,]c | [BG,]d[cE,]e [dB,,][Bc]d[gC,] [B2D,2][AD,,]G | GG,,A,,B,, C,A,,B,,G,, D,2G[AG,]B |
[c^F,]A[BG,]G [FA,]D,E,F, G,E,F,D, | A,2A[BD]c [dC]B[cD]A [BG,]GFE | DFEG F2d[cE]B [AF]c[BD]d | [cE]AGF EGFA G2e[dF]c |
[BG]d[^cE]e [d2F2]_B[c2A2]G [d2F2]A[e2G2]B | [f2A2]G[A2F2]E [B2D2]F[^c2E2]G [d2F2]E[^F2D2]=C | [^G2B,2]D[A2C2]E [B2D2]C[c2B,2]A, [dG,]B,A,C | B,2E[^FE,]^G [AD]FG[EE] [eC][dB,][cA,][e=G,] |
[d^F,][cA,][B^G,][dB,] [cA,][aC][gB,][bD] [aC][eE][=fD][dF] | [^GE]f[eA,]d [c2E2][BE,]A [AA,]a[=gA,,]f | egfa gEDC B,D^CE | Defg afge fA,B,C |
DB,CA, B,gfe dfeg | fDCB, A,CB,D Cdef | gefd eG,A,_B, CA,B,G, | A,2c[d_B,]e [fA,]d[eG,]c [dF,]e[fD]g |
[aC]f[g_B,]e [fA,]g[aF]=b [c'E]a[bD]g | [c'2E2]D,[g2E,2]F, [e2G,2]E,[dF,][cD,] [cE,]_B[AC,]G | [FD,]A[GE,]_B [AF,][=BD,][cE,][EF,] [DG,]c[FG,,]B | [E16G16c16C,,16C,16] |","['Jazz', 'Rock', 'Classical', 'Country']",Classical,2,Choose the most probable genre label of the provided score.
Classical_Classical_Georges Bizet_Toreadors March.abc,"X:1
M:3/4
L:1/16
K:Dm
[c4F,4A,4C4] [d2F,2A,2C2]>c2 [A4F,4A,4C4] | [A4F,4A,4C4] [A2F,2A,2C2]>G2 [A2F,2A,2C2]>B2 | [A4F,4A,4C4] [F,4A,4C4] [B4G,4] | [G2E,2C2]>c2 [A4F,4C4] [E,4C4] | [F4D,4C4] [D2G,2=B,2]>G2 [C4C,4E,4G,4] |
[C,4E,4G,4] [G4G,4B,4] [G,4B,4] | [G,2B,2]d2 [c2G,2B,2]B2 [A2D,2F,2A,2]G2 | [A2D,2F,2A,2]B2 [A4D,4F,4A,4] [D,4F,4A,4] | [E4E,4A,4C4] [A4E,4A,4C4] [A4E,4A,4C4] |
[^G2E,2D2]=B2 [e4A,4^C4] [A,4C4] | [A,4^C4E4] [A,4C4E4] [B,2D2]d2 | ^c2d2 G2A2 B4 | [C,2F,2A,2]A2 F2d2 c2A,2 |
F,2D2 C2F2 C2B2 | A4 [E4G4C,4B,4] [F4F,4A,4] | [F,2A,2C2]>[F,2A,2C2] [F,8A,8C8] |","['Country', 'Classical', 'Rap', 'Pop']",Classical,1,Choose the most probable genre label of the provided score.
Classical_Classical_Johann Sebastian Bach_Gavotte.abc,"X:1
M:3/4
L:1/16
K:Bm
[f4D,4A,4] | f4 [f4G,4B,4] e2d2 | [e2G,2B,2]f2 [g4E,4] [d2A,2]c2 | B2A2 [a4G,4C4] a4 | [a4F,4D4] b2a2 [g2A,2C2]f2 | e2f2 [g2D,2A,2]f2 e2d2 |
[f4D,4A,4] f4 [f4G,4B,4] | e2d2 [e2G,2B,2]f2 [g4E,4] | [d2A,2]c2 B2A2 [d4F,4A,4] | d4 [d4^G,4] [c2E,2]d2 |
[c2D2]B2 [e4G,4] [A8A,8C8] | [a4F,4C4] a4 | [a4B,4^D4] b2a2 [g2B,,2]f2 | [b4^D,4] [a2E,2]g2 f2e2 |
[A,2=C2]g2 f2e2 [G,2B,2]^d2 | e2g2 A,2f2 [B2B,2]d2 | [E,2G,2]B2 e2f2 [g4E,4] | [g4D,4] C,2E2 A2B2 |
[c2A,2]d2 e2f2 [g2D,2]f2 | [e2F,2]d2 [c2E,2]d2 [e2G,2]B2 | [^A2F,2]e2 [B2G,2]d2 E,2c2 | [F2F,2]A2 [B4B,,4D,4] B4 |
[d4B,4] [d4A,4] [d4^G,4] | c2B2 c2d2 [e4E,4] | [d2A,2]c2 [B2G,2]A2 [B2G,2]c2 | [d2G,2]c2 [e2F,2]d2 [f2C,2]e2 |
[g2D,2]f2 [a4F,4] [f4A,4D4] | [e4C4] f4 [f4D,4A,4] | [f4G,4B,4] e2d2 [e2G,2B,2]f2 | [g4E,4] [d2A,2]c2 B2A2 |
[a4G,4C4] a4 [a4F,4D4] | b2a2 [g2E,2C2]f2 e2f2 | [g2D,2A,2]f2 e2d2 [f4B,,4D,4] | f4 [f2G,2B,2]a2 g2f2 |
e2d2 c2B2 [c2G,2A,2]b2 | a2g2 f2e2 d2c2 | [B2F,2]A2 [a2F,2]D,2 [f4A,4] | [e2A,,2]d2 [d8D,8F,8] |","['Country', 'Latin', 'Classical', 'Rap']",Classical,2,Choose the most probable genre label of the provided score.
Classical_String Orchestra_The Philadelphia Orchestra_Notturno (from Lyric Suite).abc,"X:1
M:3/4
L:1/16
K:Edor
C,2[C2E2] [C4E4] [C2E2][C4E4] |[C2E2] [CE]Aa2 [C2E2][C2E2] | e2[C2E2] [C4E4] [C2E2][C2E2] | C,2[C2E2] [C4E4] [C2E2][C4E4] |[C2E2] [CE]Aa2 [C2E2]a[^g2C2E2] |
e2[C2E2] [C4E4] [C2E2][C2E2] | C,2[^F,2A,2E2] [F,4A,4E4] [F,2A,2E2][F,4A,4E4] |[^F,2A,2E2] [F,2A,2E2][B,,2A2] [=F,2A,2D2][F,4A,4D4] |[F,2A,2D2] [F,2A,2D2]^G2 [F,2A,2D2][F,2G,2D2] |
_B,,2[E,2G,2D2] [E,4G,4D4] [E,2G,2D2][E,4G,4D4] |[E,2G,2D2] [E,2G,2D2][A,,2G2] [^D,2G,2C2][D,4G,4C4] |[^D,2G,2C2] [D,2G,2C2][^G,,2^F2] [D,2F,2C2][D,2F,2C2] | D,,2[D,2C2D2^F2] [D,4C4D4F4] [D,2C2D2F2][D,4C4D4F4] |
[D,2C2D2^F2] [D,2C2D2F2]C,2 [^G,2C2^D2][G,4C4D4] |[^G,2C2^D2] [G,4C4D4] [G,2C2D2][G,2C2D2] | D,,2[D,2C2D2^F2] [D,4C4D4F4] [D,2C2D2F2][D,4C4D4F4] |[D,2C2D2^F2] [D,2C2D2F2]B,,2 [^G,2D2E2G2][G,4D4E4G4] |
[^G,2D2E2G2] [G,2D2E2G2]A,,2 [=G,2C2^D2G2][G,2C2D2G2] | D,,2[D,2C2D2^F2] [D,4C4D4F4] [D,2C2D2F2][D,4C4D4F4] |[D,2C2D2^F2] [D,2C2D2]G,,0[G,,2^D,2] [B,2D2][B,4D4] |[B,2^D2] [B,2D2][G,,2=D,2] [B,2D2][B,2D2] |
d'2[B,2F2A2] [B,FA]ad'a [d'B,FA]a[d'B,FA]a | ((3d'2a2d'2)[aB,FA]((3d'2a2d'2) [B,FA]ad'd'2 [B,2F2A2][B,4F4A4] |[B,2F2A2] [B,4F4A4] [B,2F2A2][B,2F2A2] | D,2[B,2F2A2] [B,2F2A2]G,,2 [B,2F2A2][B,4F4A4] |
[B,2F2A2] [B,2F2A2]f'2 [D2^G2c2][DGc]c' | f'c'[f'D^Gc]c' [f'DGc]c'((3f'2c'2f'2) [c'DGc]((3f'2c'2f'2)[DGc]c'f' | f2[D2^G2c2] [D4G4c4] [D2G2c2][D4G4c4] |[D2^G2c2] [D2G2c2]F,2 [D2G2c2][D2G2c2] |
_B,,2[D2^G2c2] [D4G4c4] [D2G2c2][D2G2c2] | [E,,d]B,,D,[^G,B] GB[^Fd]D B,G,G2 | [E,,d]B,,D,[^G,B] GB[^Fd]D B,2<G,2 | [E,,^f]B,,D,[A,d] Bd[Af]F DB,B2 |
[E,,^f]B,,D,[A,d] Bd[Af]F D2<B,2 | [^D,,^f]^G,,C,[F,d] cd[_Bf]F DCc2 | [^D,,^f]^G,,C,[F,d] cd[_Bf]F D2<C2 | [D,,c']A,,C,[a^F,] fa[D,c']A, C[aF]fa |
[Dc']Ac[a^f] fa[D,c']A, C[aF]fa | [c'G,,,]a[fG,,]a [c'D,]a[fF,]a [c'A,]a[fC]a | [c'D]a[fF]a [c'A]a[fc]a [c'd]a[ff]a | c'2a4[c2e2] [A2d2][F2c2] |
c2A2 [F2c2][C2E2] [A,2D2][F,8C8] |C,2 [C2E2][C2E2] | B,2[C2E2] [C2E2]_B,2 [C2E2][E2C2] | A,2E2 [C2E2]^G,2 [C2E2][C2E2] |
G,2[C2E2] [C2E2]C,2 [C2E2][C2E2] | B,2[C2E2] [C2E2]_B,2 [C2E2][C2E2] | A,2[C2E2] [C2E2]^G,2 [C2E2][C2E2] | G,2[C2E2] [C2E2]C,2 [^F,2A,2E2][F,4A,4E4] |
[^F,2A,2E2] [F,4A,4E4] [F,2A,2E2][F,2A,2E2] | [B,,2A2][F,2A,2D2] [F,4A,4D4] [F,2A,2D2][F,2A,2D2] | ^G2[F,2G,2D2] [F,2G,2D2]_B,,2 [E,2=G,2D2][E,4G,4D4] |[E,2G,2D2] [E,4G,4D4] [E,2G,2D2][E,2G,2D2] |
[A,,2G2][^D,2G,2C2] [D,4G,4C4] [D,2G,2C2][D,2G,2C2] | [^G,,2^F2][^D,2F,2C2] [D,2F,2C2]=D,,2 [D,2C2D2F2][D,4C4D4F4] |[D,2C2D2^F2] [D,4C4D4F4] [D,2C2D2F2][D,2C2D2F2] | G,,2[G,2F2G2B2] [G,4F4G4B4] [G,2F2G2B2][G,4F4G4B4] |
[G,2F2G2B2] [G,2F2G2B2]F,2 [^C2F2^G2][C4F4G4] |[^C2F2^G2] [C2F2G2]F,2 [C2F2G2][C2F2G2] | G,,2[G,2F2G2B2] [G,4F4G4B4] [G,2F2G2B2][G,4F4G4B4] |[G,2F2G2B2] [G,2F2G2B2]E,2 [F2A2B2^c2][F4A4B4c4] |
[F2A2B2^c2] [F2A2B2c2]D,2 [=C2F2^G2c2][C2F2G2c2] | G,,2[G,2F2G2B2] [G,4F4G4B4] [G,2F2G2B2][G,4F4G4B4] |[G,2F2G2B2] [G,2F2G2B2]G,0[G,2C2] [E2B2][E4B4] |[E2B2] [E2B2]^F,2 [E2B2][E2B2] |
F,,2[F,2^D2F2A2] [F,4D4F4A4] [F,2D2F2A2][F,4D4F4A4] |[F,2^D2F2A2] [F,2D2F2A2]F,0[F,2_B,2] [=D2^G2][D4G4] |[D2^G2] [D2G2]E,2 [D2G2][D2G2] | ^D,,2[D,2^C2D2G2] [D,8C8D8G8] |
[D,4C4^F4]>^C,,4 [C,2B,2C2=F2][C,8B,8C8F8] |[C,6E6]_B,6 | [^G3B,,3A,3]^F3[G0_B,,0]G,3D3 | [^F3A,,3G,3]E3[F0^G,,0]F,3C3 |
[E3G,,3F,3]D11 |[c2e2] [c4e4] [c2e2][c4e4] |[c2e2] [c2e2][F,2C2A2] [c2e2][c2e2] a0 | a'2[c2e2] [ce]e'((3a'2e'2a'2) [e'ce]((3a'2e'2a'2)[ce]e'a' |
a' _b'a'b'a'0<[c0e0]b'a'b' a'0< [c0e0b'0] a'b'a'b'a'b'a'b' a'0< [c0e0b'0] a'b'a'b'0<[c0e0]a'b'a'^g' a'0 | e''2[c2e2] [c8e8] | [F,2C2^G2][c2^d2] [c2d2]g0g'2 [c2d2][cd]d' | ((3^g'2^d'2g'2)[d'cd]((3g'2d'2g'2) [cd]d'g'G2 [c2e2][c4d4] |
[c2^d2] [c4d4] [c2d2][c8d8] |[C,,12G,,12C,12E,12G,12C12E12] |[G,,,6G,,6E,6G,6B,6E6] | C,,,2C,,2 G,,2C,2 E,2G,2 |
C2E21 |","['Country', 'Classical', 'Ambient', 'Electronic']",Classical,1,Choose the most probable genre label of the provided score.
Classical_Classical_Wolfgang Amadeus Mozart_Minuet In F K2.abc,"X:1
M:3/4
L:1/16
K:Dm
[f2F,2]a2 c4 [c4A,4] | [d2B,2]f2 B4 [B4B,4] | [A2C2]c2 F4 [E4B,4] | [E8B,8] [F4F,4A,4] | [C2C,2]E2 G4 [G4E,4] |
[C2C,2]F2 A4 [A4E,4] | [CC,]EG B4 [A4F,4] | [F4A4C,4] G,4 [E4G4C,4] | [c2^F,2]_e2 A4 [A4=B,4] |
[B2G,2]d2 G4 [G4C4] | [A2C2]c2 [^F4D4] [F4C4] | [^F8C8] [G4G,4B,4] | [B2E,2]d2 G4 [G4G,4] |
[A2F,2]c2 F4 [F4A,4] | [G2B,2]B2 [E4C4] [E4B,4] | [E8B,8] [F4F,4A,4] | [f2A,2]a2 c4 [c4C4] |
[d2B,2]f2 B4 [B4D4] | [A2C2]c2 F4 [E4B,4] | [E8D,8B,8] [F4A,4] | [f2A,2]a2 c4 [c4C4] |
[d2B,2]f2 B4 [B4^C4] | [A2C2]c2 F4 [E4B,4] | [E8C,8B,8] [F4F,4A,4] |","['Classical', 'Ambient', 'Electronic', 'Rap']",Classical,0,Choose the most probable genre label of the provided score.
Folk_Volksmusik_Wencke Myhre_Ach_ ihr Männer.abc,"X:1
M:3/4
L:1/16
K:A
[A,,0A0E0c0] [A0c0E0] E,2C2 | A,2E4C2 A,2C2<A,,2 E,2 |C2 A,2E4C2 | A,2C2 [A,,2E,2]C2 A,2E4 |C2 A,2((3C2A,,2E,4)C2 |
A,2E4C2 A,2C[c0A0E0] A,,0< [E0A0c0] E,2 |C2 [A,2E2][E2E2] D2C2 | A,2[CC]A,, [E,0D0][CC][BDF] [D0F0B0] [A,2C2][E2B,2]<[C2A2] [C2E2A2] |[CA,][E0E0B,0=G,0] [G,2B,2E2] A,2C[A,0D0F,0] [D0F,0A,0] D,2D2 |
[A,2A,2][F4A,4]D2 [A,2G,2][D2G,2] | [D,2A,2]D2 [A,2G,2][F4F,4]D2 | A,2D[EB,G,] [G,0B,0E0] E,2B,2 G,2E4 |B,2 G,2B,2 E,2B,[F,A,D] [F,0A,0D0] |
G,2E2<[E,2C2G,2] [E,2G,2C2]B,2<[B,2D,2F,2] [D,2F,2B,2] G,2[B,F,][C,0E,0A,0] [E,0A,0C,0] | [A,,2F,2][C2E,2] A,2E4C2 | [A,2E2]C2 E,2B,2 G,2E4 |B,2 [G,2E2][B,E][c0A0E0] A,,0< [E0A0c0] [E,0E0][C2E2] |
[A,2E2][E4E4D4][C2C2] A,2[CC]A,, [E,0D0] |[CC][BDF] [D0F0B0] A,2[E2B,2]<[C2A2] [C2E2A2][CA,][E0E0B,0=G,0] [G,2B,2E2] | A,2C[A,0D0F,0] [D0F,0A,0] D,2[D2A,2] [A,2A,2][F2A,2] | A,2[D2A,2] A,2[D2G,2] [D,2A,2][D2G,2] |
A,2[F4F,4]D2 A,2D[EB,G,] [G,0B,0E0] | E,2[B,2E,2] [G,2E,2][E4E,4][B,2E,2] | [G,2E,2][B,2E,2] E,2[B,2E,2]<[F,2A,2D2] [F,2A,2D2][E2E,2]<[E,2C2G,2] [E,2G,2C2] |B,2<[B,2D,2F,2] [D,2F,2B,2] [G,2G,2][B,E,][C,0E,0A,0] [E,0A,0C,0] [A,,2F,2][C2A,2] |
[A,2A,2][E4A,4]C2 [A,2E2]C2 [G,0E0B,0]< [G,0B,0E0] | E,2B,2 G,2E4B,2 | G,2[B,2C2] A,,0< E,0 A,0< [C0A,,0C0] E2[E0C0]A,2C2 [A,,0E,0A,0C0]< [E0C0][A,,2C2] A,,0< E,0 | [A,0E,,0C0] [C2E2][A,2C2]E,2A,,2 [A,,0E,0A,0C0] E2E2C2[A,2E,,2C2] A,,0< E,0 A,0< [C0A,,0C0] E2[E0C0]A,2C2 [A,,0E,0A,0C0] |
[E0C0][A,,2C2] A,,0< E,0 [A,0E,,0B,0] [C2E2][A,0A,0]E,2A,,2 [A,,0E,0A,0C0] E2 A,,2E2C2[A,2E,,2D2] D,0< F,0 A,0 | [D0D,,0D0] F2[F0D0]<A,0D2 [D,0F,0A,0D0]< [F0D0][D,,2D2] D,0< F,0 [A,0A,,,0D0] [D2F2][A,2D2]F,2D,2 [D,0F,0A,0D0] F2 | D2F2D2[A,2A,,,2D2] D,0< F,0 A,0< [D0D,,0D0] F2[F0D0]A,2D2 [D,0F,0A,0D0]< [F0D0][D,,2D2] D,0< F,0 | [A,0A,,,0D0] [D2F2]A,2F,2D,2 [D,0F,0A,0D0] F2 [D,,2C2]F2D2[A,2^D,,2=D2] E,,0< B,,0 E,0< [G,0E,,0E0] B,2[B,2G,2]E,2E2 [E,,0B,,0E,0G,0] |
[B,0E0]E,,2 E,,0< B,,0 [E,0B,,,0E0] [G,2B,2]E,2B,,2E,,2 [E,,0B,,0E,0G,0] B,2 E2B,2G,2[E,2B,,,2E2] E,,0< B,,0 E,0 | [G,0E,,0E0] B,2[B,0G,0]<E,0E2 [E,,0B,,0E,0G,0]< [B,0E0]E,,2 E,,0< B,,0 [E,0B,,,0E0] [G,2B,2]E,2B,,2E,,2 [E,,0B,,0E,0G,0] B,2 | E,,2B,2G,2[E,2G,,2D2] A,,0< E,0 A,0< [C0A,,0D0] E2[E2C2]A,2C2 [A,,2E,2A,2C2] E2A,,2 A,,0< E,0 | [A,0E,,0] [C2E2]A,2E,2A,,2 [A,,0E,0A,0C0] E2 D,,2E2C2[A,2^D,,2] E,,0< [B,,0E0] E,0< [G,0E,,0] B,2[B,2G,2]E,2 [E,,2B,,2E,2G,2] |
B,2E,,2 E,,0< B,,0 [E,0B,,,0] [G,2B,2][E,2E,,2]B,,2E,,2 [E,,0B,,0E,0G,0] B,2 F,,2B,2[G,2C2][E,2E,,2] [C0A,0]< A,,0 E,0< [A,0C0] | [C0A,,0] E2[E0C0]<A,0C2 [A,,0E,0A,0C0]< [E0C0][A,,2C2] A,,0< E,0 [A,0E,,0C0] [C2E2][A,0C0]E,2A,,2 [A,,0E,0A,0C0] E2 |E2C2[A,2E,,2C2] A,,0< E,0 A,0< [C0A,,0C0] E2[E0C0]<A,0C2 [A,,0E,0A,0C0]< [E0C0][A,,2C2] A,,0< E,0 | [A,0E,,0B,0] [C2E2][A,0A,0]E,2A,,2 [A,,0E,0A,0C0] E2 A,,2E2C2[A,E,,C][A,0D0F0] D,0< F,0 A,0< [D0D,,0D0] F2[F0D0]<A,0D2 [D,0F,0A,0D0] |
[F0D0][D,,2D2] D,0< F,0 [A,0A,,,0D0] [D2F2][A,2D2]F,2D,2 [D,0F,0A,0D0] F2 D2F2D2[A,2A,,,2D2] D,0< F,0 A,0 | [D0D,,0D0] F2[F0D0]<A,0D2 [D,0F,0A,0D0]< [F0D0][D,,2D2] D,0< F,0 [A,0A,,,0D0] [D2F2]A,2F,2D,2 [D,0F,0A,0D0] F2 | [D,,2C2]F2D2[A,2^D,,2=D2] E,,0< B,,0 E,0< [G,0E,,0E0] B,2[B,0G,0]<E,0E2 [E,,0B,,0E,0G,0]< [B,0E0]E,,2 E,,0< B,,0 | [E,0B,,,0E0] [G,2B,2][E,2E2]B,,2E,,2 [E,,0B,,0E,0G,0]< B,0 [E,,2E2]B,2G,2[E,2^D,,2] =D,0< F,0 A,0< [D0D,,0D0] F2[F0D0]<A,0D2 [D,0F,0A,0D0] |
[F0D0]D,,2 D,0< F,0 [A,0A,,,0C0] [D2F2]A,2F,2D,2 [D,0F,0A,0D0] F2F0<D0[A,2A,,,2B,2] [C0A,0E0]< A,,0 E,0< A,0 | [C0A,,0B,0] E2[E2C2]A,2A,2 [A,,2E,2A,2C2] E2A,,2 A,,0< E,0 [A,0E,,0] [C2E2]A,2E,2A,,2 [A,,0E,0A,0C0] E2 |E2C2[A,2E,,2] A,,0< E,0 A,0< [C0A,,0] E2[E2C2]A,2 [A,,2E,2A,2C2] E2A,,2 A,,0< E,0 | [A,0E,,0] [C2E2][A,2C,,2]E,2A,,2 [A,,0E,0A,0C0]< E0 [B,,,2E2]E2C2[A,2E2] A,,0< E,0 A,0< [C0A,,0E0E0A0c0c'0c''0] E2[E0C0]<A,0E2 [A,,0E,0A,0C0] |
[E0E0][A,,2E2D2] [A,,0a0a'0]< E,0 [A,0E,,0] [C2E2][A,2C2]E,2A,,2 [A,,0E,0A,0C0] E2E2C2[A,2E,,2C2] [e0e'0A,,0]< E,0 A,0 | [C0A,,0D0] E2[E0C0]<A,0C2 [A,,2E,2A,2C2] E2[A,,2B,2] [A,,0D0B0F0]< [E,0b0b'0] [A,0E,,0] [C2E2][A,2A,2]E,2A,,2 [c'0c''0]< [E0A0c0A,,0E,0A,0] [C2E2] | A,,2E2C2[A,2E,,2] [a0a'0]< [D,0A,0] [F,0F0D0]< A,0 [D0D,,0] F2[F0D0]<A,0A,2 [D,0F,0A,0D0]< [F0A,0][D,,2A,2] [f0f'0]< D,0 F,0 | [A,0A,,,0A,0] [D2F2][A,0A,0]F,2D,2 [D,0F,0A,0D0] F2F2D2[A,2A,,,2G,2] [d'0d''0]< D,0 F,0< A,0 [D0D,,0A,0] F2[F0D0]<A,0G,2 [D,2F,2A,2D2] |
F2[D,,2F,2] D,0< F,0 [A,0A,,,0] [D2F2]A,2F,2D,2 [D,0F,0A,0D0] F2 D,,2F2D2[A,2^D,,2] [E,,0A,0F0=D0]< B,,0 E,0 | [G,0E,,0b0b'0] B,2[B,0G,0]<E,0E,2 [E,,0B,,0E,0G,0]< [B,0E,0][E,,2E,2] [g0g'0E,,0]< B,,0 [E,0B,,,0] [G,2B,2][E,2E,2]B,,2E,,2 [E,,0B,,0E,0G,0] B,2 | E,2B,2G,2[E,2B,,,2E,2] E,,0< B,,0 E,0< [G,0E,,0] B,2[B,2G,2]E,2E,2 [E,,2B,,2E,2G,2] B,2[E,,2E,2] [E,,0a0a'0]< B,,0 | [E,0B,,,0] [G,2B,2]E,2B,,2E,,2 [E,,0B,,0E,0G,0] [B,2c'2c''2] E,,2B,2G,2[E,2G,,2E,2] [e0e'0A,,0]< E,0 A,0< [C0C0A,0A,,0F,0E0] E2[E0C0]<A,0A,2 [A,,0E,0A,0C0] |
[E0A,0][A,,2A,2] A,,0< E,0 [A,0E,,0] [C2E2]A,2E,2A,,2 [A,,0E,0A,0C0] E2 A,,2E2C2[A,2A,,2] E,,0< B,,0 E,2 | [G,2E,,2] B,2[B,2G,2]E,2E,,2 [E4G4] [E,,4B,,4E,4G,4] [B,4D,,4] [A0F0]< E,,0 B,,0< [E,0C,,0] [G,2B,2]E,2B,,2E,, [G0B0]< [E,,0B,,0E,0G,0] B,0 | [B,,,2E2]B,2G,2[E,2E2] [E0A0c0A0A,,0c0]< E,0 A,0< [C0A,,0E0] E2[E0C0]<A,0E2 [A,,0E,0A,0C0]< [E0E0][A,,2E2D2] [A,,0E0]< E,0 | [A,0E,,0] [C2E2][A,2C2]E,2A,,2 [A,,0E,0A,0C0] E2E2C2[A,2E,,2C2] A,,0< E,0 A,0< [C0A,,0D0] E2[E0C0]<A,0C2 [A,,2E,2A,2C2] |
E2[A,,2B,2] [D0B0F0]< B0 A,,0< E,0 [A,0E,,0] [C2E2][A,2A,2]E,A,,[c0E0A0c0] [A,,0E,0A,0C0] E2 A,,2E2C2[A,E,,][D0A,0F0D0] D,0< F,0 [A,0F0] | [D0D,,0] F2[F0D0]<A,0A,2 [D,0F,0A,0D0]< [F0A,0][D,,2A,2] D,0< F,0 [A,0A,,,0A,0] [D2F2][A,0A,0]F,2D,2 [D,0F,0A,0D0] F2 |F2D2[A,2A,,,2G,2] D,0< F,0 A,0< [D0D,,0A,0] F2[F0D0]<A,0G,2 [D,2F,2A,2D2] F2[D,,2F,2] D,0< F,0 | [A,0A,,,0] [D2F2]A,2F,2D,2 [D,0F,0A,0D0] F2 D,,2F2D2[A,^D,,][A,0F0=D0] [E0G0B0]< E,,0 B,,0< E,0 [G,0E,,0] B,2[B,0G,0]<E,0E,2 [E,,0B,,0E,0G,0] |
[B,0E,0][E,,2E,2] E,,0< B,,0 [E,0B,,,0] [G,2B,2][E,2E,2]B,,2E,,2 [E,,0B,,0E,0G,0] B,2 E,2B,2G,2[E,2B,,,2E,2] E,,0< B,,0 E,0 | [G,0E,,0] B,2[B,2G,2]E,2E,2 [E,,2B,,2E,2G,2] B,2[E,,2E,2] E,,0< B,,0 [E,0B,,,0] [G,2B,2]E,2B,,2E,,2 [E,,0B,,0E,0G,0] B,2 | E,,2B,2G,[E,G,,E,][E0A0C0] [C0A,0E0A,,0]< E,0 A,0< [C0A,,0F,0] E2[E0C0]<A,0A,2 [A,,0E,0A,0C0]< [E0A,0][A,,2A,2] A,,0< E,0 | [A,0E,,0] [C2E2]A,2E,2A,,2 [A,,0E,0A,0C0] E2 A,,2E2C2[A,2A,,2] [e0g0E0G0]< E,,0 B,,0 E,2 [G,2E,,2] B,2[faFA][g0b0G0B0][B,G,]E,2E,,[ac'Ac] [f0a0F0A0] [E,,B,,E,G,] |
[B,D,,][gbGB][ac'Ac][bd'Bd] [g0b0G0B0]< E,,0 B,,0< [E,0C,,0] [G,B,][ac'Ac][b0d'0B0d0]E,2B,,2E,,[c'e'ce] [a0c'0A0c0]< [E,,0B,,0E,0G,0] B,0 B,,,[bd'Bd][c'0e'0c0e0]B,G,[E,2C2][d'f'df] [c'0e'0]< A,,0 E,0< A,0 | [C0A,,0C0A0A,0C0E,0a0a0] E2[E0C0]A,2C2 [A,,0E,0A,0C0]< [E0C0][A,,2C2] A,,0< E,0 [A,0E,,0C0] [C2E2][A,2C2]E,2A,,2 [A,,0E,0A,0C0] E2 |E2C2[A,2E,,2C2] A,,0< E,0 A,0< [C0A,,0C0] E2[E0C0]A,2C2 G0< [g0A,,0] [E,0A,0C0E0] C2[A,,2C2] A0< a0 A,,0< E,0 | [A,0E,,0B,0] [C2E2][A,0A,0]E,A,, [b0B0]< [A,,0E,0A,0C0] E2 A,,2E2C2[A,2E,,2D2] F,0< [D,0A,0d0D0] [F,0d'0]< A,0 [D0D,,0D0] F2[F0D0]<A,0D2 [D,0F,0A,0D0] |
[F0D0][D,,2D2] D,0< F,0 [A,0A,,,0D0] [D2F2][A,2D2]F,2D,2 [D,0F,0A,0D0] F2 D2F2D2[A,2A,,,2D2] D,0< F,0 A,0 | [D0D,,0D0] F2[F0D0]A,2D2 [D,0F,0A,0D0]< [F0D0][D,,2D2] c0< c'0 D,0< F,0 [A,0A,,,0D0] [D2F2]d'2d2A,2F,D,[c'0c0] [D,0F,0A,0D0] F | [D,,C]d'0d0F2D2[A,2^D,,2=D2]c [G,0E,0e0]< E,,0 [B,,0E0]< E,0 [G,0E,,0E0] B,2[B,2G,2]E,2E2 [E,,0B,,0E,0G,0]< [B,0E0]E,,2 E,,0< B,,0 | [E,0B,,,0E0] [G,2B,2]E,2B,,2E,,2 [E,,0B,,0E,0G,0] B,2 E2B,2G,2[E,2B,,,2E2] E,,0< B,,0 E,0< [G,0E,,0E0] B,2[B,0G,0]<E,0E[Dd] [E,,0B,,0E,0G,0] |
[B,0E0]E,,2 [C0c0]< E,,0 B,,0< [E,0B,,,0E0] [G,2B,2]E,B,,E,,[B,B,B] [E,,0B,,0E,0G,0] B,2 E,,2B,G,[E,G,,D]A,0A0 A,,0< E,0 A,0 | [C0A,,0D0] E2[E2C2]A,2C2 [A,,2E,2A,2C2] E2A,,2 A,,0< E,0 [A,0E,,0] [C2E2]A,2E,2A,,2 [A,,0E,0A,0C0] E2 | D,,2E2C2[A,2^D,,2] [E0G0E,,0B,0]< B,,0 E,0< [G,0E,,0] B,2[B,2G,2]E,2 [E,,2B,,2E,2G,2] B,2E,,2 E,,0< B,,0 | [E,0B,,,0] [G,2B,2][E,2E,,2]B,,2E,,2 [E,,0B,,0E,0G,0] B,2 F,,2B,2[G,2C2][E,2E,,2] [E0C0A,,0A0]< E,0 [A,0C0]< [C0A,,0] E2[E0C0]<A,0C2 [A,,0E,0A,0C0] |
[E0C0][A,,2C2] A,,0< E,0 [A,0E,,0C0] [C2E2][A,0C0]E,2A,,2 [A,,0E,0A,0C0] E2E2C2[A,2E,,2C2] [c0A,,0]< E,0 A,0 | [C0A,,0C0] E2[E0C0]<A,0C2 [A,,0E,0A,0C0]< [E0C0][A,,2C2] A,,0< E,0 [A,0E,,0B,0] [C2E2][A,0A,0]E,2A,,2 [A,,0E,0A,0C0] E2 | A,,2E2C2[A,2E,,2C2]d0 F0< D,0 F,0< A,0 [D0D,,0D0] F2[F0D0]<A,0D2 [D,0F,0A,0D0]< [F0D0][D,,2D2] D,0< F,0 | [A,0A,,,0D0] [D2F2][A,2D2]F,2D,2 [D,0F,0A,0D0] F2 D2F2D2[A,2A,,,2D2] D,0< [F,0A0D0F0d0] A,0< [D0D,,0D0] F2[F0D0]<A,0D2 [D,0F,0A,0D0] |
[F0D0][D,,2D2] D,0< F,0 [A,0A,,,0D0] [D2F2]A,2F,2D,2 [D,0F,0A,0D0c0] F2 [D,,2C2]F2D2[A,2^D,,2=D2] G0< [E,,0E0B0] B,,0< E,0 | [G,0E,,0E0] B,2[B,0G,0]<E,0E2 [E,,0B,,0E,0G,0]< [B,0E0]E,,2 E,,0< B,,0 [E,0B,,,0E0] [G,2B,2][E,2E2]B,,2E,,2 [E,,0B,,0E,0G,0]< B,0 | [E,,E]DB,2G,2[E,2^D,,2] =D,0< F,0 A,0< [D0D,,0D0D0A0F0] F0 E[F0D0]<A,0D2 [D,0F,0A,0D0]< [F0D0]D,,2 D,0< F,0 | [A,0A,,,0C0] [D2F2]A,2F,2D,2 [D,0F,0A,0D0] F2F0<D0[A,A,,,B,][E0A0=G0C0] A,,0< E,0 A,0< [C0A,,0B,0] E2[E2C2]A,2A,2 [A,,2E,2A,2C2] |
E2A,,2 A,,0< E,0 [A,0E,,0] [C2E2]A,2E,2A,,2 [A,,0E,0A,0C0] E2E2C2[A,2E,,2] A,,0< E,0 A,0 | [C0A,,0] E2[EC]A,A, [A,,2E,2A,2C2] E2A,,2 A,,0< E,0 [A,0E,,0] [C2E2][A,2C,,2]E,2A,,2 [A,,0E,0A,0C0]< E0 | B,,,2E2C2A,2 A,,0< E,0 A,0< [C0A,,0] E2[E2C2]A,2 [A,,0E,0A,0C0]< [E0E0][A,,2E2] A,,0< E,0 | [A,0E,,0D0] [C2E2]A,2E,2A,,2 [A,,0E,0A,0C0] E2E2C2[A,2E,,2C2] A,,0< E,0 A,0< [C0A,,0D0] E2[E0C0]A,2C2 [A,,0E,0A,0C0] |
[E0C0][A,,B,]A,0 E0< [A0B0A,,0C0] E,0< [A,0E,,0] [C2E2] F2D[A,0A,0]E,2A,,2 [A,0E0A,,0A0E,0] [A,2C2C2E2] A,,2E2C2[A,2E,,2] [D,0A,0]< F,0 A,0 | [D0F0D,,0]< [F0A0D0][F2D2]A,2 [D,0F,0A,0D0]< [F0A,0][D,,2A,2] D,0< F,0 [A,0A,,,0] [D2F2]A,0F,2[D,2D2] [D,0F,0F0A,0D0] F2 | G,2F0<D0[D0A,0A,,,0G,0]< [A0D,0] F,0< A,0 [D0D,,0A,0] FF[F2D2]A,2 [D0D,0F,0A,0]< [D0F0G,0][D,,2F,2] D,0< [F,0B0] | [A,0F0A,,,0]< [D0F0] G2A,2F,2D,2 [D,0F,0A,0D0]< [F0B0F0] D,,2F2D2[A,^D,,]E0 [B,0E,,0]< [B,,0G0] E,0< [G,0E,,0] B,2[B,2G,2]E,2 [E,,2B,,2E,2G,2] |
B,2E,,2 E,,0< B,,0 [E,0B,,,0] [G,2B,2]E,2B,,2E,,2 [E,,0B,,0E,0G,0] B,2B,2G,2[E,2B,,,2] E,,0< B,,0 E,0 | [G,0E,,0] B,2[B,2G,2]E,2 [E,,2B,,2E,2G,2] B,2E,,2 [B0e0E,,0]< B,,0 [E,0B,,,0] [G,2c2B,2]E,2B,,2E,,2 [E,,0B,,0E,0G,0] [B,2B2e2] | E,,2[B,0c0]G,2[E,2G,,2F,2] [A,,0A0]< [E,0E0] A,0< [C0A,,0F,0] E2[E2C2]A,2E,2 [A,,2E,2A,2C2] E2A,,2 A,,0< E,0 | [A,0E,,0] [C2E2]A,2E,2A,,2 [A,,0E,0A,0C0] E2 A,,2E2C2[A,2A,,2] E,,0< B,,0 E,0 [G,2E,,2E,,2] B,2 E,2[B,2G,2][E,2F,2F,,2]E,,2 [G,,0G,0] [E,,2B,,2E,2G,2] |
[B,2D,,2][A,,2A,2] [B,,0B,0]< E,,0 B,,0< [E,0C,,0] [G,2B,2][C,2C2]E,2B,,2E,,2 [E,,0B,,0E,0G,0]< [B,0D,0] [B,,,0E0D0][B,2E,2]G,2[E,2E2E2] A,,0< E,0 A,0 | [C0A,,0E0]< [E0c0C0A,0E0c'0][E0C0]<A,0E2 [A,,0E,0A,0C0]< [E0E0][A,,2E2D2] A,,0< E,0 [A,0E,,0] [C2E2][A,2C2]E,2A,,2 [A,,0E,0A,0C0] E2 |E2C2[A,2E,,2C2] A,,0< E,0 A,0< [C0A,,0D0] E2[E0C0]<A,0C2 [A,,2E,2A,2C2] E2[A,,B,]A,0 E0< [A0B0A,,0C0] E,0 | [A,0E,,0] [C2E2] F2D[A,2A,2]E,2A,,2 [A,0E0A,,0A0E,0] [A,2C2C2E2] A,,2E2C2[A,2E,,2] [A,0D0F0]< [D,0A,0] F,0< [A,0d0] [D0d'0F0D,,0]< [F0A0D0][F0D0]<A,0A,2 [D,0F,0A,0D0] |
[F0A,0][D,,2A,2] D,0< F,0 [A,0A,,,0A,0] [D2F2][A,0A,0]F,2[D,2D2] [D,0F,0F0A,0D0] F2F0<D0[D0A,0A,,,0G,0]< [A0D,0] F,0< A,0 | [D0D,,0A,0] FF[F0D0]<A,0G,2 [D0D,0F,0A,0] [D2F2][D,,2F,2] D,0< [F,0B0] [A,0F0A,,,0]< [D0F0] G2A,2F,2D,2 [D,0F,0A,0D0]< [F0B0F0] | D,,2F2D2[A,^D,,]E0 [e0e'0B,0E,,0]< [B,,0G0] E,0< [G,0E,,0] B,6E,E, | E,2E,E, E,4 E,E,E,18 |
E,, E,,0 E,[B,,E,,B,]E,[C,F,,C]F,[D,G,,D]G,[E,A,,E]A,[F,0B,,0F0]B,0 F,,0< [F,,0G,0C,0G0] C0< F,0[A,D,A]D[B,E,B]E[CF,c]F[DG,d]G[EA,e]A0 [G,,0F0]< [B,0f0B0] | [G,,0G,0] [GCg] c[ADa]d[BEb]e0[CcF][c'f][dGd']g A,,0< E,0 A,0< [C0A,,0C0c'0e'0e0A,0E0C0] E2[E0C0]A,2C2 [A,,0E,0A,0C0]< [E0C0][A,,2C2] A,,0< E,0 | [A,0E,,0C0] [C2E2][A,2C2]E,2A,,2 [A,,0E,0A,0C0] E2E2C2[A,2E,,2C2] A,,0< E,0 A,0< [C0A,,0C0] E2[E0C0]A,2C2 c0< [c'0a0] [A,,0E,0A,0C0] | [E0C0][A,,C]d0 [b0d'0]< A,,0 E,0< [A,0E,,0B,0] [C2E2][A,0A,0]E,A,,[e'0e0c'0] [A,,0E,0A,0C0] E2 A,,2E2C2[A,E,,D][D0A,0F0] [D,0d'0a0]< F,0 A,0 |
[D0D,,0D0] F2[F0D0]<A,0D2 [D,0F,0A,0D0]< [F0D0][D,,2D2] D,0< F,0 [A,0A,,,0D0] [D2F2][A,2D2]F,2D,2 [D,0F,0A,0D0] F2 | D2F2D2[A,2A,,,2D2] D,0< F,0 A,0< [D0D,,0D0] F2[F0D0]A,2D2 [D,0F,0A,0D0]< [F0D0][D,,2D2] D,0< F,0 | [A,0A,,,0D0] [D2F2]A,2F,2D,2 [D,0F,0A,0D0] F2 [D,,2C2]F2D2[A,2^D,,2=D2] [g0G0]< [B,0e0E,,0] B,,0< E,0 [G,0E,,0E0] B,2[B,2G,2]E,2E2 [E,,0B,,0E,0G,0] | [B,0E0]E,,2 E,,0< B,,0 [E,0B,,,0E0] [G,2B,2]E,2B,,2E,,2 [E,,0B,,0E,0G,0] B,2 E2B,2G,2[E,2B,,,2E2] E,,0< B,,0 E,0 |
[G,0E,,0E0] B,2[B,0G,0]<E,0E2 [E,,0B,,0E,0G,0]< [B,0E0]E,,2 E,,0< B,,0 [E,0B,,,0E0] [G,2B,2]E,2B,,2E,,2 [E,,0B,,0E,0G,0] B,2 | E,,2B,2G,2[E,2G,,2D2] [C0A,0E0E0]< A,,0 E,0< A,0 [C0A,,0D0] E2[E2C2]A,2C2 [A,,2E,2A,2C2] E2A,,2 A,,0< E,0 | [A,0E,,0] [C2E2]A,2E,2A,,2 [A,,0E,0A,0C0] E2 D,,2E2C2[A,2^D,,2][G,0E0] B,0< E,,0 B,,0< E,0 [G,0E,,0] B,2[B,2G,2]E,2 [E,,2B,,2E,2G,2] | B,2E,,2 E,,0< B,,0 [E,0B,,,0] [G,2B,2][E,2E,,2]B,,2E,,2 [E,,0B,,0E,0G,0] B,2 F,,2B,2[G,2C2][E,2E,,2] [c'0e'0e0]< A,,0 [E,0C0A,0E0]< [A,0C0] |
[C0A,,0] E2[E0C0]<A,0C2 [A,,0E,0A,0C0]< [E0C0][A,,2C2] A,,0< E,0 [A,0E,,0C0] [C2E2][A,0C0]E,2A,,2 [A,,0E,0A,0C0] E2 |E2C2[A,2E,,2C2] A,,0< E,0 A,0< [C0A,,0C0] E2[E0C0]<A,0C2 c0< [c'0a0] [A,,0E,0A,0C0]< [E0C0][A,,2C2] [d0A,,0d'0b0]< E,0 | [A,0E,,0B,0] [C2E2][A,0A,0]E,2A,,2 [c'0e0e'0]< [A,,0E,0A,0C0] E2 A,,2E2C2[A,2E,,2C2] [A,0D0F0]< [f0D,0] [d'0F,0f'0]< A,0 [D0D,,0D0] F2[F0D0]<A,0D2 [D,0F,0A,0D0] | [F0D0][D,,2D2] D,0< F,0 [A,0A,,,0D0] [D2F2][A,2D2]F,2D,2 [D,0F,0A,0D0] F2 D2F2D2[A,2A,,,2D2] D,0< F,0 A,0 |
[D0D,,0D0] F2[F0D0]<A,0D2 [^e0e'0c'0]< [D,0F,0A,0D0] [F0D0][D,,2D2] [D,0f0]< [F,0d'0f'0] [A,0A,,,0D0] [D2F2]A,2F,2D,2 [=g0g'0D,0F,0A,0^d'0=D0] F2 | [D,,2C2]F2D2[A,2^D,,2=D2] [G,0B,0E0]< [E,,0g0e'0g'0] B,,0< E,0 [G,0E,,0E0] B,2[B,0G,0]<E,0E2 [E,,0B,,0E,0G,0]< [B,0E0]E,,2 E,,0< B,,0 | [E,0B,,,0E0] [G,2B,2][E,2E2]B,,2E,,2 [E,,0B,,0E,0G,0]< B,0 [E,,2E2]B,2G,2[E,2^D,,2] F,0< [A,0=D0D,0f0] [d'0F,0f'0]< A,0 [D0D,,0D0] F2[F0D0]<A,0D2 [D,0F,0A,0D0] | [F0D0]D,,2 D,0< F,0 [A,0A,,,0C0] [D2F2]A,2F,2D,2 [D,0F,0A,0D0] F2F0<D0[A,2A,,,2B,2] [A0a0c'0e'0]< A,,0 E,0< [A,0E,0C0] |
[C0A,0A,,0B,0] E2[E2C2]A,2A,2 [A,,2E,2A,2C2] E2A,,2 A,,0< E,0 [A,0E,,0] [C2E2]A,2E,2A,,2 [A,,0E,0A,0C0] E2 |E2C2[A,2E,,2] A,,0< E,0 A,0< [C0A,,0] E2[E2C2]A,2 [A,,2E,2A,2C2] E2A,,2 A,,0< E,0 | [A,0E,,0] [C2E2][A,2C,,2]E,2A,,2 [A,,0E,0A,0C0]< E0 B,,,2E2C2[A,2C2] [A,,0A,0C0E0]< E,0 A,0< [C0A,,0C0c'0e'0e0A,0E0C0] E2[E0C0]A,2C2 [A,,0E,0A,0C0] | [E0C0][A,,2C2] A,,0< E,0 [A,0E,,0C0] [C2E2][A,2C2]E,2A,,2 [A,,0E,0A,0C0] E2E2C2[A,2E,,2C2] A,,0< E,0 A,0 |
[C0A,,0C0] E2[E0C0]A,2C2 c0< [c'0a0] [A,,0E,0A,0C0]< [E0C0][A,,C]d0 [b0d'0]< A,,0 E,0< [A,0E,,0B,0] [C2E2][A,0A,0]E,A,,[e'0e0c'0] [A,,0E,0A,0C0] E2 | A,,2E2C2[A,E,,D][D0A,0F0A,0D0] F0< [D,0d'0a0] F,0< A,0 [D0D,,0D0] F2[F0D0]<A,0D2 [D,0F,0A,0D0]< [F0D0][D,,2D2] D,0< F,0 | [A,0A,,,0D0] [D2F2][A,2D2]F,2D,2 [D,0F,0A,0D0] F2 D2F2D2[A,2A,,,2D2] D,0< F,0 A,0< [D0D,,0D0] F2[F0D0]A,2D2 [D,0F,0A,0D0] | [F0D0][D,,2D2] D,0< F,0 [A,0A,,,0D0] [D2F2]A,2F,2D,2 [D,0F,0A,0D0] F2 [D,,2C2]F2D2[A,2^D,,2=D2][E0B,0G0] [g0G0]< [B,0e0E,,0] B,,0< E,0 |
[G,0E,,0E0] B,2[B,2G,2]E,2E2 [E,,0B,,0E,0G,0]< [B,0E0]E,,2 E,,0< B,,0 [E,0B,,,0E0] [G,2B,2]E,2B,,2E,,2 [E,,0B,,0E,0G,0] B,2 | E2B,2G,2[E,2B,,,2E2] E,,0< B,,0 E,0< [G,0E,,0E0] B,2[B,0G,0]<E,0E2 [E,,0B,,0E,0G,0]< [B,0E0]E,,2 E,,0< B,,0 | [E,0B,,,0E0] [G,2B,2]E,2B,,2E,,2 [E,,0B,,0E,0G,0] B,2 E,,2B,2G,2[E,2G,,2D2] [C0A,0E0E0]< A,,0 [E,0C0]< [A,0E0A,0] [C0A,,0D0] E2[E2C2]A,2C2 [A,,2E,2A,2C2] | E2A,,2 A,,0< E,0 [A,0E,,0] [C2E2]A,2E,2A,,2 [A,,0E,0A,0C0] E2 D,,2E2C2[A,2^D,,2][G,0E0] [B,0B,0]< E,,0 B,,0< E,0 |
[G,0E,,0] B,2[B,2G,2]E,2 [E,,2B,,2E,2G,2] B,2E,,2 E,,0< B,,0 [E,0B,,,0] [G,2B,2][E,2E,,2]B,,2E,,2 [E,,0B,,0E,0G,0] B,2 | F,,2B,2[G,2C2][E,2E,,2][C0A,0E0] [c'0e'0e0]< A,,0 [E,0C0A,0E0]< [A,0C0] [C0A,,0] E2[E0C0]<A,0C2 [A,,0E,0A,0C0]< [E0C0][A,,2C2] A,,0< E,0 | [A,0E,,0C0] [C2E2][A,0C0]E,2A,,2 [A,,0E,0A,0C0] E2E2C2[A,2E,,2C2] A,,0< E,0 A,0< [C0A,,0C0] E2[E0C0]<A,0C2 c0< [c'0a0] [A,,0E,0A,0C0] | [E0C0][A,,2C2] [d0A,,0d'0b0]< E,0 [A,0E,,0B,0] [C2E2][A,0A,0]E,2A,,2 [c'0e0e'0]< [A,,0E,0A,0C0] E2 A,,2E2C2[A,2E,,2C2][D0A,0A,0D0] [F0F0]< [f0D,0] [d'0F,0f'0]< A,0 |
[D0D,,0D0] F2[F0D0]<A,0D2 [D,0F,0A,0D0]< [F0D0][D,,2D2] D,0< F,0 [A,0A,,,0D0] [D2F2][A,2D2]F,2D,2 [D,0F,0A,0D0] F2 | D2F2D2[A,2A,,,2D2] D,0< F,0 A,0< [D0D,,0D0] F2[F0D0]<A,0D2 [^e0e'0c'0]< [D,0F,0A,0D0] [F0D0][D,,2D2] [D,0f0]< [F,0d'0f'0] | [A,0A,,,0D0] [D2F2]A,2F,2D,2 [=g0g'0D,0F,0A,0^d'0=D0] F2 [D,,2C2]F2D2[A,^D,,=D][B,0E0^G0] [G,0B,0E0]< [E,,0g0e'0g'0] B,,0< E,0 [G,0E,,0E0] B,2[B,0G,0]<E,0E2 [E,,0B,,0E,0G,0] | [B,0E0]E,,2 E,,0< B,,0 [E,0B,,,0E0] [G,2B,2][E,2E2]B,,2E,,2 [E,,0B,,0E,0G,0]< B,0 [E,,2E2]B,2G,2[E,2^D,,2] [F,0F0=D0A,0]< [A,0D0D,0f0] [d'0F,0f'0]< A,0 |
[D0D,,0D0] F2[F0D0]<A,0D2 [D,0F,0A,0D0]< [F0D0]D,,2 D,0< F,0 [A,0A,,,0C0] [D2F2]A,2F,2D,2 [D,0F,0A,0D0] F2 |F0<D0[A,2A,,,2B,2] [A0a0c'0e'0]< [A,0A,,0C0E0] E,0< [A,0E,0C0] [C0A,0A,,0B,0] E2[E2C2]A,2A,2 [A,,2E,2A,2C2] E2A,,2 A,,0< E,0 | [A,0E,,0] [C2E2]A,2E,2A,,2 [A,,0E,0A,0C0] E2E2C2[A,2E,,2] A,,0< E,0 A,0< [C0A,,0] E2[E2C2]A,2 [A,,2E,2A,2C2] | E2A,,2 A,,0< E,0 [A,0E,,0] [C2E2][A,2C,,2]E,2A,,2 [A,,0E,0A,0C0]< E0 B,,,2E2C2[A,2C2] [A,,0A,0C0E0]< E,0 A,0 |
[C0A,,0C0c'0e'0e0A,0E0C0] E2[E0C0]A,2C2 [A,,0E,0A,0C0]< [E0C0][A,,2C2] A,,0< E,0 [A,0E,,0C0] [C2E2][A,2C2]E,2A,,2 [A,,0E,0A,0C0] E2 |E2C2[A,2E,,2C2] A,,0< E,0 A,0< [C0A,,0C0] E2[E0C0]A,2C2 c0< [c'0a0] [A,,0E,0A,0C0]< [E0C0][A,,C]d0 [b0d'0]< A,,0 E,0 | [A,0E,,0B,0] [C2E2][A,0A,0]E,A,,[e'0e0c'0] [A,,0E,0A,0C0] E2 A,,2E2C2[A,E,,D][D0A,0F0A,0D0] F0< [D,0d'0a0] F,0< A,0 [D0D,,0D0] F2[F0D0]<A,0D2 [D,0F,0A,0D0] | [F0D0][D,,2D2] D,0< F,0 [A,0A,,,0D0] [D2F2][A,2D2]F,2D,2 [D,0F,0A,0D0] F2 D2F2D2[A,2A,,,2D2] D,0< F,0 A,0 |
[D0D,,0D0] F2[F0D0]A,2D2 [D,0F,0A,0D0]< [F0D0][D,,2D2] D,0< F,0 [A,0A,,,0D0] [D2F2]A,2F,2D,2 [D,0F,0A,0D0] F2 | [D,,2C2]F2D2[A,2^D,,2=D2][E0B,0G0] [g0G0]< [B,0e0E,,0] B,,0< E,0 [G,0E,,0E0] B,2[B,2G,2]E,2E2 [E,,0B,,0E,0G,0]< [B,0E0]E,,2 E,,0< B,,0 | [E,0B,,,0E0] [G,2B,2]E,2B,,2E,,2 [E,,0B,,0E,0G,0] B,2 E2B,2G,2[E,2B,,,2E2] E,,0< B,,0 E,0< [G,0E,,0E0] B,2[B,0G,0]<E,0E2 [E,,0B,,0E,0G,0] | [B,0E0]E,,2 E,,0< B,,0 [E,0B,,,0E0] [G,2B,2]E,2B,,2E,,2 [E,,0B,,0E,0G,0] B,2 E,,2B,2G,2[E,2G,,2D2] [C0A,0E0E0]< A,,0 [E,0C0]< [A,0E0A,0] |
[C0A,,0D0] E2[E2C2]A,2C2 [A,,2E,2A,2C2] E2A,,2 A,,0< E,0 [A,0E,,0] [C2E2]A,2E,2A,,2 [A,,0E,0A,0C0] E2 | D,,2E2C2[A,2^D,,2][G,0E0] [B,0B,0]< E,,0 B,,0< E,0 [G,0E,,0] B,2[B,2G,2]E,2 [E,,2B,,2E,2G,2] B,2E,,2 E,,0< B,,0 | [E,0B,,,0] [G,2B,2][E,2E,,2]B,,2E,,2 [E,,0B,,0E,0G,0] B,2 F,,2B,2[G,2C2][E,2E,,2][C0A,0E0] [c'0e'0e0]< [C0A,0E0C0] |","['Ambient', 'Folk', 'Latin', 'Classical']",Folk,1,Choose the most probable genre label of the provided score.
Folk_Lilith_Eliza Doolittle_Skinny Genes.abc,"X:1
M:3/4
L:1/16
K:E
g'2>b'2 g'2>g'2g' g'2>f'2 | e'3f'4c'4c' | f'2>g'2 f'3c'4((3g'2f'2f'2) |a'a' a'2>g'2 f'4 |
g'2>b'2 g'3g'4f' | e'4 g'2>b'2 g'2>g'2g' | g'2>f'2 e'3f'4c'4 |c' f'2>g'2 f'3c'4 |
((3g'2f'2f'2)a'a' a'2>g'2 | f'4 g'2>b'2 g'3g'4 |f' e'4 [e2E2]>[b2g'2] | [b3e'3][e'4b4e4E4][eE] [g2b2e'2]>[e2E2] |
[a'2c'2]>[f2a2] [c'3a'3][f4a4f'4c'4][fa] | [c'2f'2]>[a2f2]cf a0 [a'2c'2]>[f2a2] [a'2c'2]>f2 | [a'2c'2]>[f2a2] [a'2c'2]>a2Be g3 [b2g'2]>[g2B2] | [b3g'3][e5g5e'5] [e4g4B4] |
[e2E2]>[b2g'2] [b3e'3][e'4b4e4E4][eE] | [g2b2e'2]>[e2E2] [a'2c'2]>[f2a2] [c'3a'3][f4a4f'4c'4] |[fa] [c'2f'2]>[a2f2]cf a0 [a'2c'2]>[f2a2] | [a'2c'2]>f2 [a'2c'2]>[f2a2] [a'2c'2]>a2Be g3 |
[b2g'2]>[g2B2] [b3g'3][e5g5e'5] | [e4g4B4] [e2E2]>[b2g'2] [b3e'3][e'4b4e4E4] |[eE] [g2b2e'2]>[e2E2] [a'2c'2]>[f2a2] | [c'3a'3][f4a4f'4c'4][fa] [c'2f'2]>[a2f2]cf a0 |
[a'2c'2]>[f2a2] [a'2c'2]>f2 [a'2c'2]>[f2a2] | [a'2c'2]>a2Be g3 [b2g'2]>[g2B2] [b3g'3][e5g5e'5] | [e4g4B4] [e2E2]>[b2g'2] | [b3e'3][e'4b4e4E4][eE] [g2b2e'2]>[e2E2] |
[a'2c'2]>[f2a2] [c'3a'3][f4a4f'4c'4][fa] | [c'2f'2]>[a2f2]cf a0 [a'2c'2]>[f2a2] [a'2c'2]>f2 | [a'2c'2]>[f2a2] [a'2c'2]>a2Be g3 [b2g'2]>[g2B2] | [b3g'3][e5g5e'5] [e4g4B4] |
[f2F2c2]>f2 [c'7f7a7F7c7][fc'] | [a'2f'2]>[c'2f2] [f'3a'3c''3][a'4f'4c''4]f | [a'3c''3f'3][a'4f'4c''4][c'f] E2>e2 | [e4g4b4] b2>E2 [e2g2b2]>e2 |
E2>e2 [g2e2b2]>b2 g2>[e2g2b2] | E2>e2 [f2F2c2]>f2 [c'7f7a7F7c7] |[fc'] [a'2f'2]>[c'2f2] [f'3a'3c''3][a'4f'4c''4] |f [a'3c''3f'3][a'4f'4c''4][c'f] |
E2>e2 [e4g4b4] b2>E2 | [e2g2b2]>e2 B2>b2 [d'2b2f'2]>f'2 | d'2>[b2d'2f'2] B2>b2 [f2F2c2]>f2 | [c'7f7a7F7c7][fc'] [a'2f'2]>[c'2f2] |
[f'3a'3c''3][a'4f'4c''4]f [a'3c''3f'3][a'4f'4c''4] |[c'f] E2>e2 [e4g4b4] | b2>E2 [e2g2b2]>e2 E2>e2 | [g2e2b2]>b2 g2>[e2g2b2] E2>e2 |
[f2F2c2]>f2 [c'7f7a7F7c7][fc'] | [a'2f'2]>[c'2f2] [f'3a'3c''3][a'4f'4c''4]f | [a'3c''3f'3][a'4f'4c''4][c'f] E2>e2 | [e4g4b4] b2>E2 [e2g2b2]>e2 |
B2>b2 [d'2b2f'2]>[f'2B,,,2B,,2] [d'2C,,2C,2]>[b2d'2f'2] | [D,,2D,2B2]>b2 [E,,7E,7][e5G5B5] | B11 |[c16A16f16] |
[c16f16A16] |[G5e5B5] | [G11e11B11] |[e5G5B5] B11 |
[c16A16f16] |[c16f16A16] |[G5e5B5] [G4e4B4] | [e2E2]>[b2g'2] [b3e'3][e'4b4e4E4][eE] |
[g2b2e'2]>[e2E2] [a'2c'2]>[f2a2] [c'3a'3][f4a4f'4c'4] |[fa] [c'2f'2]>[a2f2]cf a0 [a'2c'2]>[f2a2] | [a'2c'2]>f2 [a'2c'2]>[f2a2] [a'2c'2]>a2Be g3 | [b2g'2]>[g2B2] [b3g'3][e5g5e'5] |
[e4g4B4] [e2E2]>[b2g'2] [b3e'3][e'4b4e4E4] |[eE] [g2b2e'2]>[e2E2] [a'2c'2]>[f2a2] | [c'3a'3][f4a4f'4c'4][fa] [c'2f'2]>[a2f2]cf a0 | [a'2c'2]>[f2a2] [a'2c'2]>f2 [a'2c'2]>[f2a2] |
[a'2c'2]>a2Be g3 [b2g'2]>[g2B2] [b3g'3][e5g5e'5] | [e4g4B4] [f2F2c2]>f2 | [c'7f7a7F7c7][fc'] [a'2f'2]>[c'2f2] | [f'3a'3c''3][a'4f'4c''4]f [a'3c''3f'3][a'4f'4c''4] |
[c'f] E2>e2 [e4g4b4] | b2>E2 [e2g2b2]>e2 E2>e2 | [g2e2b2]>b2 g2>[e2g2b2] E2>e2 | [f2F2c2]>f2 [c'7f7a7F7c7][fc'] |
[a'2f'2]>[c'2f2] [f'3a'3c''3][a'4f'4c''4]f | [a'3c''3f'3][a'4f'4c''4][c'f] E2>e2 | [e4g4b4] b2>E2 [e2g2b2]>e2 | B2>b2 [d'2b2f'2]>f'2 d'2>[b2d'2f'2] |
B2>b2 [f2F2c2]>f2 [c'7f7a7F7c7] |[fc'] [a'2f'2]>[c'2f2] [f'3a'3c''3][a'4f'4c''4] |f [a'3c''3f'3][a'4f'4c''4][c'f] | E2>e2 [e4g4b4] b2>E2 |
[e2g2b2]>e2 E2>e2 [g2e2b2]>b2 | g2>[e2g2b2] E2>e2 [f2F2c2]>f2 | [c'7f7a7F7c7][fc'] [a'2f'2]>[c'2f2] | [f'3a'3c''3][a'4f'4c''4]f [a'3c''3f'3][a'4f'4c''4] |
[c'f] E2>e2 [e4g4b4] | b2>E2 [e2g2b2]>e2 B2>b2 | [d'2b2f'2]>[f'2B,,,2B,,2] [d'2C,,2C,2]>[b2d'2f'2] [D,,2D,2B2]>b2 | [b2g2e2E,,2E,2]>[g'2b2g2e2] gbe' [b2g'2]>g2 |
[e'2b2]>f2 c'2< f'2 a'2a [a'3f'3c'3][c'5f'5a5] | f2>f2 c'2< f'2 a'2a | [a'2f'2c'2]>a2 [a'2f'2c'2]>a2 [a'2f'2c'2]>a2e b | e'3 g'2e [g'3e'3b3][b5e'5e5] |
e4 [b2g2e2]>[g'2b2g2e2] gbe' | [b2g'2]>g2 [e'2b2]>f2 c'2< f'2 a'2a | [a'3f'3c'3][c'5f'5a5] f2>f2 c' | f'3 a'2a [a'2f'2c'2]>a2 [a'2f'2c'2]>a2 |
[a'2f'2c'2]>a2e b2< e'2 g'2e [g'3e'3b3][b5e'5e5] | e4 [f2F2c2]>f2 | [c'7f7a7F7c7][fc'] [a'2f'2]>[c'2f2] | [f'3a'3c''3][a'4f'4c''4]f [a'3c''3f'3][a'4f'4c''4] |
[c'f] E2>e2 [e4g4b4] | b2>E2 [e2g2b2]>e2 E2>e2 | [g2e2b2]>b2 g2>[e2g2b2] E2>e2 | [f2F2c2]>f2 [c'7f7a7F7c7][fc'] |
[a'2f'2]>[c'2f2] [f'3a'3c''3][a'4f'4c''4]f | [a'3c''3f'3][a'4f'4c''4][c'f] E2>e2 | [e4g4b4] b2>E2 [e2g2b2]>e2 | B2>b2 [d'2b2f'2]>f'2 d'2>[b2d'2f'2] |
B2>b2 [f2F2c2]>f2 [c'7f7a7F7c7] |[fc'] [a'2f'2]>[c'2f2] [f'3a'3c''3][a'4f'4c''4] |f [a'3c''3f'3][a'4f'4c''4][c'f] | E2>e2 [e4g4b4] b2>E2 |
[e2g2b2]>e2 E2>e2 [g2e2b2]>b2 | g2>[e2g2b2] E2>e2 [f2F2c2]>f2 | [c'7f7a7F7c7][fc'] [a'2f'2]>[c'2f2] | [f'3a'3c''3][a'4f'4c''4]f [a'3c''3f'3][a'4f'4c''4] |
[c'f] E2>e2 [e4g4b4] | b2>E2 [e2g2b2]>e2 B2>b2 | [d'2b2f'2]>[B,,,2B,,2f'2] [d'2C,,2C,2]>[b2d'2f'2] [D,,2D,2B2]>b2 | [b2g2e2]>[g'2b2g2e2] gbe' [b2g'2]>g2 |
[e'2b2]>f2 c'2< f'2 a'2a [a'3f'3c'3][c'4f'4a4] |a [a'2f'2c'2f2]>f2 c' f'4 a'4 | [a'4f'4c'4] [a'4f'4c'4] [a'4f'4c'4] | [g'4e'4b4] [b4e'4g4] [E,2E,,2] |","['Rock', 'Folk', 'Pop', 'Latin']",Folk,1,Choose the most probable genre label of the provided score.
Folk_Volksmusik_Howard Carpendale_United.abc,"X:1
M:3/4
L:1/16
K:A
a'8 =g'8 | f'16 | a'8 | =g'8 |
f'16 | b'8 | =g'8 a'8 | d'8 |
[e'12a'12] | d2e2 a86 |[=G,4B,4][B,4D4] |[C4E4][D54F54] |
=g2f2 e2B4< B,4 |C6 D6 |E2 D2B,2 f2e2 | d2B14 |
D18 |E2 | F2E4D2 a2=g2 | f2e30 |
[E,2=G,2][e0F,0A,0]BG E0 | [=G,2B,2]b2[F,2A,2] [g4E,4G,4]<d'4 | [=G,2E2][A,2D2] [B,2E2][A,2E2] [G,2D2][G,8B,8] |fdB F0 [D16F16] |
[D16F16] | [D2=G2]b2[C2G2] g0 [B,2G2]d'4 |[D8=G8][D6A6] | [F3A3][E3=G3][D3F3] |
[E15A15] | [c4A4e4] A,4 | =G,2F,2 E,2D,2 E,4<F,4 | a2f2 e4<A4 |
A,4 =G,2F,2 | E,2D,2 C8 | f2e2 c4<A4 | D4 C2B,2 A,2F,4 |
=G,4[B,4D4][D6G6] | [F4A4]>A,4 | [a0=G,0]<g0F,2 [E,0f0]<D,0A4E,18 | A,4 =G,2F,2 |
E,2f0D,dA F0 E,2[a0F,0] f2d'10 | A,14 |fc21A21 F20 | [D4F4] |
[C2E2][B,2D2] [A,2C2][F,4A,4][b0=G,0B,0] | =g2[d'0F0A0][G4B4][F2A2] | [F8B8]< [E8A8] | [F2A2] D2F2 A4<d4 |
[d4=g4] A,0 [f2d2]B,2 | A,2D4E2 D4 | [^E16^A,16D16E16] | [A,7D7F7]A |
A2<d2 ded^A^E D0 [D10E10e10A,10D10E10] |[E4=G4][F2A2] | [A,2D2F2][E=G][D4F4]A A2<d2 | ded^A^E D0 [D2=A2e2^A,2D2E2][^B,4=G4]< [A,4E4] |
[=G,2D2] [A,4F4] [A,6D6F6] |[D10A10] | [^A,0D0^E0D0E0=A0] D2E2 ^A2[d0^B,0=E0] | [d0^e0D0E0] [^A,14D14E14] [a13d13] |
[E2=G2] [A,16D16E16E16A16] [a16e16] | [C16E16A16] | a'8 | =g'8 f'10 |
[D4F4][C2E2] | [a'0A,0C0][B,2D2] [=g'8A,8C8] | f'16 | [E0=G0] b'2[D4F4] |
[C2E2] =g'2[D4F4][E2G2] | a'4 [F4A4] d'8 | [e'12a'12] | d2e2 A0 a4 G0 |
B,2B2 A,2G,2 F,2E,2 | F,2G,4c2 [b0B0]<g0G2 | [f4E4]<B4 B,4 | A,2G,2 F,2E,2 ^D8 |
g2f2 ^d4<B4 | E4 ^D2C2 | B,2G,4A,4[C4E4] |[E6A6] [G6B6] |
B,2 [b0A,0]<a0G,2 [F,0g0]<E,0B4 |F,18 | B,4 | A,2G,2 F,2g0E,eB G0 F,2[b0G,0] |
g2e'4E2 F2G4 |E2 B,4 A,2G,2 | F,2g0E,^dB G0 D4>C4 | B,12 |
[E4G4] [^D2F2][C2E2] [B,2D2][G,4B,4] |[c'2A,2C2] [a0G0B0]e'4[A4c4] |[G2B2] [G4c4] [F2B2]^D8 |E2 [G0B0] E2G2 B2 |
e4> [e4a4]B2 | [a4e4] [A0B,0]< A,0 [b2f2][G0G,0] | F,2E,2 F,2[b0G,0] g2e'14 | B,4 A,2G,2 F,2g0E,^dB G0 |
^D20 | [E4G4] | [^D2F2][C2E2] [B,2D2][G,4B,4][c'2A,2C2] | [a0G0B0]e'4[A4c4][G2B2] |
[G4c4] [F2B2]^D8 |E2 [e2G2B2E,2]E^d2c2 [E2G2B2] |E2 [E0B,0A0E,0]E3[E,0C0B,0A,,0]A3 C3 |B,3A,3B,,0[^D7B7B,7F,7] |
B,,,6eB G | [E0E,,0E,0G0][B,2E2] |","['Blues', 'Pop', 'Country', 'Folk']",Folk,3,Choose the most probable genre label of the provided score.
Folk_Classic Italian Folk Pop_I Teppisti dei Sogni_Salverò il mio amore.abc,"X:1
M:3/4
L:1/16
K:Dm
[e12a12] | [^c12g12] | [D,6D6][D,6D,,6] | [D,6D6][D,,6D,6] |
[G,,12G,12] | [B,6B,,6][G,6G,,6] | [D12D,12] | [D12D,12] |
[E,6E6][E6E,6] | [^C,12C12] | [D,,12D12] | [D6D,,6][D,6D,,6] |
[G,,12G,12] | [B,6B,,6][G,6G,,6] | [D12D,12] | [D12D,12] |
D12 G11B11 D | F6 A6^C222E222G222 | [e12a12] | [^c12g12] |
[D,6D6][D,6D,,6] | [D,6D6][D,,6D,6] | [G,,12G,12] | [B,6B,,6][G,6G,,6] |
[D12D,12] | [D12D,12] | [E,6E6][E6E,6] | [^C,12C12] |
[D,,12D12] | [D6D,,6][D,6D,,6] | [G,,12G,12] | [B,6B,,6][G,6G,,6] |
[D12D,12] | [D12D,12] | D12 G11B11 D | F6 A6^C78E78G78 |
[D,,24D,24] |","['Blues', 'Folk', 'Ambient', 'Rap']",Folk,1,Choose the most probable genre label of the provided score.
Folk_Irish Folk_Brian Dullaghan_Wedding March.abc,"X:1
M:3/4
L:1/16
K:C
((3C2C2C2) C12 | ((3C2C2C2) C12 | ((3C2C2C2) | [C4E4] [CE][CE][CE] [C4E4] |
[CCE][CE][CE] [C4E4G4] [CEGG][CEG][CEG] | [C4E4G4] [CEG][CEG][CEG] [A,,,8A,,8c8e8^f8c'8] | [B,,,4B,,4A4B4^d4^f4b4]>[B,,,4B,,4A4B4d4f4] | [A4B4^d4^f4a4E,,4E,4] [G4e4g4] [=F,,4F,4F4A4=d4f4] |
[F,,4F,4F4A4d4] [G,,8E8G8c8] | [G,,4G,4F4G4d4] [F2G2G,,2G,2]>d2 [C,,4C,4E4G4e4] | [C,2C2][E,2E2] [G,2G2][C2c2] [E2e2][G2g2] | [A,,8c8e8^f8c'8] [B,,,6B,,6A6B6^d6f6b6] |
[B,,,2B,,2A2B2^d2^f2] [A4B4d4f4a4E,,4E,4] [G4e4g4] | [F,,4F,4F4A4d4f4] [F,,4F,4F4A4d4] [G,,8E8G8c8] | [G,,4C,4E,4G,4e4] [F2G2B2d2B,,2]>e2 | [G,,8F8G8B8d8] [C,,4C,4E4c4] |
((3C2C2C2) C4 ((3C2E2G2) | c4 [CC]CC C4 | ((3E2G2c2) [c4e4] ((3C2C2C2) | [C4E4] [CEE][CEG][CEc] [C4E4c4e4] |
[CEG][CEc][CEe] [C4E4G4c4e4g4] [CEGG][CEGc][CEGe] | [C4E4G4c4e4g4] [CEEGc][CEGe][CEGg] [A,,,8A,,8c8e8^f8c'8] | [B,,,4B,,4A4B4^d4^f4b4]>[B,,,4B,,4A4B4d4f4] | [A4B4^d4^f4a4E,,4E,4] [G4e4g4] [=F,,4F,4F4A4=d4f4] |
[F,,4F,4F4A4d4] [G,,8E8G8c8] | [G,,4G,4F4G4d4] [F2G2G,,2G,2]>d2 [C,,4C,4E4G4e4] | [C,2C2][E,2E2] [G,2G2][C2c2] [E2e2][G2g2] | [A,,8c8e8^f8c'8] [B,,,6B,,6A6B6^d6f6b6] |
[B,,,2B,,2A2B2^d2^f2] [A4B4d4f4a4E,,4E,4] [G4e4g4] | [F,,4F,4F4A4d4f4] [F,,4F,4F4A4d4] [G,,8E8G8c8] | [G,,4C,4E,4G,4e4] [F2G2B2d2B,,2]>e2 | [G,,8F8G8B8d8] [C,,4C,4E4c4] |
((3C2C2C2) [C,,8C,8C8E8G8c8] | [C,,4C,4C4E4G4c4]>[C,,4C,4E4G4c4] [E4G4c4e4G,,4] | [F4B4d4] [D4F4B4] [G,,4B,4F4G4] | [C,,4C,4C4E4G4] [C,,2C,2][C2E2G2c2] [E,,4E,4C4E4G4c4] |
[C,,2C,2][E2G2c2e2] [E4G4c4e4G,,4] [F4B4d4] | [D4F4B4] [G,,4G,4B,4F4G4] [C,4C4C4E4G4] | [G,,2G,2][E2G2c2e2] [E,,4E,4E4G4c4e4] [C,,2C,2][G2c2e2g2] | [A8c8e8g8F,,8] [A4d4f4] |
[F,4A,4C4E4A4c4e4] [F,4A,4C4D4A4c4d4] [A2^c2F,,2F,2]>e2 | [^F,,4F,4A4c4d4] [C2D2A2F,,2]>c2 [G,,4B,4D4G4B4] | [G4g4] [A4a4] [B4b4] | [A,,,8A,,8c8e8^f8c'8] [B,,,6B,,6A6B6^d6f6b6] |
[B,,,2B,,2A2B2^d2^f2] [A4B4d4f4a4E,,4E,4] [G4e4g4] | [F,,4F,4F4A4d4f4] [F,,4F,4F4A4d4] [G,,8E8G8c8] | [G,,4G,4F4G4d4] [F2G2G,,2G,2]>d2 | [C,,4C,4E4G4e4] [C,2C2][E,2E2] [G,2G2][C2c2] |
[E2e2][G2g2] [A,,4A,4c4e4^f4c'4] [F,,4F,4] | [B,,4B,4A4B4^d4^f4b4] [D,,2D,2][A2B2f2] [E,,4E,4A4B4f4a4] | [^C,,4C,4G4_B4e4g4] [D,,4D,4F4A4d4f4] [F,,4F4A4d4] | [G,,8E8G8c8] [G,,4C,4E,4G,4e4] |
[F2G2B2d2G,,2]>e2 [G,,8F8G8B8d8] | [C,,8C,8E8c8] [B,,2G,2E2G2]<[D2B,,2G,2G2] | B,2<B,2 [G,2B,2G2B2]<[G2E,2G,2B2] D2<D2 | [B,2D2B2d2]<[B2B,2D2d2] G2<G2 [E2G2e2g2]<[e2E2g2] |
[G2G2]<G2 [C2E2e2g2]<[B2B,2D2d2] G2<G2 | [C2E2c2e2g2]<[c2C2E2e2] G2<G2 [A,2C2c2c2]<[G2G,2B,2B2g2] | G2<G2 [G,,2G2B2d2]<[G2G,,2B2d2] D2<D2 | [B,,2G2B2]<[^F2D,,2D,2A2] D2<D2 [G,,2G2d2]<[G2G,,2d2] |
D2<D2 [B,,2G2B2]<[^F2F2D,,2D,2A2] D2<D2 | D2<D2 DD4[B,,G,EG][D3B,,3G,3G3] |B,B,2>[G,2B,2G2B2][G2E,2G,2B2]>D2D3 |[B,DBd][B2B,2D2d2]>G2G2>[E2G2e2g2][e3E3g3] |
[GG]G2>[C2E2e2g2][B2B,2D2d2]>G2G3 |[CEceg][c2C2E2e2]>G2G2>[A,2C2c2c2][G3G,3B,3B3g3] |GG2>[G,,2G2B2d2][G2G,,2B2d2]>D2D3 |[B,,GB][^F2D,,2D,2A2]>D2D2>[G,,2G2d2][G3G,,3d3] |
DD2>[B,,2G2B2][^F2F2D,,2D,2A2]>D2D3 |DD2>D2D4[A,,,8A,,8c8e8^f8c'8] |[B,,,6B,,6A6B6^d6^f6b6] | [B,,,2B,,2A2B2^d2^f2][A4B4d4f4a4E,,4E,4][G4e4g4][=F,,4F,4F4A4=d4f4] |
[F,,4F,4F4A4d4][G,,8E8G8c8] |[G,,4G,4F4G4d4][F2G2G,,2G,2]>d2[C,,4C,4E4G4e4] |[C,2C2] [E,2E2][G,2G2] [C2c2][E2e2] | [G2g2][A,,4A,4c4e4^f4c'4][F,,4F,4][B,,4B,4A4B4^d4f4b4] |
[^D,,2D,2] [A2B2d2^f2][E,,4E,4A4B4d4f4a4][^C,,4C,4G4e4g4] |[D,,4D,4F4A4d4f4][F,,4F4A4d4][G,,8E8G8c8] |[G,,4C,4E,4G,4e4][F3G3B3d3G,,3] |f[G,,8F8G8B8d8][C,,4C,4E4c4] |
[E,2C2A2c2] E,2[C,,2C,2G,2E2G2] C,2[C,2F,2C2F2A2] | [C,2F,2][C,2G,2_B,2G2B2] [C,2G,2][C,2^G,2=B,2G2B2] [C,2G,2][C,,2C,2C2A2c2] | C,2[C,2F,2A,2F2f2] [C,2F,2A,2][C,2F,2A,2A2a2] [C,2F,2A,2][C,2F,2A,2F2f2] | [C,2F,2A,2][C,,2C,2E2B2e2] C,2[C,2F,2^G,2D2d2] [C,2F,2G,2][C,2F,2G,2C2c2] |
[C,2F,2^G,2][C,2F,2G,2B,2B2] [C,2F,2G,2][C,,2C,2B,2D2^F2B2] [C,2F,2A,2][C,2F,2A,2] | [C,2^F,2A,2][C,2E,2G,2C2E2c2] [C,2E,2G,2][C,2E,2G,2C2c2] [C,2E,2G,2][C,2F,2A,2F2c2f2] | [C,2^F,2A,2][C,2F,2A,2] [C,2F,2A,2][C,2F,2A,2C2A2c2] [C,2F,2A,2][C,2F,2A,2F2A2] | [C,2^F,2][F,,2C2A2c2] [C,2F,2A,2][C,2F,2A,2] [C,2F,2A,2][C,2F,2A,2F2A2] |
[C,2^F,2][C,2A,2C2F2] C,2[C,2F2A2] C,2[C,2G,2_B,2E2G2] | [C,2G,2_B,2][C,2A,2^F2A2] [C,2A,2][C,2E,2G,2G2B2] [C,2E,2G,2][F,,2F2A2] | [C,2^F,2][C,2F,2A,2] [C,2F,2A,2][C,2F,2A,2] [C,2F,2A,2][C,2F,2A,2C2] | [C,2^F,2A,2][A,,,2A,,2C2c2] [A,,2C,2][A,,2C,2A,2A2] [A,,2C,2][A,,2C,2E,2E2] |
[A,,2C,2][A,,2C,2^F,2F2] [A,,2C,2][_B,,,2A,2D2E2A2] [B,,2^C,2][B,,2C,2] | [_B,,2^C,2G,2G2][B,,2C,2^F,2F2] [B,,2C,2][B,,2C,2E,2E2] [B,,2C,2][=B,,,2B,,2G2g2] | [B,,2^F,2G,2][B,,2F,2G,2] [B,,2F,2G,2F2f2][B,,2F,2G,2E2e2] [B,,2F,2G,2][B,,2F,2G,2D2d2] | [B,,2^F,2G,2][B,,2F,2G,2C2c2] [B,,2F,2G,2][B,,2F,2G,2E2d2] [B,,2F,2G,2][B,,2F,2^G,2F2f2] |
[B,,2^F,2^G,2][B,,2F,2G,2D2d2] [B,,2F,2G,2][C,,2C,2A2c2] C,2[C,2F,2A,2F2A2] | [C,2^F,2A,2][C,2G,2_B,2E2G2] [C,2G,2B,2][C,2E,2G,2G2=B2] [C,2E,2G,2][F,,2F2A2] | [C,2^F,2][C,2F,2A,2] [C,2C,2F,2A,2][C,2F,2A,2] [C,2F,2A,2][C,2F,2A2] | [C,2^F,2][^C,,2C,2A,2E2G2A2] [C,2E,2G,2][C,2E,2G,2] [C,2E,2G,2_B,2B2][C,2E,2G,2A,2A2] |
[^C,2E,2G,2][C,2E,2G,2A,2A2] [C,2E,2G,2][D,2F,2A2a2] [D,2F,2][D,2F,2] | [D,2F,2][D,2F,2F2f2] [D,2F,2][D,2F,2A,2A2] [D,2F,2][G,,2G,2A,2^C2E2A2] | G,2G,2 [G,2G,2_B2][G,2A,2^C2A2] [G,2G,2A,2C2][G,2A,2C2A2] | [G,2A,2^C2][F,2A,2D2A2a2] [F,2A,2D2][F,2A,2D2] [F,2A,2D2][F,2A,2F2f2] |
[F,2A,2][F,2A,2D2d2] [F,2A,2][G,,2G,2E2G2_B2e2] [G,2B,2][G,2B,2] | [G,2_B,2D2d2][A,,2A,2D2F2A2d2] A,2[A,2D2d2] A,2[=B,,2B,2E2G2e2] | B,2B,2 [B,2D2d2][F,,2F,2D2F2A2d2] [F,2A,2][F,2A,2D2d2] | [F,2A,2][G,,2G,2F2_B2f2] [G,2=B,2][G,2B,2E2e2] [G,2B,2][G,2B,2D2d2] |
[G,2B,2][G,2B,2E2e2] [G,2B,2][E,2G,2A,2D2d2] [E,2G,2A,2][E,2G,2A,2] | [E,2G,2A,2][E,2G,2A,2^C2c2] [E,2G,2][E,2G,2A2] [E,2G,2B2][F,,2=C,2D,2C2A2c2] | [F,,2C,2D,2][F,,2C,2D,2] [F,,2C,2D,2D2d2][F,,2C,2D,2C2c2] [F,,2C,2D,2][F,,2C,2D,2C2c2] | [F,,2C,2D,2][G,,2C,2D,2G,2c2g2c'2] [G,,2C,2D,2G,2][G,,2C,2D,2G,2] [G,,2C,2D,2G,2][G,,2C,2D,2G,2G2g2] |
[G,,2C,2D,2G,2][G,,2C,2D,2G,2C2c2] [G,,2C,2D,2G,2][A,,2D,2^F,2C2F2c2] [A,,2D,2F,2][A,,2D,2F,2] | [A,,2D,2^F,2D2d2][A,,2D,2F,2C2c2] [A,,2D,2F,2][A,,2D,2F,2C2c2] [A,,2D,2F,2][G,,2D,2G,2c2g2c'2] | [G,,2D,2G,2][G,,2D,2G,2] [G,,2D,2G,2][G,,2D,2G,2G2g2] [G,,2D,2G,2][CcG,,D,G,][Cc] | [G,,2D,2G,2][Cc][^F,2A,2C2c2] [F,2A,2][F,2A,2] [F,2A,2A,2][F,2A,2] |
[^F,2A,2][CcF,A,][Cc] [F,2A,2][Cc][F,2A,2C2c2] [F,2A,2][F,2A,2] | [^F,2A,2][F,2A,2] [F,2A,2][CcF,A,][Cc] [F,2A,2][Cc][A,2C2F2c2] | A,2[CcA,][Cc] A,2[Cc][A,2C2^F2c2] A,2[CcA,][Cc] | A,2[Cc][A,2C2^F2c2] A,2[CcA,][Cc] [A,2A,2][Cc][A,2C2F2c2] |
A,2[CcA,][Cc] A,2[Cc][A,,8c8e8^f8c'8] |[B,,,4B,,4A4B4^d4^f4b4]> [B,,,4B,,4A4B4d4f4][A4B4d4f4a4E,,4E,4] |[G4e4g4][F,,4F,4F4A4d4f4][F,,4F,4F4A4d4] |[G,,8E8G8c8][G,,4G,4F4G4d4] |
[F2G2G,,2G,2]>d2[C,,4C,4E4G4e4][C2G,,2G,2] | E2[G2E,,2E,2] c2[e2C,,2C,2] g2[A,,8c8e8^f8c'8] |[B,,,6B,,6A6B6^d6^f6b6] | [B,,,2B,,2A2B2^d2^f2][A4B4d4f4a4E,,4E,4][G4e4g4][=F,,4F,4F4A4=d4f4] |
[F,,4F,4F4A4d4][G,,8E8G8c8] |[G,,4C,4E,4G,4e4][F2G2B2d2G,,2]>e2[G,,8F8G8B8d8] |[C,,8C,8E8G8c8] |[C,,4C,4C4E4G4c4][C,,2C,2]>[C,,2C,2][E,,4E,4C4E4G4c4] |
[C,,2C,2] [E2G2c2][E4G4c4e4G,,4][F4B4d4] |[D4F4B4][G,,4B,4F4G4][C,,4C,4C4E4G4] |[C,,2C,2] [C2E2G2c2][E,,4E,4C4E4G4c4][C,,2C,2] | [E2G2c2e2][E4G4c4e4G,,4][F4B4d4][D4F4B4] |
[G,,4G,4B,4F4G4][C,4C4C4E4G4][G,,2G,2] | [E2G2c2e2][E,,4E,4E4G4c4e4][C,,2C,2] [G2c2e2g2][A8c8e8g8F,,8] |[A4d4f4][F,4A,4C4E4A4c4e4] |[F,4A,4C4D4A4c4d4][A2^c2F,,2F,2]>e2[^F,,4F,4A4=c4d4] |
[C2D2A2^F,,2]>c2[G,,4B,4D4G4B4][G,,2G,2G2g2] | [F,,2F,2][E,,2E,2A2a2] [D,,2D,2][C,,2C,2B2b2] [B,,,2B,,2][B,,,2A,,2c2e2^f2c'2] | C,2E,2 A,,2[B,,,2B,,2A2B2^d2^f2b2] D,2F,2 | [B,,2A2B2^d2^f2][E,,2E,2A2B2d2f2a2] =D,2[E,2G2e2g2] E,,2[=F,,2F2A2d2f2] |
A,,2[D,2F2A2d2] F,,2[G,,2E2G2c2] E,,2C,,2 | E,,2[G,,2F2G2d2] B,,,2[D,,2F2G2] G,,d[C,,2C,2E2G2e2] | E,2[G,2C2] [E,2E2][C,2G2] [G,,2c2][E,,2E2e2] | [C,,2G2g2][A,,2c2e2^f2c'2] C,2[F,,2F,2] A,2[B,,2B,2A2B2^d2f2b2] |
^F,2[^D,,2D,2] [B,,2A2B2d2f2][E,,2E,2A2B2f2a2] B,,2[^C,,2C,2G2_B2e2g2] | E,2[D,,2D,2F2A2d2f2] A,,2[F,,2F2A2d2] D,,2[G,,2E2G2c2] | [G,,2C,2][C,2E,2] [E,2G,2][G,4C4E4e4][F3G3B3d3G,,3] |e[G,,8F8G8B8d8][C,4E4c4] |
((3C2C2C2)C4((3C2E2G2) |c4((3C2C2C2)C4 |((3E2G2c2)[c4e4]((3C2C2C2) |[A,4C4][A,CE][A,CG][A,Cc][A,4C4c4e4] |
[A,CG][A,CB][A,Ce][C4E4G4c4e4g4][CEGG][CEGc] |[CEGe][C4E4G4c4e4g4][CEGc][CEGe][CEGg][_B,8C8G8c'8] |[A,6C6F6] | [^G,2C2E2][D4F4=G4c4G,4][D4F4G4B4][D4F4G4A4] |
[D4F4G4B4][G,16C16E16G16c16] |[E,,8G,,8C,8G8c8e8] |[E,,8G,,8C,8G8c8e8] |[E,,13G,,13C13E13G13c13] |","['Folk', 'Classical', 'Ambient', 'Pop']",Folk,0,Choose the most probable genre label of the provided score.
Folk_Folk_Tish Hinojosa_Love Of Mine (Album Version).abc,"X:1
M:3/4
L:1/16
K:D
[G,0G0D0D,0B,0] | D4 [E,10G,10E10] | B,10G,2 B,2 |E2 [G,0B,0F0E,0] | D4 [D,16G,16B,16] |
[G,16E,16B,16D16F16] | G,2A,2 C2F4 |C2 D4 [D,24F,24A,24D24] |","['Electronic', 'Rap', 'Country', 'Folk']",Folk,3,Choose the most probable genre label of the provided score.
Folk_Contemporary Folk_Cliff Eberhardt_Mona Lisa Waits.abc,"X:1
M:3/4
L:1/16
K:A
[A,4C,4E,4A,,,4A,,4] [E,2B,2]>A,,,2 | [E,4A,4] [E,4B,4] [F,4A,4C,4F,,,4F,,4] | [F,2B,2]>F,,,2 [F,4A,4] [F,4B,4] | [C,4A,4E,4A,,,4A,,4] [E,4B,4] [E,4A,4] | [E,2B,2]>A,,,2 [F,4A,4C,4F,,,4F,,4] [F,4B,4] |
[F,4A,4] [F,4B,4] [A,4C,4E,4A,,,4A,,4] | [E,4B,4] [A,4E,4] [B,4E,4] | [C,4A,4E,4A,,,4A,,4] [B,2E,2]>A,,2 [E,2A,2A,,,2]>A,,2 | [B,2E,2]>A,,2 [A,4C,4F,4F,,4F,,,4] [F,2B,2]>F,,2 |
[A,2F,2F,,,2]>F,,2 [B,2F,2]>F,,,2 [B,4D,4F,4B,,4B,,,4] | [C2F,2]>B,,2 [B,2F,2B,,,2]>B,,2 [C4F,4] | [B,4A,4E,4E,,,4E,,4] [E,2A,2B,2]>E,,2 [E,2B,2G,2E,,,2]>E,,2 | [E,4G,4B,4] [C,4A,4E,4A,,,4A,,4] [B,2E,2]>A,,2 |
[E,2A,2A,,,2]>A,,2 [B,2E,2]>A,,2 [A,4C,4F,4F,,4F,,,4] | [F,2B,2]>F,,2 [A,2F,2F,,,2]>F,,2 [B,2F,2]>F,,,2 | [B,4D,4F,4B,,4B,,,4] [C2F,2]>B,,2 [B,2F,2B,,,2]>B,,2 | [C4F,4] [B,4A,4E,4E,,,4E,,4] [E,2A,2B,2]>E,,2 |
[E,2B,2G,2E,,,2]>E,,2 [E,4G,4B,4] [C,4A,4E,4A,,,4A,,4] | [B,2E,2]>A,,2 [E,2A,2A,,,2]>A,,2 [B,2E,2]>A,,2 | [A,4C,4F,4F,,4F,,,4] [F,2B,2]>F,,2 [A,2F,2F,,,2]>F,,2 | [B,2F,2]>F,,,2 [B,4D,4F,4B,,4B,,,4] [C2F,2]>B,,2 |
[B,2F,2B,,,2]>B,,2 [C4F,4] [B,4A,4E,4E,,,4E,,4] | [E,2A,2B,2]>E,,2 [E,2B,2G,2E,,,2]>E,,2 [E,4G,4B,4] | [C,4A,4E,4A,,4] [B,2E,2]>A,,2 [E,2A,2]>A,,2 | [B,2E,2]>A,,2 [A,4C,4F,4F,,4] [F,2B,2]>F,,2 |
[A,2F,2]>F,,2 [B,4F,4] [B,4D,4F,4B,,4] | [C2F,2]>B,,2 [B,2F,2]>B,,2 [C4F,4] | [B,4A,4E,4E,,4] [E,2A,2B,2]>E,,2 [E,2B,2G,2]>E,,2 | [E,4G,4B,4] [C,4A,4E,4A,,4] [B,2E,2]>A,,2 |
[E,2A,2]>A,,2 [B,2E,2]>A,,2 [A,4C,4F,4F,,4] | [F,2B,2]>F,,2 [A,2F,2]>F,,2 [B,4F,4] | [B,4D,4F,4B,,4] [C2F,2]>B,,2 [B,2F,2]>B,,2 | [C4F,4] [B,4A,4E,4E,,4] [E,2A,2B,2]>E,,2 |
[E,2B,2G,2]>E,,2 [E,4G,4B,4] [C,4A,4E,4A,,4] | [B,2E,2]>A,,2 [E,2A,2]>A,,2 [B,2E,2]>A,,2 | [A,4C,4F,4F,,4] [F,2B,2]>F,,2 [A,2F,2]>F,,2 | [B,4F,4] [B,4D,4F,4B,,4] [C2F,2]>B,,2 |
[B,2F,2]>B,,2 [C4F,4] [B,4A,4E,4E,,4] | [E,2A,2B,2]>E,,2 [E,2B,2G,2]>E,,2 [E,4G,4B,4] | [C,4A,4E,4A,,4] [B,2E,2]>A,,2 [E,2A,2]>A,,2 | [B,2E,2]>A,,2 [A,4C,4F,4F,,4] [F,2B,2]>F,,2 |
[A,2F,2]>F,,2 [B,4F,4] [B,4D,4F,4B,,4] | [C2F,2]>B,,2 [B,2F,2]>B,,2 [C4F,4] | [B,4A,4E,4E,,4] [E,2A,2B,2]>E,,2 [E,2B,2G,2]>E,,2 | [E,4G,4B,4] [C,4A,4E,4A,,4] [B,2E,2]>A,,2 |
[E,2A,2]>A,,2 [B,2E,2]>A,,2 [A,4C,4F,4F,,4] | [F,2B,2]>F,,2 [A,2F,2]>F,,2 [B,4F,4] | [B,4D,4F,4B,,4] [C2F,2]>B,,2 [B,2F,2]>B,,2 | [C4F,4] [B,4A,4E,4E,,4] [E,2A,2B,2]>E,,2 |
[E,2B,2G,2]>E,,2 [E,4G,4B,4] [C,4A,4E,4A,,4] | [B,2E,2]>A,,2 [E,2A,2]>A,,2 [B,2E,2]>A,,2 | [A,4C,4F,4F,,4] [F,2B,2]>F,,2 [A,2F,2]>F,,2 | [B,4F,4] [B,4D,4F,4B,,4] [C2F,2]>B,,2 |
[B,2F,2]>B,,2 [C4F,4] [B,4A,4E,4E,,4] | [E,2A,2B,2]>E,,2 [E,2B,2G,2]>E,,2 [E,4G,4B,4] | [C,4A,4E,4A,,4] [B,2E,2]>A,,2 [E,2A,2]>A,,2 | [B,2E,2]>A,,2 [A,4C,4F,4F,,4] [F,2B,2]>F,,2 |
[A,2F,2]>F,,2 [B,4F,4] [B,4D,4F,4B,,4] | [C2F,2]>B,,2 [B,2F,2]>B,,2 [C4F,4] | [B,4A,4E,4E,,4] [E,2A,2B,2]>E,,2 [E,2B,2G,2]>E,,2 | [E,4G,4B,4] [C,4A,4E,4A,,4] [B,2E,2]>A,,2 |
[E,2A,2]>A,,2 [B,2E,2]>A,,2 [A,4C,4F,4F,,4] | [F,2B,2]>F,,2 [A,2F,2]>F,,2 [B,4F,4] | [B,4D,4F,4B,,4] [C2F,2]>B,,2 [B,2F,2]>B,,2 | [C4F,4] [B,4A,4E,4E,,4] [E,2A,2B,2]>E,,2 |
[E,2B,2G,2]>E,,2 [E,4G,4B,4] [C,4A,4E,4A,,4] | [B,2E,2]>A,,2 [E,2A,2]>A,,2 [B,2E,2]>A,,2 | [A,4C,4F,4F,,4] [F,2B,2]>F,,2 [A,2F,2]>F,,2 | [B,4F,4] [B,4D,4F,4B,,4] [C2F,2]>B,,2 |
[B,2F,2]>B,,2 [C4F,4] [B,4A,4E,4E,,4] | [E,2A,2B,2]>E,,2 [E,2B,2G,2]>E,,2 [E,4G,4B,4] | [C,4A,4E,4A,,4] [B,2E,2]>A,,2 [E,2A,2]>A,,2 | [B,2E,2]>A,,2 [A,4C,4F,4F,,4] [F,2B,2]>F,,2 |
[A,2F,2]>F,,2 [B,4F,4] [B,4D,4F,4B,,4] | [C2F,2]>B,,2 [B,2F,2]>B,,2 [C4F,4] | [B,4A,4E,4E,,4] [E,2A,2B,2]>E,,2 [E,2B,2G,2]>E,,2 | [E,4G,4B,4] [C,4A,4E,4A,,4] [B,2E,2]>A,,2 |
[E,2A,2]>A,,2 [B,2E,2]>A,,2 [A,4C,4F,4F,,4] | [F,2B,2]>F,,2 [A,2F,2]>F,,2 [B,4F,4] | [B,4D,4F,4B,,4] [C2F,2]>B,,2 [B,2F,2]>B,,2 | [C4F,4] [B,2A,2E,2E,,2] |","['Rap', 'Country', 'Folk', 'Pop']",Folk,2,Choose the most probable genre label of the provided score.
Folk_Native American_Willy DeVille_Demasiado Corazon Too Much (Album Version).abc,"X:1
M:3/4
L:1/16
K:C
A,,,6C,,6 | E,,4 D,,16 | A,,,6C,,6 | E,,4 D,,16 |
A,,6 |C,6 E,4 | D,16 | A,6C6 |
E4 D16 | c2 | [A2E2][c2E2A2] [E10c10] A10 |[c8E8A8][E2c2]A2 |
[G4B4] [C4E4A4] [C4E4A4] | C2E4A4[D4G4B,4] |G,4B,4D4 |[F,8F8C8A,8]E,4 |
[^G4E4][C8E8A8] |[C4E4]E2 G2E2 | [A,4A4E4] [C2c2][E,4E4][A,4A4] |[G,4G4][D4G,4B4G4][D4B4G4G,4] |
D2 [D4G4B4] [F,6A,6C6F6] |E,4[E4^G4D4][C8E8A8] |C4E2 | D2C2 [C4E4A4] C2E4 |
A4[D4G4B,4]G,4 |B,4D4[F,8F8C8A,8] |E,4[^G4E4] |[C8E8A8][C4E4] |
E2 G2E2 [A,4A4E4] | [C2c2][E,4E4][A,4A4][G,4G4] |[D4G,4B4G4][D4B4G4G,4]D2 | [D4G4B4] [F,6A,6C6F6]E,4 |
[E4^G4D4][C8E8A8] |[C4E4]E2 G2E2 | [C4E4A4] C2E4A4 |[D4G4B,4]G,4B,4 |
D4[F,8F8C8A,8] |E,4[^G4E4][C8E8A8] |[C4E4]E2 | G2E2 [A,4A4E4] [C2c2][E,4E4] |
[A,4A4][G,4G4][D4G,4B4G4] |[D4B4G4G,4]D2 [D4G4B4] | [F,6A,6C6F6]E,4[E4^G4D4] |[C8E8A8][E,4C4] |
E,2 G,4 [C6A,6A,,6E6] |[C,6C6E6A,6] [D,20D20A,20F20] | [C6A,,6A,6E6][E,,6^G,6B,6E6] | [A,,20C20A,20E20] |
[C6A,6A,,6E6][C,6C6E6A,6] | [D,20D20A,20F20] | [C6A,,6A,6E6] |[E,,6^G,6B,6E6] [A,,20C20A,20E20] |
A,,,6C,,6 | E,,4 D,,16 | A,,,6C,,6 | E,,4 D,,16 |
A,,6 |C,6 E,4 | D,16 | A,6C6 |
E4 D16 | c2 | [A2E2][c2E2A2] [E10c10] A10 |[c8E8A8][E2c2]A2 |
[G4B4] [C4E4A4] [C4E4A4] | C2E4A4[D4G4B,4] |G,4B,4D4 |[F,8F8C8A,8]E,4 |
[^G4E4][C8E8A8] |[C4E4]E2 G2E2 | [A,4A4E4] [C2c2][E,4E4][A,4A4] |[G,4G4][D4G,4B4G4][D4B4G4G,4] |
D2 [D4G4B4] [F,6A,6C6F6] |E,4[E4^G4D4][C8E8A8] |C4E2 | D2C2 A,4 E2[c'4e4] |
[c4a4][d'8f8D8] |[e4c'4]E4[d4b4]D4[C6c6a6] | F2[a4c4E4][B4^g4D4] |[C8c8a8][e2E2] |
[E4e4] [G4g4] [a0A0e0] C4 | C2[A4e4]a4[c4C4]a4 |[g4B4]G,4[B0d0]B,4[B2d2g2] | D4 [f6A6] c6 C6[e4A4c4C4] |
[B4^G4^d4B,4][c8e8A8C8] |[e2E,2] [E,4e4] [G,4g4] | [a4A,4] [c'2C2e'2][^G,4g4][e'4C4c'4] |[G,4g4][d'4b4B,4][G,2g2] |
[^F,4f4] [b4g4G,4] =f4 F,4 | A,2 [c'2a2]E,4e4^g4B,4A,4 |[c'0a0a0][E,2e2] [E,4e4] | g4 G,4 A,4 E2[c'4e4] |
[c4a4][d'8f8D8] |[e4c'4]E4[d4b4]D4[C6c6a6] | F2[a4c4E4][B4^g4D4] |[C8c8a8]E,2 |
E,2A,2 G,2C4< [C4A,4A,,4E4] |[C,6C6E6A,6] [D,20D20A,20F20] | [C6A,,6A,6E6][E,,6^G,6B,6E6] | [A,,20C20A,20E20] |
[C6A,6A,,6E6][C,6C6E6A,6] | [D,20D20A,20F20] | [C6A,,6A,6E6] |[E,,6^G,6B,6E6] [A,,20C20A,20E20] |
A,,,6C,,6 | E,,4 D,,16 | A,,,6C,,6 | E,,4 D,,16 |
A,,6 |C,6 E,4 | D,16 | A,6C6 |
E4 D16 | c0 | [C4E4A4] C2E4A4 |[D4G4B,4]G,4B,4 |
D4[F,8F8C8A,8] |E,4[^G4E4][C8E8A8] |[C4E4]E2 | G2E2 [A,4A4E4] [C2c2][E,4E4] |
[A,4A4][G,4G4][D4G,4B4G4] |[D4B4G4G,4]D2 [D4G4B4] | [F,6A,6C6F6]E,4[E4^G4D4] |[C8E8A8]C4 |
E2 D2C2 A,4 | E2[c'4e4][c4a4][d'8f8D8] |[e4c'4]E4[d4b4]D4 |[C4c4a4]> F4[a4c4E4] |
[B4^g4D4][C8c8a8] |[e2E2] [E4e4] [G4g4] | [a0A0e0] C4 C2[A4e4]a4 |[c4C4]a4[g4B4]G,4[B0d0]B,4 |
[B2d2g2] D4 [F6A6C6] |[E12^G12B,12]< [E12A12C12] |[a2c'2] [a3c'3][b4g4][g15b15] |[b3g3] [g3b3][a3c'3][b2d'2] |
[b4d'4]>[a4c'4] [a13c'13] |[c'3e'3] | [c'3e'3][b3d'3][c'3a3] [c'6a6] |[b2g2] [g14b14] |
[b2g2] [g3b3]a3c'3 |[b4d'4]< [b4d'4][c'2a2] | [a21c'21] |[c'2a2] |
[a2c'2][b4g4][g15b15] |[b3g3] | [g3b3][a3c'3][b4d'4]< [b4d'4] |[a2c'2] [a13c'13] |
[c'3e'3] [c'3e'3][b3d'3] |[c'3a3] [c'4a4]>[b4g4] | [g14b14] |[b2g2] [g3b3]a3c'3[b2d'2] |
[b4d'4]>[c'4a4] [a21c'21] |[c'2a2] [a2c'2][b4g4] |[g15b15] |[b3g3] [g3b3][a3c'3] |
[b4d'4]< [b4d'4][a2c'2] | [a13c'13] |[c'3e'3] [c'3e'3][b3d'3][c'3a3] | [c'4a4]>[b4g4] [g14b14] |
[b2g2] | [g2b2][c'2a2] [d'4b4] [A6E6c6] |[E8A8c8][A2c2E2] | [E8A8c8]< [E8A8c8] |
[C4E4A4] C2E4 |A4[D4G4B,4]G,4 |B,4D4[F,8F8C8A,8] |E,4[^G4E4] |
[C8E8A8][C4E4] |E2 G2E2 [A,4A4E4] | [C2c2][E,4E4][A,4A4][G,4G4] |[D4G,4B4G4][D4B4G4G,4]D2 |
[D4G4B4] [F,6A,6C6F6]E,4 |[E4^G4D4][C8E8A8] |C4E2 D2C2 | [C4E4A4] C2E4A4 |
[D4G4B,4]G,4B,4 |D4[F,8F8C8A,8] |E,4[^G4E4][C8E8A8] |[C4E4]E2 |
G2E2 [A,4A4E4] [C2c2][E,4E4] |[A,4A4][G,4G4][D4G,4B4G4] |[D4B4G4G,4]D2 [D4G4B4] | [F,6A,6C6F6]E,4[E4^G4D4] |
[C8E8A8][C4E4] |E2 G2E2 [C4E4A4] | C2E4A4[D4G4B,4] |G,4B,4D4 |
[F,8F8C8A,8]E,4 |[^G4E4][C8E8A8] |[C4E4]E2 G2E2 | [A,4A4E4] [C2c2][E,4E4][A,4A4] |
[G,4G4][D4G,4B4G4][D4B4G4G,4] |D2 [D4G4B4] [F,6A,6C6F6] |E,4[E4^G4D4][C8E8A8] |[E,4C4]E,2 |
G,4 [C6A,6A,,6E6][C,6C6E6A,6] | [D,20D20A,20F20] | [C6A,,6A,6E6][E,,6^G,6B,6E6] | [A,,20C20A,20E20] |
[C6A,6A,,6E6] |[C,6C6E6A,6] [D,20D20A,20F20] | [C6A,,6A,6E6][E,,6^G,6B,6E6] | [A,,20C20A,20E20] |
A,,,6C,,6 | E,,4 D,,16 | A,,,6 |C,,6 E,,4 |
D,,16 | A,,6C,6 | E,4 D,16 | A,6C6 |
E4 D16 | [c6c6A6E6] |[E8A8c8][A2c2E2] | [E2A2c2][E2A2c2] [E3A3c3] |","['Soul', 'Blues', 'Folk', 'Ambient']",Folk,2,Choose the most probable genre label of the provided score.
Folk_Drone Folk_Loren Connors_Cardboard Pillow.abc,"X:1
M:3/4
L:1/16
K:Em
[G,,16B,16D16G16] | [G8D,8A,8D8] | F8 [A,,16A,16C16E16G16] | [G,,16B,16D16G16] | [G,,16B,16D16G16] |
[G8D,8A,8D8] | F8 | [A,,16A,16C16E16G16] | [G,,16B,16D16G16] |
[G,,16B,16D16G16] | [G8D,8A,8D8] F8 | [A,,16A,16C16E16G16] | [G,,16B,16D16G16] |
[C,16C16E16G16] | [G,,16B,16D16G16] | [A,,16C16E16G16] | [G8D,8A,8D8] F8 |
[G,,8B,8D8G8] | [G4D,4A,4D4] F4 [C,6C6E6G6] |[B,,2D2] [A,,8C8E8] | [B,,8B,8D8G8] [G4D,4A,4D4] |
F4 [A,,8C8E8G8] | [G4D,4A,4D4] F4 [G,,8B,8D8G8] | [G4D,4A,4D4] F4 | [A,,8C8E8G8] [G4D,4A,4D4] |
F4 [C,16C16E16G16] | [G4A,4D,4D4] | F4 C4 A4 | G,,2[B,2B,2] [D2D2][G2G2] [B2D2G2]B,2 |
[D2A2]B,2 D,2[A,2A,2] [G2G2D2D2]A2 | A,2A,2 [A,4D4D4F4F4] A,,2[A,2A,2] | [C2C2E2E2G2G2][A,2A,2] [A,2C2E2G2]A,2 [A,4C4E4G4A4] | G,,2[B,2B,2] [B,2D2D2][B,2G2G2] [B,2D2G2B2]B,2 |
[B,4D4G4A4] G,,2[B,2B,2] [B,2D2D2][B,2G2G2] | [B,2D2G2B2]B,2 [B,2D2G2A2]B,2 D,2[A,2A,2] | [A,2D2D2G2G2][A,2A2] [A,2D2F2]A,2 [A,2D2F2]A,2 | A,,2[A,2A,2] [A,2C2C2][A,2E2E2] [A,2C2E2G2G2]A,2 |
[A,2C2E2G2]A,2 G,,2[B,2B,2] [B,2D2D2][B,2G2G2] | [B,2D2G2B2]B,2 [B,2D2A2]B,2 C,2[C2C2] | [D2D2E2E2][G2G2] [D2E2G2c2][C2C2] [D2E2G2c2][C2C2] | G,,2[B,2B,2] [B,2D2D2][B,2G2G2] [B,2D2G2B2]B,2 |
[B,2D2A2]B,2 A,,2[C2C2] [C2E2E2G2G2]C2 | [C2D2D2E2G2]C2 [C2E2G2]C2 D,2[A,2A,2] | [A,2D2D2][A,2G2G2] [A,2F2A2]A,2 [A,2F2A2]A,2 | G,,2[B,2B,2] [B,2D2D2G2G2]B,2 [G2D,2D2][A,2A,2] |
[A,2F2]A,4[C,2C,2] [C,2C2C2E2E2G2G2][B,,4D4] |[A,,2A,,2] [A,,2C2C2E2E2]A,,2 B,,2[B,2B,2] | [B,2D2D2G2G2]B,2 [G2D,2D2][A,2A,2] [A,2F2]A,4 |[A,,2A,,2] [A,,2C2C2E2E2G2G2]A,,2 [G2A,2D2][D,2D,2] |
[D,2F2]D,2 G,,2[B,2B,2] [B,2D2D2G2G2]B,2 | [G2D,2D2][A,2A,2] [A,2F2]A,4[A,,2A,,2] | [A,,2C2C2E2E2G2G2]A,,2 [G2A,2D2][D,2D,2] [D,2F2]D,2 | C,2[C2C2] [C2E2E2G2G2]C2 [C2D2D2E2G2]C2 |
[C2E2G2]C2 [D2G2D,2][A,2A,2] [D2F2][A,2A,2] | [D2F2B2][A,2A,2] [A,2C2C2F2A2]A,2 [G,2^A,2D2G2^D,2][G,2G2] | [^A,2A2][D2d2] [^D2G2A2d2D,,2D,,2][G2g2] [A2a2][=A2a2] | [D,8F8A8d8f8D,,8] [E4e4D,4] |
[D4d4] [G,2^A,2D2G2^D,2][G,2G2] [A,2A2][=D2d2] | [^D2G2^A2d2D,,2D,,2][G2g2] [A2a2][=A2a2] [=D,8F8A8d8f8D,,8] | [E4e4D,4] [D4d4] | [c2d2g2c'2G,,2]D,2 G,4 [B4b4] |
[G4g4] [D,8G8D8A8d8D,,8] | [D,4F4] [D4d4] [c2e2g2c'2A,,2]E,2 | A,4 [B4b4] [G4g4] | [D2G2B2d2G,,2]D,2 G,4<D4 |
[D2d2][E2e2] [E2e2G2D,,2A2][A,,2D2d2] [D4d4D,4] | F4 [D4d4] [c2e2g2c'2A,,2]E,2 | A,4 [B4b4] [G4g4] | [D2G2B2d2G,,2]D,2 G,2[D2d2] [D2d2][D2d2] |
[D2d2B,,2][D2d2] C,2[C2C2] [C2E2E2G2G2]C2 | [C2D2D2E2G2]C2 [C2E2G2]C2 G,,2[B,2B,2] | [B,2D2D2][B,2G2G2] [B,2D2G2B2]B,2 [B,2D2A2]B,2 | A,,2[C2C2] [C2E2E2][C2G2G2] [C2E2G2c2]C2 |
[C2E2G2B2]C2 D,2[A,2A,2] [A,2D2D2G2G2]A,2 | A,2A,2 [A,2F2F2]A,2 G,,2[B,2B,2] | [B,2D2D2G2G2]B,2 [G2D,2D2][A,2A,2] [A,2F2]A,2 | G2[C,2C,2] [C,2C2C2E2E2][B,,4D4][A,,2A,,2] |
[A,,2C2C2E2E2]A,,2 B,,2[B,2B,2] [B,2D2D2G2G2]B,2 | [G2D,2D2][A,2A,2] [A,2F2]A,4[A,,2A,,2] | [A,,2C2C2E2E2G2G2]A,,2 [G2A,2D2][D,2D,2] [D,2F2]D,2 | B,2[G,,2G,,2] [G,,2D2D2G2G2]G,,2 [G2A,2D2][D,2D,2] |
[D,2F2]D,4[A,,2A,,2] [A,,2C2C2E2E2G2G2]A,,2 | [G2A,2D2][D,2D,2] [D,2F2]D,2 C,2[C2C2] | [C2E2E2G2G2]C2 [C2D2D2E2G2]C2 [C2E2G2]C2 | [A,4D4G4D,4] [A,2D2F2]D,2 [C4D4F4B4] |
[D,,4C4F4A4] [G,,,16G,,16B,16D16G16B16] |","['Folk', 'Ambient', 'Rock', 'Electronic']",Folk,0,Choose the most probable genre label of the provided score.
Folk_Anti-Folk_Casiotone For The Painfully Alone_Missoula.abc,"X:1
M:3/4
L:1/16
K:Em
D,,2D,2 D,,2D,2 D,,2 |D,2 D,,2D,2 [B,2D2G,2D,,2]D,2 [F,0A,0D0] | D,,2[D2D,2B,2G,2] D,,2D,2 [G,2B,2] D,,2[D,2F,2A,2] D,,2 |D,2 D,,2D,2 D,,2D,2 |
D,,2D,2 [B,2D2G,2D,,2]D,2 [A,2F,2D2D,,2][D,2D2B,2G,2] D,,2 |D,2 [B,2G,2D,,2]D,2[F,2A,2] D,,2D,2 | [F2D2B2D,,2][A0F0D,0C0] D,,2D,2 D,,2[D,0^A0G0d0E0] |C,2 C,,2C,2 C,,2C,2 C,,2 |
C,2 [^D2A2=d2=F,,2][^D2A2=d2F,2] [F,,0^D0A0] =d2[d2^D2A2F,2] [F,,2=d2^D2A2] |=F,2 [c2A2^D2F,,2][F,2F2=D2c2] ^A,,,2[A,,0A0F0D0] A,,,2 |^A,,2 C,,2C,2 ^C,,2C,2 [F10=A,10D10D,,10] |D,2 |
[F2A2D2]D,2 [F,,14D14A,14F,14] |F,,2 [D18G,18G,,18B,18] |[G,4A,4D4]G,,2 [A,4G,4D4] G,,2 |[^C0E,0A,0] A,,22 |
A,,2 E,2A,,2 A,2A,,2 D,,2 |D,2 D,,2D,2 D,,2D,2 | D,,2D,2 [B,2D2G,2D,,2]D,2 [A,2F,2D,,2D2][D,0D0B,0G,0^C0] D,,2 |D,2 [G,2B,2D,,2][D,0A,0F,0] D,,14 |
D,,2 | [F,,14A,14D,14F,14] |F,,2 [A,0D,0G,0G,,0]B,17 |[A,4D4G,4] |
G,,2 [D4A,4G,4] G,,2[E,18A,18^C18] | A,,2E,A,B, ^C2A,,2 A,2 |A,,2 E,2A,,2 D,,2D,2 [F0B0D0D,,0] |[D,2C2F2A2] D,,2D,2 D,,2[D,0G0^A0d0E0] C,,2 |
C,2 C,,2C,2 C,,2C,2 C,,2 |C,2 [^D2A2=d2=F,,2][^D2=d2A2F,2] [^D2A2=d2F,,2][^D2A2=d2F,2] | [=F,,2^D2A2=d2]F,2 [A2c2^D2F,,2]F,2[F2=D2c2] ^A,,2[A,2A2F2D2] | ^A,,2A,2 C,,2C,2 ^C,,2C,2 [D10F10=A,10D,,10] |
D,2 | [D2F2A,2]D,2 [F,,10D10F,10A,10] |F,,2 [F2A,2F,2D2]F,,2 [D0G,0B,0G,,0] |[G,4A,4D4]G,,2 [A,4G,4D4] G,,2 |
[E,0^C0A,0] |A,,2 E,2A,,2 A,2 |A,,2 E,2A,,2 E2A,,2 [D,,2A,2F,2D2] |D,2 D,,2D,2 D,,2D,2 D,,2 |
D,2 [B,2D2G,2D,,2]D,2 [F,2A,2D2D,,2][D,0D0B,0G,0^C0] D,,2 |D,2 [G,2B,2D,,2][D,0A,0F,0] D,,14 |D,,2 | [F,,10D,10A,10F,10]F,,2 D,2 |
[F,,2D2] [A,D,G,G,,]B,15 | [G0B,0D0G,,0=F0] [^F4F,,4B,4D4] | [B,2D2G2E,,2][D4D,,4B,4]F4[A,0^C0E,0A,,0] |A,,2 [^C4E,4A,4] A,,2[D2E,2A,2] |
A,,2[E,2A,2D2] A,,2[^C2A,2E,2] A,,2[B,2E,2A,2] A,,2 |[E,2^C2A,2] A,,2A,,2 [F0B,,0D0B,0B,,,0] |B,,2 [F14D14B,14] |B,,,2 [D2F2B,2]B,,2 [F2D2B,2] |
B,,4< [F4^A,4^C4C,,4]C,2 [A12C12F12] | ^C,,2 |^C,2 F,2^A,2 C2F,4< [D4=A,4F,4D,,4] |D,2 [A,14D14F,14] |
[D2F,2A,2] | D,,2[F,0A,0D0] D,,2D,4< [B,4E4^G,4E,,4] |E,2 [B,16E16^G,16] | [E,2E,,2^G,2B,2][F,4F,,4G,4B,4] |
[G,,4G,4B,4D4]G,,4< [D4B,4G,4] |[B,4D4G,4]G,,2 [D0F,0A,0F,,0] |F,,,2 [D2F,2A,2]F,,2 [A,2F,2D2]F,,2 [^C10^A,10E,10F,,10] |[^C4^A,4E4] |
F,,2 [B,0D0F,0B,,,0]B,,2 [B,2F2D2] |B,,2 [D2B,2F,2]B,,4< [F,4A,4D4E,,4] |[F,4D4A,4]E,,2 [A,2D2F,2]B,,,4< [B,4^G,4E4E,,,4] |[^G,2E2B,2] E,,2[E2B,2G,2] E,,2 |
E,,4< [G,4B,4D4A,,,4]A,,4< [E,4A,4^C4] |A,,4< [G,4B,4D4] |A,,2 [^C4E4A,4] A,,,4 [D0F,0A,0] | D,,16 |
[D0F,0A,0F,,0] |[A,4F,4D4]F,,2 [D0A,0G,0G,,0] |[A,4G,4D4]G,,2 [A,4D4G,4] | G,,2[E,2A,2^C2] A,,18 |
A,,2 E,2 |A,,2 A,2A,,2 E,2A,,2 D,,2 |D,2 D,,2D,2 D,,2D,2 | D,,2D,2 [D2B,2G,2D,,2]D,2 [A,0F,0D0] D,,2[D2B,2G,2D,2] D,,2 |
D,2 [G,2B,2D,,2]D,0[A,2F,2] D,,10 |D,,2 [A,2F,2D,2]D,,2 [F,,0F,0A,0D,0] |F,,2 [F,2D2A,2] |F,,2 A,0 [G,,G,D,]B,9 |
G,,2 [G,2B,2D2]G,,2 [D4B,4G4G,,4] [F4F,,4B,4D4] | [E,,2D2B,2G2][D,,4F4D4B,4][A,,4A,4^C4E,4] |A,,2 [^C4A,4E,4] A,,2[D2E,2A,2] | A,,2[A,2E,2D2] A,,2[^C2E,2A,2] A,,2[B,2E,2A,2] A,,2 |
[A,2E,2^C2] A,,2A,,2 D,,2D,2 [F2B2D2D,,2] |[D,0C0A0F0] D,,2D,2 D,,2[D,0^A0G0E0d0] C,,2 |C,2 C,,2C,2 C,,2C,2 C,,2 |C,2 [^D2=d2A2=F,,2][^D2A2=d2F,2] [F,,0^D0A0=d0][^D2A2=d2F,2] [F,,2^D2A2=d2] |
=F,2 [A2^D2c2F,,2]F,0[=D2F2c2] ^A,,,2A,,0[A2F2D2] A,,,2 |^A,,2 C,,2C,2 ^C,,2C,2 [D16F16=A,16D,,16] | [F,,16A,16F,16D16] | [G,32D32G,,,32G,,32] B,32 |
[^C32A,32E,32A,,32] A,,,32 | [F,30D30D,,30A,30] |FED A,16 [D,16D,,16] | [F16A,16D16F,,16A16] |
[D16B,16G16G,,16] | [G4G,,4D4B,4] | [F4F,,4D4B,4] [D2E,,2G2B,2][D,,4F4D4B,4][A,,4^C4A,4E,4] |A,,2 [^C4E,4A,4] A,,2[B,2E,2] A,,2 |
[B,2E,2] A,,2[E,4A,4]A,,,2 | A,,2E,2 A,2E2 [B,,22D22B,22F,22] |B,,2 [D2F,2B,2]B,,2 | [F,2D2B,2]B,,2 [^C,0F,0C0] ^A,18 |
^C,,2 C,2 |F,2 ^A,2^C2 F2F,2 [D,18F,18=A,18D18] |D,,2 D,2F,2 D,2 |A,2 D2D,2 [E24B,24^G,24E,,24] |
[^G,2B,2E,,2E,2][F,,4G,4F,4B,4] |[G,,4D4B,4G,4]G,,2 [D4G,4B,4] G,,2 |[B,4D4G,4]G,,2 [D0F,,0F,0A,0] |F,,2 [D2F,2A,2]F,,2 [A,2F,2D2]F,,2 [F,,10^C10F,10^A,10] |
F,,2 | [E,2^A,2^C2]F,,2 [D0F,0B,0B,,0]B,,,2 [B,2F2D2] |B,,2 [B,2F,2D2]B,,2 [D0F,0A,0E,,0] |[A,8F,8D8]E,4< [E4B,4^G,4] |
E,2 [^G,2E2B,2]E,2 | [B,2^G,2E2]E,2 [B,0=G,0] [D4A,,4]>A,,,4 | [E,4A,4^C4]>A,,4 [G,6B,6D6] |A,,4< [^C4E4A,4]A,,2 [A,0D0F,0D,,0] |
D,2[A,4F,4D4]D,0D,,2 | [D2A,2F,2]D,2 [F,,0D0F,0A,0] |F,,2 [F2A,2F,2D2]F,,2 [D0G,,0B,0G,0] | G,,2[D2G2B,2] G,,2[D2B,2G,2] G,,2G,,2 [D4B,4G,4] |
[D2G,2A,2]G,,2 [A,2D,2][D,2A,2] | G,,2[A,4^C4E,4]A,,2 [C4E,4A,4] | A,,2[D2E,2A,2] A,,2[A,2E,2D2] A,,2[A,2^C2E,2] A,,2 |[B,2E,2A,2] A,,2[E,2A,2^C2] A,,2A,,2 D,,2 |
D,2 [B2D2F2D,,2][D,0C0F0A0] D,,2D,2 D,,2 |[D,0G0^A0d0]E2 C,,2C,2 C,,2C,2 C,,2 |C,2 C,,2C,2 [=F,,0^D0A0=d0][^D2A2=d2F,2] [^D2=d2A2F,,2] |[d2^D2A2=F,2] [F,,2D2=d2A2]F,2 [A2c2^D2F,,2]F,0[=D2c2F2] |
^A,,,2[A,,2A2=F2D2] A,,,2A,,2 =A,,,2A,,2 | ^G,,,2G,,2 D,,2D,2 [B0F0D0D,,0]<[A0C0F0D,0] | D,,2D,2 D,,2[D,0G0^A0E0d0] C,,2C,2 C,,2 |C,2 C,,2C,2 C,,2C,2 [^D2A2=d2=F,,2] |
[^D2A2=d2=F,2] [d2^D2A2F,,2][A2D2=d2F,2] [F,,2^D2=d2A2]F,2 [^D2F,,2A2c2] |[^A,,,4=F4D4c4][D2F2A,,,2A2] |","['Country', 'Folk', 'Latin', 'Pop']",Folk,1,Choose the most probable genre label of the provided score.
Folk_Lilith_Linda Perry_Beautiful.abc,"X:1
M:3/4
L:1/16
K:Ab
[G2E2E,2]B,2 [G2E2]B,2 [G2E2]B,2 | [A2E2]B,2G [G2=D2_D,2]B,2 [G2=D2]B,2 | [G2=D2]B,2 [A2D2]B,2G [G2C2C,2]G,2 | [G2C2]G,2 [G2C2]G,2 [F2C2]G,2E | [E2A,2=B,2B,,2]F,2 [E2A,2B,2]F,2 [E2A,2B,2]F,2 |
[E2A,2=B,2F,2][F,2_G,2] [=G2E2E,2]_B,2 [G2E2]B,2 | [G2E2]B,2 [A2E2]B,2G [G2=D2_D,2]B,2 | [G2=D2]B,2 [G2D2]B,2 [A2D2]B,2G | [G2C2C,2]G,2 [G2C2]G,2 [G2C2]G,2 |
[F2C2]G,2E [E2A,2=B,2B,,2]F,2 [E2F,2A,2C2]F2 | _G2F2 [E2F,2][=B,2G,2] [E2=G2_B,2E,2]B,2 | [G2E2]B,2 [G2E2]B,2 [A2E2]B,2G | [G2D2D,2]B,2 [G2D2]B,2 [G2D2]B,2 |
[A2D2]B,2G [G2C2C,2]G,2 [G2C2]G,2 | [G2C2]G,2 [F2C2]G,2E [E2=B,2B,,2]A,2 | [E2=B,2]A,2 [E2B,2]A,2 [E2B,2F,2][A,2_G,2] | [G2E2E,2]B,2 [G2E2]B,2 [G2E2]B,2 |
[A2E2]B,2G [G2D2D,2]B,2 [G2D2]B,2 | [G2D2]B,2 [A2D2]B,2G [G2C2C,2]G,2 | [G2C2]G,2 [G2C2]G,2 [F2C2]G,2E | [E2=B,2B,,2]A,2 [E2B,2]A,2 [E2B,2F,2]A,2 |
[E2=B,2_G,2]A,2 [E2C2A,,2]A,2 [E2C2]A,2 | [E2C2]A,2 [E2A,2C2A,,2][G,2G,,2] [A,2C2E2F,,2]F,2 | [A,2C2E2]F,2 [A,2C2E2]F,2 [A,2C2E2]F,2 | [G2E2E,,2]B,2 [G2E2][B,2E,,2] [G2D2D,,2]B,2 |
[G2D2][B,2D,,2] [E2C2C,,2]G,2 [E2C2]G,2 | [E2C2]G,2 [F2C2][G,2G,,2] [E2C2A,,2]A,2 | [E2C2]A,2 [E2C2]A,2 [E2A,2C2A,,2][G,2G,,2] | [A,2C2E2F,,2]F,2 [A,2C2E2]F,2 [A,2C2E2]F,2 |
[A,2C2E2]F,2 [G2E2E,2]B,2 [G2E2][B,2E,2] | [G2D2D,2]B,2 [G2D2][B,2D,2] [E2C2C,2]G,2 | [E2C2]G,2 [E2C2]G,2 [F2C2][G,2C,2] | [A,2C2E2F,,2]F,2 [A,2C2E2]F,2 [A,2C2E2]F,2 |
[F2A,2C2B,,2]F,2 [G2E2E,2]B,2 [G2E2]B,2 | [G2E2]B,2 [A2E2]B,2G [G2D2D,2]B,2 | [G2D2]B,2 [G2D2]B,2 [A2D2]B,2G | [G2C2C,2]G,2 [G2C2]G,2 [G2C2]G,2 |
[F2C2]G,2E [E2A,2=B,2B,,2]F,2 [E2F,2A,2C2]F2 | _G2F2 [E2F,2][=B,2G,2] [E2=G2_B,2E,2]B,2 | [G2E2]B,2 [G2E2]B,2 [A2E2]B,2G | [G2D2D,2]B,2 [G2D2]B,2 [G2D2]B,2 |
[A2D2]B,2G [G2C2C,2]G,2 [G2C2]G,2 | [G2C2]G,2 [F2C2]G,2E [E2=B,2B,,2]A,2 | [E2=B,2]A,2 [E2B,2]A,2 [E2B,2F,2][A,2_G,2] | [G2E2E,2]B,2 [G2E2]B,2 [G2E2]B,2 |
[A2E2]B,2G [G2D2D,2]B,2 [G2D2]B,2 | [G2D2]B,2 [A2D2]B,2G [G2C2C,2]G,2 | [G2C2]G,2 [G2C2]G,2 [F2C2]G,2E | [E2=B,2B,,2]A,2 [E2B,2]A,2 [E2B,2F,2]A,2 |
[E2=B,2_G,2]A,2 [E2C2A,,2]A,2 [E2C2]A,2 | [E2C2]A,2 [E2A,2C2A,,2][G,2G,,2] [A,2C2E2F,,2]F,2 | [A,2C2E2]F,2 [A,2C2E2]F,2 [A,2C2E2]F,2 | [G2E2E,,2]B,2 [G2E2][B,2E,,2] [G2D2D,,2]B,2 |
[G2D2][B,2D,,2] [E2C2C,,2]G,2 [E2C2]G,2 | [E2C2]G,2 [F2C2][G,2G,,2] [E2C2A,,2]A,2 | [E2C2]A,2 [E2C2]A,2 [E2A,2C2A,,2][G,2G,,2] | [A,2C2E2F,,2]F,2 [A,2C2E2]F,2 [A,2C2E2]F,2 |
[A,2C2E2]F,2 [G2E2E,2]B,2 [G2E2][B,2E,2] | [G2D2D,2]B,2 [G2D2][B,2D,2] [E2C2C,2]G,2 | [E2C2]G,2 [E2C2]G,2 [F2C2][G,2C,2] | [A,2C2E2F,,2]F,2 [A,2C2E2]F,2 [A,2C2E2]F,2 |
[F2A,2C2B,,2]F,2 [G2B2e2E,,2][G2B2e2E,,2] [G2B2e2E,,2][G2B2e2E,,2] | [G2B2e2E,,2][G2B2e2E,,2] [G2B2e2E,,2][G2B2e2E,,2] [G2B2e2D,,2][G2B2e2D,,2] | [G2B2e2D,,2][G2B2e2D,,2] [G2B2e2D,,2][G2B2e2D,,2] [G2B2e2D,,2][G2B2e2D,,2] | [G2B2c2e2C,,2][G2B2c2e2C,,2] [G2B2c2e2C,,2][G2B2c2e2C,,2] [G2B2c2e2C,,2][G2B2c2e2C,,2] |
[G2B2c2e2C,,2][G2B2c2e2C,,2] [F2A2=B2e2B,,,2][F2A2B2e2B,,,2] [F2A2B2e2B,,,2][F2A2B2e2D,,2] | [F2A2=B2e2E,,2][F2A2B2e2F,,2] [F2A2B2e2_G,,2][F2A2B2e2=G,,2] [G2_B2e2E,,2][G2B2e2E,,2] | [G2B2e2E,,2][G2B2e2E,,2] [G2B2e2E,,2][G2B2e2E,,2] [G2B2e2E,,2][G2B2e2E,,2] | [G2B2e2D,,2][G2B2e2D,,2] [G2B2e2D,,2][G2B2e2D,,2] [G2B2e2D,,2][G2B2e2D,,2] |
[G2B2e2D,,2][G2B2e2D,,2] [G2B2c2e2C,,2][G2B2c2e2C,,2] [G2B2c2e2C,,2][G2B2c2e2C,,2] | [G2B2c2e2C,,2][G2B2c2e2C,,2] [G2B2c2e2C,,2][G2B2c2e2C,,2] [F2A2=B2e2B,,,2][F2A2B2e2B,,,2] | [F2A2=B2e2B,,,2][F2A2B2e2D,,2] [F2A2B2e2E,,2][F2A2B2e2F,,2] [F2A2B2e2_G,,2][F2A2B2e2=G,,2] | [E2C2A,,2]A,2 [E2C2]A,2 [E2C2]A,2 |
[E2A,2C2A,,2][G,2G,,2] [A,2C2E2F,,2]F,2 [A,2C2E2]F,2 | [A,2C2E2]F,2 [A,2C2F2]F,2 [G2E2E,,2]B,2 | [G2E2][B,2E,,2] [G2D2D,,2]B,2 [G2D2][B,2D,,2] | [E2C2C,,2]G,2 [E2C2]G,2 [E2C2]G,2 |
[F2C2][G,2G,,2] [E2C2A,,2]A,2 [E2C2]A,2 | [E2C2]A,2 [E2A,2C2A,,2][G,2G,,2] [A,2C2E2F,,2]F,2 | [A,2C2E2]F,2 [A,2C2E2]F,2 [A,2C2F2]F,2 | [G2E2E,2]B,2 [G2E2][B,2E,2] [G2D2D,2]B,2 |
[G2D2][B,2D,2] [E2C2C,2]G,2 [E2C2]G,2 | [E2C2]G,2 [F2C2][G,2C,2] [A,2C2E2F,,2]F,2 | [A,2C2E2]F,2 [A,2C2E2]F,2 [F2A,2C2B,,2]F,2 | [G2B2B,2E,2]B,2 [G2E2]B,2 [G2E2]B,2 |
[A2E2]B,2G [G2D2D,2]B,2 [G2D2]B,2 | [G2D2]B,2 [A2D2]B,2G [G2C2C,2]G,2 | [G2C2]G,2 [G2C2]G,2 [F2C2]G,2E | [E2=B,2B,,2]A,2 [E2B,2]A,2 [E2B,2]A,2 |
[E2=B,2F,2][A,2_G,2] [=G2E2E,2]_B,2 [G2E2]B,2 | [G2E2]B,2 [A2E2]B,2G [G2D2D,2]B,2 | [G2D2]B,2 [G2D2]B,2 [A2D2]B,2G | [G2C2C,2]G,2 [G2C2]G,2 [G2C2]G,2 |
[F2C2]G,2E [A,16=B,16E16B,,16] | [G,16B,16E16E,,16E,16] |","['Soul', 'Latin', 'Country', 'Folk']",Folk,3,Choose the most probable genre label of the provided score.
Latin_Latin_Enrique Iglesias_Bailamos.abc,"X:1
M:3/4
L:1/16
K:Am
[A,6C6E6] |[A,6C6E6] [A,8C8E8] | [A,6D6F6][A,6D6F6] | [A,6C6E6][A,6C6E6] | [A,4C4E4] A,2F2 |
A2d4[A,6A6F6d6] | [A,6C6E6][A,6C6E6] | [A,2C2E2][F,18A,18C18E18] | [G,6B,6D6] |
[F,10A,10C10] | E,2C2 E2A4[E,4E4C4A4] |E,4C2 E2A4 |[E,6E6C6A6] [A16F16C16d16] |
[G,6B,6D6G6][A,6C6F6] | [A,8C8F8] [^G,6B,6E6] |[^G,6B,6E6] [A,20C20E20A20] | [A,6C6F6][A,6C6F6] |
[C6E6G6c6][B,10G10d10] | ^G,2E2 | ^G2B4[G,6G6E6B6] | E,2C2 E2A4[E,6E6C6A6] |
[B,6D6G6][A,10C10F10] | [E16C16A,16A16] | [G,6B,6D6G6][A,10F10c10] | [A,6C6E6][A,6C6E6] |
[A,4C4E4] [G,6B,6D6G6] |[F,8A,8C8][E18C18A,18A18] | [G,6B,6D6][A,10F10c10] | [B16^G16E16e16] |
[^G,8E8B8] [A,16C16E16A16] | [A16F16D16d16] | E,2C2 E2A4 |[E,6E6C6A6] [A16F16D16d16] |
E,2C2 E2A4[E,10E10C10A10] | [C6D6F6A6] |[C6D6F6A6] [G,6B,6D6] |[A,6C6F6] [A,4C4F4] |
[E16C16A,16A16] | E,2C2 E2A4 |[E,10E10C10A10] | [C6D6F6A6][C6D6F6A6] |
[G,6B,6D6G6][F,10A,10C10F10] | ^G,2E2 G2B4 |[^G,6G6E6B6] [A,20C20E20] | [A,6C6F6][A,6C6F6] |
[C6E6G6][B,8G8d8] |[^G,18E18B18] | [A,6C6E6][A,6C6E6] | [A,4C4E4] [G,6B,6D6G6][A,6C6F6] |
[A,4C4F4] E,2C2 | E2A4[E,6E6C6A6] | [B,6G6d6][A,10C10F10] | [E16C16A,16A16] |
[G,6B,6D6G6] |[A,10F10c10] | [E16C16A,16A16] | [G,6B,6D6G6][F,10A,10C10F10] |
[^G,6B,6E6] |[^G,6B,6E6] [G,8B,8E8] | [^G,6B,6E6][G,6B,6E6] | [E16C16A,16A16] |
[G,6B,6D6G6] |[A,6C6F6] [A,4C4F4] | E,2C2 E2A4[E,6E6C6A6] | [G,6B,6D6G6][A,6C6F6] |
[A,4C4F4] [A,6C6E6] |[A,6C6E6] [A,4C4E4] | [G,6B,6D6G6][A,8C8F8] |[A,8C8E8][A,6C6E6] |
[A,4C4E4] ^G,2E2 | ^G2B4[G,6G6E6B6] | [E16C16A,16A16] | [B,6D6G6][A,6C6F6] |
[A,4C4F4] E,2C2 | E2A4[E,6E6C6A6] | [B,6G6d6][A,10C10F10] | [E16C16A,16A16] |
[B,6D6G6] |[A,8F8c8][A,8C8E8] |[A,6C6E6] | [A,4C4E4] [B,6G6d6][A,10F10c10] |
[A,6C6E6] |[A,6C6E6] [A,4C4E4] | [B,6G6d6][A,6C6F6] | [A,4C4F4] E,2C2 E2A4 |
[E,6E6C6A6] [G,6B,6D6] |[F,10A,10C10] | [E16C16A,16A16] | [B,6D6G6][A,8F8c8] |
[A,8C8E8] |[A,6C6E6] [A,4C4E4] | [B,6D6G6][A,6C6F6] | [A,4C4F4] [A,6C6E6][A,6C6E6] |
[A,4C4E4] [B,6D6G6] |[A,6C6F6] [A,4C4F4] | E,2C2 E2A4[E,6E6C6A6] | [G,6B,6D6G6][F,10A,10C10F10] |
[E16C16A,16A16] | [G,6B,6D6G6][A,6C6F6] | [A,4C4F4] [A,6C6E6][A,6C6E6] | [A,4C4E4] [B,6D6G6] |
[A,4C4F4]> [A,4C4F4] |","['Latin', 'Jazz', 'Soul', 'Rock']",Latin,0,Choose the most probable genre label of the provided score.
Latin_Latin_Ana Gabriel_Quien Como Tu.abc,"X:1
M:3/4
L:1/16
K:Ab
A,28 |C10 |A,17 | B,10A,17 | [C16E,16A,16] |
E,4B,2 |E2E,2 [A,4A,4] [D0F,0] [A,14D,14] |A,0[E,8C8A,,8] |E,2 A,2C2[G,9E9C,9] |
G,2C2E2 |[D,0F0][A,14D14] |[E0E,0E,,0][G,14B,14] |[B,14G,14] |
[F14A,14D14] | [F,0F0B,0D0B,,0] |[E,,0E0B,0G,0E,0] |G,2B,2E2 |
G2G,2 B,2E3G,2B,2 | E2F0[D,10A,10D10] | [C2E2][A,0D0F0] |[E28G,28B,28] |
F0[D10A,10] | [C2E2][B,0F0]D15 |[E0G,0]B,28 |[F7A,7] [D3F3A,3] |
[C2E2][B,0D0]F15 | [B,21E21G21] E,21 |[B,0G0E0E,0] A,0 | [D14F14D,14] |
[E,0B,0G0] | E0 [C7A7][E0A,0B,0] |[A,0F0]D8 |A,2 D2F2[E14G14B,14] |
F7C7 | [A7A7C7E7][A,0F0][D8D,8] |A,2D2F2 |[B,0E,0]G14 |
[E0E0G,0B,0] | [A,0F0D0D,0] |A,2D2 F2[B,0E,0E0G0] | E0 [C7A7A,7] |
[A,0E0][B,2A,,2]A,2B,2 E2[A,0F0D0D,0] | [B,0E0] |G12 |A0[C7F7] A0 [E7C7] |
[A,0F0D0D,0] A,2 |D2F2[E,0E0G0B,0] |G,14 |C10 |
D17 |C10D17 | E28 | [C0E,0A,0] |
A,2B,2 E2A,2 B,4[D14A,14F14] |[E14A,14]C14 |[G,0C0E0]C,8 G,2 |C2E2[F0D,0][A,14D14] |
[A0E,0][B,8E8] |B,2E2A2 [B,14E14G14] |[A,0F0][D10D,10] |[C2E2][D0F0]B,,15 |
B,0[E8A8E,8]B,2 | E2A2 [B,9G9E9] | G,2B,2 E2[F0D,0A,0D0_G0] | [C2E2][F2B,2D2]B,,14 |
[E21E,21B,21][G,21G21] |[G,7E,7B,7E7G7] |D,0[F0A,0D0]A,2D2 |F2[G0B,0E0E,0] |
[A,7A7E7]C7 [A,0B,0E0] C,7 |[F0A,0]<[D0D,0] |A,2D2F2 [G0E0B,0E,0] |F,0<[F0C0A0] |
C2[E3A3E,3] C2E2 | [A,0D,0D0F0] |[G0B,0E0E,0]G9 | G,42 |
[A,14D,14F14D,,14D14] |[D0=E0A,0=B,0][D,41D,,41] | [E0=D,0]D,,7[D3D,,3D,3=A,3] _G3 |[=E,31=B,31E31E,,31A31] |
[=D,,0D,0][D8_G8] |=A,2 =D2_G2 _A0< [=E,0=B,0E0E,,0] |[=A,7A7][=E7D7] [=B,0A0E0]D,7 |[=D0_G0] D,8 |
=A,2=D2 _G2[=E,0=B,0_A0E0] |[_G,0=A0][G7A,7D7] |[D0=E0=A0]A,7[A,0=D0_G0]D,9 |=A,2=D2_G2[_A0=E,0]=B,14 |
[=E14E14A,14=B,14] |[=D0_G0]<[=A,0D,0]A,2 |=D2_G2 [=B,0A0] [=E14E,14] |[=E0=A0][A,7D7] |
[=A,7=B,7=E7] [A,0_G0] [=D8D,8] | =A,2=D2 _G2[=E0_A0=B,0E,0] | [D0=A0] [_G,7G7] |=E0[D7=A7E,7] |
[_G0=A,0=D0D,0]A,2 D2 |_G2[=B,12A12=E,12] |[=A,2_G2][=E14E14_A,14] |[=D0_G0][=A,10D,10] |
=A,2=D2[A0=E0E,0] | [=B,7A7]=A,0<[A0=E0D0] |[=B,7=E7=A,7] | [=A,9_G9] =D8A,2D2 |
_G2[A14=B,14=E14E,14] | _G,0< [=A0G0D0][=E7A7E,7D7] |_G0[=A,8=D8D,8] |=A,2 =D2_G2 [=E0_A0=B,0] E,14 |
[D0=A0][_G14G,14] |[=B12A,12][=E12A12] |","['Classical', 'Latin', 'Country', 'Blues']",Latin,1,Choose the most probable genre label of the provided score.
Latin_Latin Pop_Jose Feliciano_Feliz Navidad.abc,"X:1
M:3/4
L:1/16
K:C
[C4A4F,,4] C2[F2F,,2] [G2C,,2]A4 |C,,2 [G2G,,2]G2 [B,2D2][G2G,,2] | [F4D,,4] F2G,,4< [E4C,,4] |[C4A4F,,4F,4][C4G4E,,4E,4][C2F2D,,2D,2] | [C4E4C,,4C,4]>G4 c4 |
B2c2 [A4D,4] [C2F2]D,2 | A,,2[C4F4][C2F2A,,2] [B,4F4G,,4] | [B,2F2][A2D,2] [F4d4G,4] [c2G,,2]A2 | [E4G4C,4] [B,2E2]C,2 G,,2[A,4E4] |
[A,2E2G,,2] C,4 [B,2E2][G2C,2] | [E4c4G,,4] B2[c2G,,2] [A4D,4] | [C2F2]D,2 [D2F2A,,2][F4A4][F2A2A,,2] | [E2G2G,,2][E2G2] [E2G2][F2A2D,2] [E4G4G,4] |
[D2F2G,,2][C2E2] [C4E4C,4] [G,2C2]C,2 | G,,2[G,4B,4]G,,4< C,4 |G2 c4 B2c2 | C,,2[c2e2] [c2e2][c2e2] [c4e4] |
[B2d2][A2c2] [A2c2F,,2][F2A2] C,2F,,2 | [F2A2C,,2][A4c4]C,,2 G,,2[B2d2] | [B2d2D,2][B2d2G,,2] [B4d4D,,4] [A2c2][F2A2G,,2] | [F2A2C,2][E2G2] G,2C,2 [^D2^F2G,,2][E4G4] |
G,,2 C,2[c2e2] [c2e2][c2e2C,2] | [c2e2G,,2]C,,2 [B2d2D,,2][A2c2E,,2] [A2c2F,,2][F2A2] | C,2[F2A2F,,2] C,,2[F2A2] [B2d2][A2c2C,,2] | [G2B2G,,2][G2B2] D,2G,,2 [A2c2D,,2][B4d4] |
G,,2 [G2d2C,2]ed c2[A4F,,4F,4] |[G4E,,4E,4][F2D,,2D,2] [E2C,,2C,2][c2e2] | [c2e2][c2e2] [c2e2]C,,2 [B2d2D,,2][A2c2E,,2] | [G2d2C,,2C,2]ed c2[A4F,,4F,4][G4E,,4E,4] |
[F4D,,4D,4]< [E4C,,4C,4]G2 | c4 B2c4< [E4C,,4C,4] |G2 c4 B2c2 | [A4D,,4] [C2F2]D,2 A,,2[C4F4] |
[C2F2A,,2] [B,4F4G,,4] [B,2F2][A2D,2] | [F4d4G,4] [c2G,,2]A2 [E4G4C,4] | [B,2E2]C,2 G,,2[A,4E4][A,2E2G,,2] | C,4 [B,2E2][G2C,2] [E4c4G,,4] |
B2[c2G,,2] [A4D,4] [C2F2]D,2 | [D2F2A,,2][F4A4][F2A2A,,2] [E2G2G,,2][E2G2] | [E2G2][F2A2D,2] [E4G4G,4] [D2F2G,,2][C2E2] | C,4>C,4 [G,4C4G,,4] |
[G,2B,2][G,2C2G,,2] C,2[G,4C4][E2G2C,2] | [A4c4G,,4] [G2B2][A2c2G,,2] [F4A4D,4] | [C2F2]D,2 A,,2[C4F4]A,,2 | [B,4F4G,,4] B,2[F2A2D,2] [B4d4G,4] |
[A2c2G,,2][F2A2] [E4G4C,4] [B,2E2]C,2 | G,,2[A,4E4][A,2E2G,,2] C,4 | B,2[E2G2C,2] [A2c2G,,2]C,2 [G2B2E,2][A2c2^D,2] | [F4A4D,4] [C2F2]D,2 [D2F2A,,2][F4A4] |
[F2A2A,,2] [E2G2G,,2][E2G2] [E2G2][F2A2D,2] | [E4G4G,4] [D2F2G,,2][C4E4]< C,4 |[C4A4F,,4F,4][C4G4E,,4E,4][C2F2D,,2D,2] | [C4E4C,,4C,4] |","['Pop', 'Latin', 'Blues', 'Country']",Latin,1,Choose the most probable genre label of the provided score.
Latin_Latin_Pandora_Matandome Suavemente (Killing Me Softly).abc,"X:1
M:3/4
L:1/16
K:Fm
[=E0=A0] [F,2F,,2]C,2 G,2C0A,2 | G2[C0=A0]< F,0 c2[C,2G2] F,,0 A2C,2 | G,2[F2=A,2] A,2G0C2 C,0 F2C0B,2 | [=E0=A0] [F,2F,,2]C,2 G,2C0A,2 G2[C0A0]< F,0 | c2[C,2G2] F,,0 =A2C,2 G,2[F2A,2] |
=A,2G0C2 C,0 F2C0B,2 [D0D0B,,0] B,,2F,2 | B,2F,0<B,,0C2 [B,0D0] F,2[D0B,0]E2 D0 F2[A0B,0]<F0B,,2 | G0< E,,0 [E,2F2]E2 E0 B,,2[G,0E0]B,2 E,0 B,2[D0D0]E2 | E,0 G,2B,,0E2 A,,0< C0 A,,0 C2E,2 A, E,[E0F0F0] |
[A,0E,0E0E0]<[A0D0]D2 A,2 E,2C0<[E,0E0][C2A,2] [D,0C0]< [F0D,0]F,2 [D0D0] | F,2A,0[F2A,2] D,0 A,2D0F,2 C,2 F,2E2F,2A,2 | [B,,2D2B,,2]F,2 F,0 A,2[D0F0D0] B,,2 D0 B,2F0<A0E2 F,2 | F,2B,0[F2B,,2] D0< [E,0F0] E,,2G,2B,2 E0< E,0 E2[F0G0E0] |
B0< B,,0 F2e0G2 E,2B,,2 A0< F,,0 [F,0A0]<[A,0C0] | [G0C,0] F2[G0F0]C2 A0 F,2A,0<[c0E0] F0 C,2F,0A,2 | F,,2[F,0C,0]A,2 C0 C2[C0F0]G2 F,2 A2A,0c2 C,2 |[F,2A2] [D0D0]< A,0 [B,,2B,,2]F2 F,0< A0 A2A,0F2 B,,2 |
D0D2 [F,0F0]< B,0 D2B,,0<F0C2 [C0E,,0]< G,0 [E,0G0] B, B,, B,0 | B,C0C2E2 E,0 B2D0<G0D2 B,,2 B,2E,2E2 E0< [D0A,,0] c4 | A,4 E,2C0<E0D2 [A,0E0] C2[E2E2]A2 E,2 | A,2[A,2C2] [=E0E0]< [F0E0] [C,0=D0C,0] G,2E2 G,0 C2 E,2B,0G,2[F2F2] C,0 |
CB,G2G2 =E,2 G,2G,2E2 [A0F,,0]< A,0 A0< A0 F,,2C0<C0A2 | [A,0C,0] [F,2A2][E0F0]A2 [F,2A,2]C0[F2A,2] C2 [F,2C,2]A,0<[E0A,0]F,2 | D0 [B,,2E2B,,2]D0<F0D2 F,2F0D2 A,2 F,2[D0D0] | B,2 F,2[F0F,0A,0]< G0 [G0G0E,,0] E,2D0<G0F2 B,0< G0 E0 B,,2E0<G0D2 [G,2E,2] |
[D0G,0]E2 B,2 [B,2B,,2]C0<G,0E,2 [C0C0A,,0] A,,2E,2 | G,0 E,2[C2E2] E,0 A,2E0C2 A,,2 G,2E,2E,2 [F,,0C0] | [A,0F,,0C0]<F,0C0C,2 A,0< [C0F,0] G,2[C0C0]C2 F,0 C,2A0<[A,0F0] A0< [F,0F,0] |[C,0G0]D,2 [F0B,,0F0] B,,2[F0=D0]D2 F,0 F,2D0F, [F0A,0] |
B2=D0<D0B2 B,,0< [B,0B0]A0<F,0F,0A2 E,,0< [A0E,0]G0<G0G2 [B,,0B,0] |G,0G2 [E,0e0]E2 G,0 [G,2E2B,,2][G0E0]<[B,0D,0G0] D,,0 | D,2F0<D0G0F2 A2 A,,2F0D,2 A,0< [d0F0]D0F2 [A,,2A,2F2] | D2[F0D,0]<[F0A,0]F2 [A,,0C0] A,,2[E0E0]E2 E,2 F2A,0c2 E,2 |
A,2E0C2 [A,0C,0A,0] E,2E0<[A,0D,0]E2 D,,2 D,2D0<D0A,2 | [A,,0D0]<F,0F2 D,0 [F,2D2]F,2 A,,2 C2 A,2C0<[_G,0D,0C0] G,,0 | _G,,2[B,0D0]B,2 E0 D,2G,0B2 A,0 G,2A0B,2 [B,0D,0] |[D0_G,0]G2 G,,0 G,2[D,2D2] G,2[D2D,2] |
[B,0A,0_G,0]< [B,0B,0]D0<[B,0A,0B,0] D,0 G,2[C0C0=G,0=A,0][F,2F,2] [F,,2F,,2]C,2 | F,2=a0G,2 g2f0A,2 c0 C,2A0F,2 | [G2F,,2][F2C,2] F,2=A,0<[C0G,0]C2 C,2F,0[A,2C2]G,2 | C0 F,2[=A,2C,2] [B,,0D0C0]< B,,0 B,2[F2D2] [F,2F,2]_A0<A,0C2 |
D0 B,,2 B,2A0<D0E2 F,2 F,2F0<B,0B,,2 [F0D0]< [E,,0G0E,0G,0] [E0E0] E,2 |G,0<B,0B,2 B,,0 E2B,0[G2E2] E,0 e2[B,,0B0]< [c0C0] [A,,2A,,2] |E,2 E,0 A,2[F0F0]<C0A,2 E0 [E2A,,2]D2E2D E,2 A,2 |C2A,2A2 [C0F0]< D,0 [D,0C0]< D0 [D2F,2] A,2A,0<[D0A,0] |
[F2D,2]A0<D0F,2 d2 C,2 D2A,0c2F,2 [B0B,,0] B,,2F,2 | A,2D0<[D0F,0] D0< B,0 B,,2[D0F0]E2 F,2 F2B,,2B2 [F0F0]< [D0G,0] | E,,2 E,2B,2 E0< [E,0E0] E2[D0F0]<[G0G,0]F2 B,,2D0<E0G0B2 E,0 | B,2B,,0G2 [A0A,0F,,0]< A0 [C0A0] F,4 [C0C,0G0]<A,0F0F2 G,2 |
[a0C0]E2 F0 C,2 g2G,0f2 [F0F,,0] c2F0E2 [C0B0C,0] |A0A,2 [C2F,2]G0A,2 [F,0C,0] F2F,2B,2 | D0< [A,0D0] B,,0 B,,4 F,0 A2[A,0F0]F2 D0 B,2F0A2 | [B,,2F,2] C2[F0B,0]F,2 [C0G,0E,0E,,0]< G0 F4 [B,0E,0]< [B,0B,0]E0[C2C2] D0 |
B,,2B0D2D2 E,0 B,2[G0B,,0]< [D0E0c0] [A,,4A,,4] [E,0E0] | E,2C0<[E0A,0] A,0 [=B,2C2]E0E2 E,0 A2A,2E2 [=E0=D0]< [C,0E0E0] | C,2G,2 C0< C0 G,2[c0F0][F2=D2] [F2=A,2]G0<=E0[G0G0] | [B,0=E,0] C2E0<C0G,2 A0 [F,2A2_E2A2] F,,2[A0C0]< A0 [A,2C,2][F0F0]A2 F,2 |
C2C0<F0E2 C,2 C2 A,2[C0F,0][C2E2] [B,,0E0] B,,2D0<D0D2 F,2 | F,2[F2F2] A,2 A,2B0D2 F,2 F,2A,0<F0A,2 G0< E,,0 | [G0G0E,0]F2G2 D0< [B,0B,,0] G2F0<E0G2 D2 E,2B0<[E0D0E0] B,0 | [G,2B,2] B,,2[C0C0E,0C0]A,2 A,,2 A,,2B,2E2 E,0 E,2A2C2 [A,0A,0] |
[C2E,2] G,2 G,2E,0E2 [C0A,0F,,0]< A0 F,,2 C2C,2C2 F,0 | C0 A,A,0[C2E2] C,2 F,2C0<[F0F0] F,0< A0 A,2[E0=D0]<F,0G2 [B,,0B,,0] |[B,0F0]=D2 F,0 F,2A,0B2 B0< F,0 B,B0F2B,2 B0< F,0 | =D0 A,B,0A2A0A2 E,0 E,2G0[G2G2] B,2[E2E2] |
G,2 G,2E2B,2 [E0E0] B,2 B,2G2G2G2 D,0< D,0 A,2[F0F0D0]_G2 | A,0 A,2[D0D0]F,2 F,0< A,0 F2F0<D0F2 F0< [F0D0] [F,0A,0]<[F0D0A,0C0] [A,,2A,,2] |[C0E0]E2 A,2A,0E2 E,0 E,2C0C2 A,0 | [A,0A,0C,0]<E0[D,2E2]E2 D,,2D0<[F,0D0]D2 A,,0F,F,F, A,0 |
D,0< D0A,[D0F,0] D2 [A,2A,,2][C0C0D,0]< _G,,0 G,,2B,0B,2G,2 | D,0 D2_G,2B2 A,2 A2B,0G2 D,0 D2A,0<G,0b2 G,,2 | a2D,0_g2 G,0 d2A,2D2 [B,2B,2]B,2d2B,2 D,2 | B,2C0<[G,0=A,0F,0][C0C0]< F,,0 F,2C,2a2 g0 F,2[f0G,0] |
[c0=A,0][F2C2] C0 C,2G0<[G,0F,0] [C,0G,0A,0A0] F,,2C,0F,,2 | F,0 C,2[F,0G,0]< C0 =A,2C2F2 [F2G2] C,2C2F2F,2 _A0< [A0F,,0] [C0F,0A0] |[C2A2] [F,0E0]< [A0A,0][F0A0]<[E0F0][C0A0]< [C,0C0]c0F2F2 F,0 | [C2A,2] C2F0<E0E2 [d0B,,0] B,,2D0<D0F,2 F,0 A,2F2F2 B,,0 |
B2F,0d2 B,0 A,2D0B,,F,_G0 =G0< G0 E,,0< G0 E,2G0<D0B F0< E,0 G0 | B,2E0<G0[B,,0G0]< E,,0 E2D0<d0E2 [E,0G,0] B,2 B,2[C0B,,0]B2 [C0A,,0]< A,,0 | c2[C,0E,0]< E,0 A,2[C2G,2] E,0 A2C0C2 G,,2 | G,C,0C2 A,0< F,,0 [A0F,,0] C2C0C,2C0C2 E0< F,0 F,0 C2[C0A,0]C2 C,2 |
F0[E2C2] [A0F,0] A,2[F0C,0][F,2G2] =D0 B,,2 B,,2F0<F,0F,2 [A,0B,0] |B,0=D2 [B0B0] F,2D0<B0D2 B0 [A,2F,2][A0F0]<B,0A2 E,,0 | A0 E,2[G0G0]E2 [B,2B,,2]E0G2 [E,2G,2]B,2E2 [B,,0E0]< E0 | B,2G0<G0D,2G,2 D,,0< g0 D,2F0[F2D2]f2 d0 A,,2A2D,2 |
[A,0F0]< D0 A,,2D0<F0F2 [F0F0] D,2 A,2F0A2 A,,0 F[E0E0]A2 | E,0 E,2C0A,2 A,0 C2E,0<E0A,2 A0 C,2 A,2[E0A,0]<E0E2D,2 [D,,0D,0] |[F,0D0]<D0F,2 A,0 A,,2D2F,2 [D,0A,0]< [D0F0]D0<F,0D2 [D0A,0] | A,,2 A,2B,0<[C0D,0]C0F,2 _G,,0 G,2[b0B,0]<[B,0G,0] a0 D,2g0G,2 |
[d0_G,0]<D0G,2 B,2[D0D,0]< G,,0 G,2B,2 | D,0 D2_G2 [G,0B,0]< D,0 [B0B,0][B,2G,2][B,2D,2] G,,G[C0C0]<[=A,0=G,0]C,2 | F,,0 F,,2C,2 F,3 =A,0 F,,2C,2 | F,0< F,,0C2C,2 F,,F13 |","['Latin', 'Pop', 'Jazz', 'Blues']",Latin,0,Choose the most probable genre label of the provided score.
Latin_Latin_Gloria_Követem Nyomát.abc,"X:1
M:3/4
L:1/16
K:Dm
[D2B,,,2]F,2 B,4 | [D4D4F4]<B,4 [D8D8G,,8G8] | F2G2 B2c2 | [B2B,,2]F,2 B,2D2 f4 |
[d4d4] G,,0< [B0B0]d15g14 | [D2B,,2]F,2 | B,2[D4F,4]< [B,4F4D4]F,2 | B,,2F,2 B,2F,2 [B3B,3D3][C3A3] |
[F2D2] [D2A,,2F,2D,2]A,2 D2[A,,2A,2F2] | D,,2D2 A2d2 D,2F2 | [f2A2]A,2 [d3F3D3]A3[F2D2] | [B,2G2G,,2]D2 [B,2G2][D2D,2B2] G,2[d2G2] |
[B2g2B,2][b2d2] D,2F2 [f2A2][F4d4] |A2 F2D2 [_EG,E,,]B,,[B,GE,] | G,[B,B]_E [e4G4] [g4B4] | F,CA[c13f13] |
[B,,,2D2F2]F,,2 B,,2D,2 | [F,2F2]D2 [B,2F2]B2 [G,D]G15B15 | B,,2F,2 B,2[F,2D2] [F2B,2]D2 | F2[F,2B2] B,,2F,2 B,2[F,2D2] |
[F2B,2]D2 F2[F,2B2] D,2A2 | F2[A,2d2] D2f2 A2[A,2d2] | D,2F2 A2A,2 D2f2 | A2d2 [G,,B,G]((3B,,2D,2G,2)B,D |
[G8B8d8] D,2A2 | f2[A,2d2] D2A2 F2A,2 | _E,2E2 G2[B,2B2] E2G2 | B2_e2 E,2B,2 G2B2 |
[C8c8A8F,8] B,,2D2 | F2F,2 [B2B,2]F2 d2B2 | ((3G,2B,2D2)[BG]dg b12 | F,C((3F2A2c2) fa11 |
B,2F2 | [d2B2]b10 | d' f'16b'15 | [F,,,2F,,2][F,,,2F,,2] [F,,,2F,,2][F,,,2F,,2] |
[F,,,2F,,2][F,,,2F,,2] [F,,,2F,,2][F,,,2F,,2] [F,,,2F,,2][F,,,2F,,2] | [F,,,2F,,2][F,,,2F,,2] [F,,,2F,,2][F,,,2F,,2] [F,,,2F,,2][F,,,66F,,66] | [_E6^F6=B,6B,,6][E10F10B,10] | ^F,6 |
[=B4B4^F4F4_E4E4]> B,,4^C,2 | [B6_e6^F6E,6][F6B6] | B,,4 [^f6_E,,6][e6e6B6B6F6] | [_e4B4^f4] [^G,6G,,6] |
[=B,6B,6_E6E6^G6] B,,4 | [B,6^F6_E6E,6][E6F6B6] | [_E,,4^F4B4e4] [=B,6=E,,6][E10E10^G10G10B10] | [^C6^F6B6F,,6] |
[B6^F6^c6] B,,4 | [^F6=B,6_E6B,,6][E6F6B6] | [^F4=B4_e4]>[B4b4] [B2b2][B2b2] | [=B2b2][B2b2] [B2b2][B4b4]< [E4G4C4C,4] |
[E10G10C10] | G,6[c6c6G6G6E6E6] | C,2D,4< [=B4e4G4E,4][G6B6] | =B,,4 [g6E,,6] |
[e6e6=B6B6G6] [e4B4g4] | [A,6A,,6][C6C6E6E6A6] | C,4 [=B,6G6E6E,6][E6G6B6] | [E,,4G4=B4e4] [C6F,,6] |
[F10F10A10A10c10] | [D4A4F4D,4] D,,4 [G,,8=B8G8d8] | [G6C6E6C,6][E6G6c6] | [G4c4e4] [G6=B,6D6G,,6] |
[D2G2=B2] D,8 | [G4C,4E4c4] G,2[G2E2c2] C10 |[G2g2] [G2g2][G2g2] | [G2g2][G2g2] [G2g2][G20g20] |
E2 A2c2 [A2d2]c2 | =B4<A4 [A,,12E12A12c12] | A,2[C2A2] | E2[E2c2E,2] A2[e2A2] c2a2 |
[A,,6A,,6E6A6C6][A,CE]A,,11 |A2 c4 [gee] | agf2 e2c25 |e c'aec |
aecA [C,,4C,4E,4G,4] [C,,4C,4E,4G,4] | [C,,4C,4E,4G,4] [C,,4C,4E,4G,4] [C,,4C,4E,4G,4] | [C,,4C,4E,4G,4] [C,,4C,4E,4G,4] [=B,,,4B,,4D,4G,4] | [A,,,4A,,4C,4E,4] [A,,,4A,,4C,4E,4] [A,,,4A,,4C,4E,4] |
[A,,,4A,,4C,4E,4] [A,,,4A,,4C,4E,4] [A,,,4A,,4C,4E,4] | [A,,,4A,,4C,4E,4] [=B,,,4B,,4D,4G,4] [C,,4C,4E,4G,4] | [C,,4C,4E,4G,4] [C,,4C,4E,4G,4] [C,,4C,4E,4G,4] | [C,,4C,4E,4G,4] [C,,4C,4E,4G,4] [C,,4C,4E,4G,4] |
[=B,,,4B,,4D,4G,4] [A,,,4A,,4C,4E,4] [A,,,4A,,4C,4E,4] | [A,,,4A,,4C,4E,4] [A,,,4A,,4C,4E,4] [A,,,3C,3E,3A,3][G,,,3=B,,3D,3G,3] |[E,,,3=B,,3E,3] [A,,,3C,3E,3A,3][G,,,3B,,3D,3G,3][E,,,2B,,2E,2] |","['Latin', 'Blues', 'Soul', 'Country']",Latin,0,Choose the most probable genre label of the provided score.
Latin_Latin_Carlos Baute_Nada se compara a ti (con Franco de Vita).abc,"X:1
M:3/4
L:1/16
K:F#
EEEE | F2E22 | C2E2 F4 E2C22 | E2D2 | D2C10 |
E2D2 D2C10 | E2>D2 D2C10 | F2E2 | D6E5D |
E2D2 D2C9 |C D2E2 F2C12 |DE | F2C10 |
E2>C2 D4 E2>C2 | D4 D2E2 C11 |C CDC2 | G6A6 |
D2E2 C23 |D DEF4G8 |GG c4 | G2A2>G2F5C |
CDE4F8 |FF E2D2 C2D9 |D DEF4 |G8GG |
c4 G2A2>G2F4 |C2 C2D2 E2F8 |FF E2D2 | C2D14 |
E2D2 D2C10 | E2>D2 | D2C10 | E2D2 D2C10 |
F2E4< D4 |E5D E2D2 | D2C9C | D2E2 F2C10 |
E2D2 F2D10 | E2C2 | D11D | D2E2 C12 |
CDC4< G4 |A5C D2E2 | C23 |D |
DEF4G2 [C,E,][E,C,][C,E,][C,E,] | [C,2F,2][GE,C,]G17 | C2D2 | [E2C,2]F2 D,2A,C, A,,2FG |
E2D2 C2D9 |D DEF4G2 | [C,E,][E,C,][C,E,][C,E,] [C,2F,2][GC,E,]G c4 | G2G2 [B,3G,3][F,3A,3][D,2F,2] |
G2[C,E,][F4B,,4D,4]E2 D2EC21 | E2D4 |C2 E2FD29 | [D,,8D,,,8] [d4e4A4] |
[F4c4] [G5E5d5]cFE7 |CD [EB,]FC[B,11D11] |CD | [G,14D,14A,14F,14] |
F,G, [F,4A,4C4] [GC]A[FC]c | G4 cCFG [EC]FED2 |E2C7CD | [EB,]FC[B,11D11] |
F,G, [A,CC,]G,F,[G,2C2]F,G,G, | G,A,B,4C2 [F,A,][F,A,][A,F,][F,A,] | [B,2F,2][cA,]c f4 c2d3 |cB2 B,2B,F [FA,]GA2 |
F,2[B,2B2]>A,2G,2 B,2BB | [A2A,2F,2]G2 F4 [G,7E,7] |[GG] GAB4c2 | [A,F,][F,A,][A,F,][F,A,] [B,2F,2][cA,]c f4 |
c2d2>c2B2 B,2[FB,]F | [F2A,2]G2 [A2F,2][B2B,2]>[A,2A2][G2G,2] | B,2B2 [A2A,2F,2]G2 F2G2 | [G,4E,4] c4 cdc4 |
cB [A,F,A][F,A,][A,F,][F,A,] [B,2F,2][cA,]c | c5Bc2 B4 | B,2[fB,]d [fA,]fd2 [c2F,2][c2B,2] | d[A,c][d2G,2] B,2dd [d2A,2F,2]c2 |
A2c2 [E,G,]AG5G | GAB4c8 |cc f4 c2[C2=e2] | [=E2C2]d2<[D2B,2][G,2C2] c2[G,B,][B4E,4G,4] |
A2 [G2F,2A,2]AF21 | A2G4F2 | A2BG26 |A2G [A,F,G][F,A,][A,F,F][F,A,] |
[B,2F,2]A,8A,2 | B,4 A,2[B,2F,2] A,4 | F,2B,2>A,2G,2 [B2B,2]c2 | [A4A,4F,4] F2G2 [E,8G,8] |
F,2F,2 G,2F,2 | [F,A,][F,A,][A,F,][F,A,] [B,2F,2]A,8 |A,2 B,4 [B,2A,2][B,2F,2] | A,4 F,2B,2>A,2G,2 |
[B2B,2]c2 [A4A,4F,4] F2G2 | [E,8G,8] F,2F,2 | G,2F,2>B,2G,2 [B2B,2]c2 | [A4A,4F,4] F2 |","['Soul', 'Ambient', 'Latin', 'Blues']",Latin,2,Choose the most probable genre label of the provided score.
Latin_Latin Alternative_Manu Chao_La Vacaloca.abc,"X:1
M:3/4
L:1/16
K:Ddor
c0G0C,0 E8 C8 [D8B8] G8 | [C8A8] [F7C,7] | C,0 [C2E2] G2C2 E2G2 [C0G0] | [c0E0] C,8 [C,0G0] [B3D3]C,5d5 |
[A0C0]< [F0C,0] C,2C2 | [E0C0]< [G0C,0] E4 [E0c0G0] C,4 | C,2<C2[E3c3G3] [B0G0D0] C,4 C,2D2 [F0C,0] | [C0A0] C,2C2 C,0< [E0G0] C4 |
C,4 [G,4C4G4E4C,4] G,[c0C0]G, E5 [C5G5] |e3 [c4F4A,4F,4] | [A,F,]c[A,2F,2] [C2G,2E2G2C,2]C[CEc] G,G[G,2C2] | [C2A2F2F,2]A,[Ac] A,[AC][A,2F2] [G,2G2C2E2C,2]G,2 |
G,[CE]G,2 [G,2C2F2][G,2E2] [G,4D4] | [F,2A,2F2D2D,2]F,A, F,F2F, [A,2F2]F,A, | [F,D,][A,D]D,2 [GG,,]DB,A DB,BD | B,[cG,,]GD [G,,d]GD2 [G,0E0G0C0] C,4 |
[G,4C,4] [B,8B8G8E,8E8G,8] | [A,2F,2F2A2]Cc [A,F,]FC2 [G,GEC,]cG,2 | G,GE2 [C,G,]F,C[CAc] A,2<F2 | [C2G,2C,2E2G2]Cc [C,2G,2]<E2 [B,2B2D2G2G,2]>B,2 |
[D2B2d2G2][B,2D2] [A,2A2F2F,2]Cc A,A[F2C2] | A,3c2AF2 fcAc | fcAc af2g fcAG | [G,2G2E2C,2C2]G,c G2[G,2E2] [G,2B2]B,D |
B,2<G2 [C2F2F,2A2]A,C A,FG,2 | [GECC,]G,2c GECG, [C2G2C,2]F,C | A,F2A, [C2C,2G2]G,C E2<G,2 | [DGC,]ECG, CDG,2 F,G,2D |
GdB,2 [D2B2]G,D B,[AD]G,2 | [DGC,]ECG, G2G,2 [D2B2]B,D2 |[B,GB]B,2 [C2F2A2F,2]A,C2F2G, | [G2C,2]G,C G[AC]GG, [C2C,2G2]G,C2 |
[G,A][FC]F, [C2C,2G2]G,C G,EG,2 | [D2B2]B,D G2<B,2 [C2F2A2F,2]A,2 | A[Cc]A,2 [C2A2]F,C A,2<[C2F2] | [c0E0] C,8 [C,0G0] [B3D3]C,5d5 |
[A0C0]< [F0C,0] C,2C2 | [E0C0]< [G0C,0] E4 [E0E0G,0C0G0C,0] G, |[c0C0]G, E5 [C5G5]e3 | [c4F4A,4F,4] [A,F,]c[A,2F,2] [C2G,2E2G2C,2]C[CEc] |
G,G[G,2C2] [C2A2F2F,2]A,[Ac] A,[AC][A,2F2] | [G,2G2C2E2C,2]G,2 G,[CE]G,2 [G,2C2F2][G,2E2] | [G,4D4] [F,2A,2F2D2D,2]F,A, F,F2F, | [A,2F2]F,A, [F,D,][A,D]D,2 [GG,,]DB,A |
DB,BD B,[cG,,]GD [G,,d]GD2 | [G,0E0G0C0] C,4 [G,4C,4] [B,8B8G8E,8E8G,8] | [A,2F,2F2A2]Cc [A,F,]FC2 | [G,GEC,]cG,2 G,GE2 [C,G,]F,C[CAc] |
A,2<F2 [C2G,2C,2E2G2]Cc [C,2G,2]<E2 | [B,2B2D2G2G,2]>B,2 [D2B2d2G2][B,2D2] [A,2A2F2F,2]Cc | A,A[F2C2] A,3c2AF2 | fcAc fcAc af2g |
fcAG [G,2G2E2C,2C2]G,c G2[G,2E2] | [G,2B2]B,D B,2<G2 [C2F2F,2A2]A,C | A,FG,2 [GECC,]G,2c GECG, | [C2G2C,2]F,C A,F2A, [C2C,2G2]G,C |
E2<G,2 [DGC,]ECG, CDG,2 | F,G,2D GdB,2 [D2B2]G,D | B,[AD]G,2 [DGC,]ECG, G2G,2 | [D2B2]B,D2[B,GB]B,2 [C2F2A2F,2]A,C2 |
F2G, [G2C,2]G,C G[AC]GG, | [C2C,2G2]G,C2[G,A][FC]F, [C2C,2G2]G,C | G,EG,2 [D2B2]B,D G2<B,2 | [C2F2A2F,2]A,2 A[Cc]A,2 [C2A2]F,C |
A,2<[C2F2] [c0E0] C,8 | [C,0G0] [B3D3]C,5d5 [A0C0]< [F0C,0] | C,2C2 [E0C0]< [G0C,0] E4 | [c0E0] C,8 [C,0G0] [B3D3]C,5d5 |
[A0C0]< [F0C,0] C,2C2 | [E0C0]< [G0C,0] E4 E0< [d0^F0] D,8 | [D,0A0] [^c3E3]D,5e5 [B0D0]< [G0D,0] | D,2D2 [^F0D0]< [A0D,0] |
^F4 [A,4D4A4F4D,4] A,[d0D0]A, F5 [D5A5] |^f3 [d4G4B,4G,4] | [B,G,]d[B,2G,2] [D2A,2^F2A2D,2]D[DFd] A,A[A,2D2] | [D2B2G2G,2]B,[Bd] B,[BD][B,2G2] [A,2A2D2^F2D,2]A,2 |
A,[D^F]A,2 [A,2D2G2][A,2F2] [A,4E4] | [G,2B,2G2E2E,2]G,B, G,G2G, [B,2G2]G,B, | [G,E,][B,E]E,2 [AA,,]E^CB ECcE | ^C[dA,,]AE [A,,e]AE2 [A,0^F0A0D0] D,4 |
[A,4D,4] [^C8c8A8^F,8F8A,8] | [B,2G,2G2B2]Dd [B,G,]GD2 [A,A^FD,]dA,2 | A,A^F2 [D,A,]G,D[DBd] B,2<G2 | [D2A,2D,2^F2A2]Dd [D,2A,2]<F2 [^C2c2E2A2A,2]>C2 |
[E2^c2e2A2][C2E2] [B,2B2G2G,2]Dd B,B[G2D2] | B,3d2BG2 gdBd | gdBd bg2a gdBA | [A,2A2^F2D,2D2]A,d A2[A,2F2] [A,2^c2]CE |
^C2<A2 [D2G2G,2B2]B,D B,GA,2 | [A^FDD,]A,2d AFDA, [D2A2D,2]G,D | B,G2B, [D2D,2A2]A,D ^F2<A,2 | [EAD,]^FDA, DEA,2 G,A,2E |
Ae^C2 [E2c2]A,E C[BE]A,2 | [EAD,]^FDA, A2A,2 [E2^c2]CE2 |[^CAc]C2 [D2G2B2G,2]B,D2G2A, | [A2D,2]A,D A[BD]AA, [D2D,2A2]A,D2 |
[A,B][GD]G, [D2D,2A2]A,D A,^FA,2 | [E2^c2]CE A2<C2 [D2G2B2G,2]B,2 | B[Dd]B,2 [D2B2]G,D B,2<[D2G2] | [D2G2B2G,2]B,2 B[Dd]B,2 [D2B2]G,D |
B,[D163G163] | [A,2A2^F2D,2D2]A,d | A2[A,2^F2] [A,2^c2]CE C2<A2 | [D2G2G,2B2]B,D B,GA,2 [A^FDD,]A,2d |
A^FDA, [D2A2D,2]G,D B,G2B, | [D2D,2A2]A,D ^F2<A,2 [EAD,]FDA, | DEA,2 G,A,2E Ae^C2 | [E2^c2]A,E C[BE]A,2 [EAD,]^FDA, |
A2A,2 [E2^c2]CE2[CAc]C2 | [D2G2B2G,2]B,D2G2A, [A2D,2]A,D | A[BD]AA, [D2D,2A2]A,D2[A,B][GD]G, | [D2D,2A2]A,D A,^FA,2 [E2^c2]CE |
A2<^C2 [D2G2B2G,2]B,2 B[Dd]B,2 | [D2B2]G,D B,2<[D2G2] [D2G2B2G,2]B,2 | B[Dd]B,2 [D2B2]G,D B,2<[D2G2] | [d0^F0] D,8 [D,0A0] [^c3E3]D,5e5 |
[B0D0]< [G0D,0] D,2D2 [D,,25D,25] | [A25^F25] [D24d24] |","['Folk', 'Pop', 'Latin', 'Soul']",Latin,2,Choose the most probable genre label of the provided score.
Latin_Corrido_Oscar_Vita Spericolata.abc,"X:1
M:3/4
L:1/16
K:C
[F,0F,,0F0A,0C0] |F,2 [A,2C2]F,2 C,2C2 | [G,4B,4D4G,,4]>G,4 G,2A,2 | B,4 [C4C4E4C,4]>G,4 | G,2E2 F2G2 [C2C,2]G,4 |
C2 C2f2 [e4g4] | G0< [A0C0F0F,,0]C2 F,2C2 | [A,2F2]C,4< [G,4B,4D4G,,4]G,2 | D,2D,2 [B,4D4] [G,6E6C6C,6] |
G,2 C,,2[C2c2] [c4C4] | [G2E2_B,2C2][c'2g2] [d2b2][c0a0] [B2g2][c2a2] | [d4_b4] c0< [F0F,0] a4 [A4f4f4] | [F,,2F,2]A,2 C2F2 [G,4B,4D4G,,4] |
[G,0B,0]G2 B,2A,2 [D4G4G,,4G,4B,4] | [G,4E4C4C,4] G,2[G,4E4C4]G,2 | C,2[C,,2G,2] [G,0E0C,0_B,0C0] G,2G,2 | G,2[E2c2] [D4_B4] [C0F0G0] [F,2A2]c4 |
C2 F,2C2 [F0A,0C0]F,2 | [G,,10G,10D10B,10]G,,2 | [D4B,4G,4] [G,4C,4C4E4]>[G,4C4] | [G,2C,2]F2 [G2C2]C,2 [C4E4G4C,4c4] |
C2G,2 [B,4D4G4d4B,,4] D4 | [E8G8c8] [A8c8g8e8] | [D10E10G10B10] |[G6B6d6g6e6] [F6A6] |
F6 F4 | E4 G4 D4 | G4 [E4G4c4] E2A2 | G2E2 [G4c4] [D6E6G6] |
[D4G4][E2B2] [G4d4] | [A10c10]F6 | E2G2 [G4E4] | D4 G8< [E8c8G8] |
[c4G4E4] | [D8B8G8] D4<G4 | [F12A12] | [F4A4] [c8F8] |
[G2c2]F2 ^D4 | [G,2G,,2]C2 D2G2 c2d2 | g2G2 [A0G0B0] g16 d16 | [F14A14] |
F2 | [D12G12] | D4 D0 E16 | [E6G6] |
E4D2 E4 | F,6[F4C4]A2 | [F4F4] [D8G8] | D8 [D0E0] |
E8 E8 | F16 | [D12G12] | D2G2 |
[D0E0] | [c2e2][d2f2] [g4e4] G0 [F8A8] | F2F2 F4 | D176 |
[E8G8c8] | [A8c8e8g8] | [D10E10G10B10][G6B6d6e6g6] | [F6A6]F6 |
F4 E4 | G4 D4 G4 | [E0G0c0] E2A2 G2E2 | [G4c4] [D6G6E6][D4G4] |
[E2B2] [G4d4] [A10c10] |F6 | E2G2 [E0G0] D4 | G4 [E8G8c8] |
[A8c8e8g8] [D10E10G10B10] |[G6B6d6g6e6] | [F6A6]F6 | F4 E4 G4 |
D4 G4 [E4G4c4] | E2A2 G2E2 [G4c4] | [D6E6G6][D4G4][E2B2] | [G4d4] [A10c10] |
F4> E4G2 | [G4E4] D4 G4 | [E8G8c8] [A8c8e8g8] | [D10E10G10B10] |
[G6B6d6g6e6] [F6A6] |F6 F4 | E4 G4 D4 | G4 [E4G4c4] E2A2 |
G2E2 [G4c4] [D6G6E6] |[D4G4][E0B0] [G4d4] | [A10c10]F6 | E2G2 [G4E4] |
D4 G4 [E8G8c8] | [A8c8e8g8] | [D10E10G10B10][G6B6d6g6e6] | [F6A6]F6 |
F4 E4 | G4 D4 G4 | [E4G4c4] E2A2 G2E2 | [G4c4] [D6G6E6][D4G4] |
[E2B2] [G4d4] [A10c10] |F6 | E2G2 [G4E4] D4 | G4 [E25G25c25] |","['Folk', 'Latin', 'Rap', 'Classical']",Latin,1,Choose the most probable genre label of the provided score.
Latin_Cumbia_Banda Machos_Cuando fuiste mia.abc,"X:1
M:3/4
L:1/16
K:Bm
dea [A0A0D0F0f0]D,3 d2ed e0 | [F0A0F,,0] [c2c2]F,2 [d2B2B2B,,2F2]B,F, | edB,2 E0< [c0c0] A,,2A,2 [AA]e2E, | [G2B2B2d2G,,2]G,4D,2 [E,,0G0]E2B e2 |
E,G [c0c0E0A,,0] |c2 [A4A4] d2[A2A2] | [F2F2]D4< [F4c4][A2A2] | [B2d2][F2F2] D2F4< [E4c4] |
[A4A4]< [B4d4][G2G2] | c4 [A2A2][F2F2] E12 | [c2c2][A2A2] | [F4A4d4]>D4 [F6c6] |
[A2A2] [B4d4] [F2F2]D2 | c2[A4A4][E4E4]< [D4B4] |[G4G4]< [A4c4][F2F2] | c12 |
[A2A2][E2E2] d2[B2B2] [G2G2]D2 | F2[A2A2] [c2c2]A4< [F4B4d4] |D2 E4 [c2c2][A2A2] | [G4B4d4]>D4 E4 |
[B2B2][G12G12] |[c2c2] [A2A2][E2E2] [F4A4] | [D4D4] c4 [A2A2][E2E2] | D2d2 [B2B2][F2F2] [E8A8c8] |
[G4B4]>[D4D4] | F4 [c2c2][A2A2] [B4d4] | [G2G2]D2 E4 [c2c2][A2A2] | d4 [A2A2][F4F4][c2c2] |
[A2A2][E2E2] B4 [F2F2][D2D2] | [A4c4]>[E4E4] [B2d2][G4G4] |D4< [A4c4][F2F2] | D2d2 [B2B2][G2G2] c2[E2E2] |
[A2A2]E2 D2d2 [B2B2][G4G4] |[c2c2] [A2A2][E2E2] [D2F2][B2B2] | d2B4< [A4c4][F2F2] | [E4G4]>[B4B4] [B6d6] |
[G2G2] [E16A16c16] | d2[A2A2] | [F2F2]D4< [F4c4][A2A2] | [B2d2][F2F2] D2F4< [E4c4] |
[A4A4]< [B4d4][G2G2] | c4 [A2A2][F2F2] E12 | [c2c2][A2A2] | [F4A4d4]>D4 [F6c6] |
[A2A2] [B4d4] [F2F2]D2 | c2[A4A4][E4E4]< [D4B4] |[G4G4]< [A4c4][F2F2] | c12 |
[A2A2][E2E2] d2[B2B2] [G2G2]D2 | F2[A2A2] [c2c2]A4< [F4B4d4] |D2 E4 [c2c2][A2A2] | [G4B4d4]>D4 E4 |
[B2B2][G12G12] |[c2c2] [A2A2][E2E2] [F4A4] | [D4D4] c4 [A2A2][E2E2] | D2d2 [B2B2][F2F2] [E8A8c8] |
[G4B4]>[D4D4] | F4 [c2c2][A2A2] [B4d4] | [G2G2]D2 E4 [c2c2][A2A2] | d4 [A2A2][F4F4][c2c2] |
[A2A2][E2E2] B4 [F2F2][D2D2] | [A4c4]>[E4E4] [B2d2][G4G4] |D4< [A4c4][F2F2] | D2d2 [B2B2][G2G2] c2[E2E2] |
[A2A2]E2 [F4A4] [D4D4] | c4 [A2A2][E2E2] D2d2 | [B2B2][F2F2] [E8A8c8] | [G4B4]>[D4D4] F4 |
[c2c2][A2A2] [B4d4] [G2G2]D2 | E4 [c2c2][A2A2] d4 | [A2A2][F4F4][c2c2] [A2A2][E2E2] | B4 [F2F2][D4D4]< [A4c4] |
[E2E2] [B2d2][G4G4]D2 | [A4c4]>[F4F4] D2d2 | [B2B2][G2G2] c2[E2E2] [A2A2]E2 | [F4A4] [D4D4] c4 |
[A2A2][E2E2] D2d2 [B2B2][F2F2] | [E8A8c8] [G6B6] |[D2D2] F4 [c2c2][A2A2] | [B4d4] [G2G2]D2 E4 |
[c2c2][A2A2] d4 [A2A2][F4F4] |[c2c2] [A2A2][E2E2] B4 | [F2F2][D4D4]< [A4c4][E2E2] | [B2d2][G4G4]D4< [A4c4] |
[F2F2] D2d2 [B2B2][G2G2] | c2[E2E2] [A2A2]E2 |","['Soul', 'Rap', 'Latin', 'Pop']",Latin,2,Choose the most probable genre label of the provided score.
Latin_Latin_Gloria Trevi_Dr Psiquiatra.abc,"X:1
M:3/4
L:1/16
K:Em
E,,2>[E2E,2] [^d0e0E,,0][eE,] [eE,,] |d[E,2B2]< [A2E,,2][E,2^G2=G2]< [E2E,,2][E,E] [^d0e0] E,,3 |[eE,] e0 ((3E,,2d2B2)((3E,2A0E,,6)[E,G^G] [E0E,,0] |[EE,] [^d0e0E,,0][eE,] [eE,,]=d[B2E,2]< [A2E,,2] |
[G2^G2E,2]< [E2E,,2][EE,] [^d0e0E,,0][eE,] e E,, |d[B2E,2]< [A2E,,2][E,14^G14=G14] | [F,4F,,4^C4F4F4^A,4] | [=F,4A,4C4F,,4F4] [E,,0G0D0][B,3B,3][E,E,B,] [G3D3^G3E,,3B,3][E,0D0E0E0G0]B, |
E,,2>[E,2D2B,2] [B,2D2E,,2^G2E2]>[E,2D2B,2] [B,0D0E0G0E,,0][DE,B,] |[E3G3^G3B,3D3E,,3][E,B,DEG]E,,3[DEB,E,] [G2E,,2B,2D2E2]>E,2 | [A,2G2^C2E2A,,2]>[A,2A,,2] [A,,3A,3C3G3E3]A,,0A, [C0G0E0A,,0][A,,CA,] |[A,,2G2A,2^C2E2]A,,2 [G0D0E,0B,0E,,0^G0]E, B, [G0E0D0B,0=G0E,,0][E,B,D^G] |
E,,2D[B,E,] [^G2E2E,,2D2B,2]E,2 [A,,2A,2=G2^C2E2]>[A,,2A,2] | [A,3A,,3^C3G3E3][A,,0C0A,0] [C3E3G3]A,,3[A,,CA,] [G0A,0A,,0E0C0]A,, | [G0D0B,0^G0][E,,2E,2]E,,2 [E,,3E,3B,3D3G3][E,,2E,2B,2G2D2]E,,E,2B, | [E,,2B,2^G2D2]>E,2 [C4E4=G4A4C,4] [C4E4A4C,4G4] |
[B,,4B,4^D4F4A4] [B,,2B,2D2F2A2]^A,,2 [E,7E,,7E7B,7F,,7] |[B,,9B,9G9^D9] |[E,4^G,4G,4E4F4B,4] [G,4B,4E,4] [E4F4E,4C4G,4] | [C4^G,4E,4E4F4][E,4G,4^C4E4F4] [E4C4E,4F4G,4] |
[E,4^G,4C4E4F4] [E,G,CEF]E=G A4A,,4 | [A,2E2C2G2]>A,2 [A8C8D8F8]D,8 | [G,4D4G,,4B,4G4] [G,,4G,4D4B,4G4] [F,,4F,4^A,4^C4F4] |[=F,4A,4F,,4C4F4] E,,2>E,2 [G3D3^G3B,3E,,3][E,0B,0D0G0] |
E,,2>[D2B,2E,2] [B,2D2E2^G2E,,2]>E,2[DB,] E [G0B,0E,,0D0E0][E,B,] |[D3^G3B,3E,,3][D0G0E,0B,0]E,,3[DB,E,] [G2E,,2B,2D2]>E,2 | [A,2^C2G2E2A,,2]>[A,,2A,2] [A,,3A,3C3G3E3]A,,0A, [CGE]A,,2[A,,CA,] |[A,,3A,3E3^C3G3]A,,^G[D=GE,,B,^G]D3E,2 [B,2D2G2E,2E,,2]>[E,2B,2D2G2] |
E,,3[DB,E,] [E,,2B,2D2^G2]>E,2 [A,2^C2=G2E2A,,2]>[A,,2A,2] |[A,2A,,2G2^C2E2]((3A,,2A,2C0) [G0A,,0][A,,A,][A,3E3G3A,,3C3]A,, |[G0B,0E,0E,,0D0^G0]E, [E,,3B,3G3D3]E,3[B,0D0G0E,,0E,0][E,,B,] | [E,0B,0^G0D0E,,0]E, [C4E4A4=G4]C,4 [C,2E2C2A2G2]C,2 |
[^D4F4A4B,,4B,4] [B,,0D0F0A0B,0] [E,,7E7E,7B,7] |[B,,9B,9^D9G9] |[B0b0e0E,,0]E,2 [g2B2][E,2b2] [d0D,,0]D,2 |[B2d2g2]D,2[a2c2C,,2]C,2 [e2c2]a2 |
[B2f2B,,2]B,2 B2f2[g0E,,0][B2E,2] |b2g2 [d0D,,0]D,2 B2D,2 | [A2a2C,,2][G2g2C,2] [A2a2][G2g2] [f0F0B,,0][E2B,2e2] |[^D4d4] [e0b0B0E,,0]E,2 [e2g2B2][b0E,0] |
[d0D,,0]D,2 [B2d2g2]D,2 [c2C,,2]a2[g2C,2] | [a2c2]g2 [B0B,,0f0]<[B,0e0] ^d2ff=f0 e =d | [E,EGB]E,,15 | [b16^d16B,,16B16f16B,16] |
D91 | [A2e2^c2g2A,,2a2]>[A,,2c2A2] [A3c3e3a3] A,,2A,,[c2A2]< [A2c2e2a2] A,,2 |[A,,^cA] [c0e0a0A,,0A0][AA,,] [f0B0e0E,,0E,,0^g0b0][eE,E,B] [B0e0b0g0E,,0] |[BE,] [B0e0b0^g0] E,,2>[B2E,2]e2< [B2e2E,,2b2g2][B2E,2]< [^c2A2e2a2] A,,3 |
[A,,2A2]< [A2^c2a2e2] A,,2AA,, [Acea] A,,2[A,,A] [e0a0A0] A,,3 |[A2A,,2]< [f2B2e2E,2E,,2b2^g2][BE,] [B0e0b0g0] E,,2>[E,2B2] [e0g0b0] [B2E,,2] |E,2Be [B2e2E,,2b2^g2][eB]E, [=g4c4d4e4C,4] [C,3d3e3c3g3] |C, [f4B4^d4B,,4] [B,,4f4d4B4] [E,4E4E4B4E,,4] |
E,6<[^D6B,6B,6G6B,,6] | [e2b2E,,2]E,2 g2b2 D,,2 d2 |D,2 g2D,2 [a2c2C,,2]C,2 c2 |a2 f2 B,,B,2 B2^d2 [e2E,,2] |
E,2 [G0B0]e2 [d2D,,2]D,2 [G2B2] |D,2 [a2C,,2] A2[G2g2C,2] [a2A2][G2g2] [f0F0B,,0] |e0[E2B,2] [^D4d4] E,,2E,2 e2 |[E,2g2] [d0D,,0]D,2 d2[D,0g0] [c2C,,2] |
C,2 e4 ^d2 B,,B,2 B4 | [E,,16E,16B16G16] | [F72B,,72B,72^D72B72] | [E,,E,,][BBGeeg]E,2 [E,,0B0G0e0g0] |
[E,BegG] C,,[AcGe]C,2 [A2c2G2e2C,,2]>[A2c2G2C,2e2] | C,,[AcGe]C,2 [A2G2c2e2C,,2]>[C,2c2A2e2G2] E,,[B2e2G2E,2g2]E,, | [g2B2G2e2E,2]>[B2e2g2E,,2G2] E,[BeGg]E,,2 [E,0B0G0e0g0E,,0][E,BegG] C,, |[A3c3G3e3]C,3 [A2G2c2e2C,,2]>[C,2A2c2e2G2] C,,[AcGe]C,2 [C,,3G3A3c3e3] |
[C,AcGe] E,,[BeGg]E,2 [g4E,4E,,4B4e4G4] [^A4^d4D,4D,,4] | [D,4D,,4A4d4] [C,,16c16G16C,16] | [B,64B,,64^D64G64] | [B2e2^g2g2b2b2E,,2]b[BegE,] [e0b0g0E,,0] B2>[B2e2E,2] [e3b3g3B3E,,3] |
[E,B] [B2e2E,,2b2^g2]>[B2E,2] [B0e0E,,0g0b0][BE,] [f3B3e3E,,3b3g3] |[E,B] [B0e0b0^g0E,,0][E,B] [B2e2E,,2b2g2]>[B2E,2] | [A2e2^c2g2A,,2a2]>[c2A,,2A2] [A3c3e3a3]A,,2A,,[cA] [A3c3e3a3] A,,2>[A,,2c2A2] [c0e0a0A,,0A0] |[AA,,] [f0B0e0E,,0^g0b0][eE,B] [B0e0b0g0E,,0][BE,] [B0e0b0g0E,,0] |
[BE,e] [B2e2E,,2b2^g2]>[B2E,2] [^c2A2e2a2A,,2]>[A,,2A2] | [A3^c3a3e3]A,,2[AA,,] [Acea]A,,2[A,,A] [e0a0A,,0A0][AA,,] | [f2B2e2E,2E,,2b2^g2]>[B2E,2] [B0e0b0g0E,,0][E,B] [e0g0b0B0E,,0]E,2[Be] [B2e2E,,2g2b2] |[eB]E, [C,16A16c16e16g16] |
[B,128B128f128B,,128A128^d128] | [EE,BeE,,^GG]E,EeB0E e BEeEe B0 | Ee((3B2E2e2)BE e BEeBE e B0 EeE0 |","['Folk', 'Latin', 'Electronic', 'Soul']",Latin,1,Choose the most probable genre label of the provided score.
Latin_Rumba_Ketama_Miénteme.abc,"X:1
M:3/4
L:1/16
K:Cm
F,,6C,6 | [c20e20g20] | B,,6A,6 | [D20E20] |
G,,6 |D,6 [=A20B20] | C,12 | [=E678C678B,678G678] |
d2 | c2=B2 _B8 | G22 |=A4 |
B2 =A2_A258 | F,,6A,6 | C20 | B,,22 |
[A,10D10C10] | G,,32 | C,32 | A,26 |
C2 | G2B26 | G8 | =A,2B,2 D2c4< B4 |
G18 | [D6B,6G,6G,,6] |[B,6D6G,6G,,6] [D20B,20G,20G,,20] | [C8F,8] |
e4 A2G24 |G2 A2e4 |[B,18d18] | [B32F32] |
[G14B14] |[E18G18C18] | [G16F,16] | E4>G4 |
A4 c2[B18B,18] | D26 |B,2 D2F2 =A26 |C2 |
F2B2 e16 | A,6 |C8G8 |E10 |
A,4>F4 | ^F2A2 B2[A228c228] |d2 c2=B2 | B8 G22 |
=A4B2 | =A2_A256 |[B8d8f8] |[B4d4f4][E4D4G4][d8B8f8] |
[D2E2G2] [d4B4f4] | [G2D2E2][c4G4_d4f4][c4f4G4d4][E2D2] | [c4G4_d4f4] [E4D4] [G6c6f6d6] |[c4G4_d4f4][D6E6] |
[c4f4^F4]>[C4E4=F4B4] [c4f4^F4] | [E4C4F4B4] [c6f6^F6][E4C4=F4B4] |[c4f4^F4][C4E4=F4B4]< [D4A4] |[A,2G2=B,2] [A4D4] [A,4B,4G4] |
[A6D6][A,12G12=B,12] |[e6C6G,6F6B6] | [e4B4F4C4G,4] [G4E4C4] [e6B6F6G,6C6] |[C4G4E4][e4F4B4C4G,4][_D4E4G4] |
[f6B6c6_d6] [c4d4B4f4] | [_D4E4G4] [f6c6d6B6][D4G4E4] |[c4f4_d4B4]> [E4C4^F4][c4d4=f4B4] |[E2C2^F2] [c4_d4B4=f4] [C4E4^F4] |
[c8B8f8_d8] [^F8C8E8] | [D22=B,22G22A22B22] |=B,10 | [F14B14d14] |
[F18B18] | F8 | B4 d2=E18 | A,2G2 E2A4 |
e16 |E2 F2B34 | [D6G6A,6] |g2 a2e'2 d'20 |
D,4 F2^F4 |B12 |f2 c2B2 ^F4 | [D6F6=A6][F4D4A4][B,2G,2] |
[D10F10=A10]B,2 | [D8F8] [D6F6B,6] |[B,4D4F4]B,2 D2[_D8=E8A8] |_D2 =E486 |
[e4e'4E4][a4c'4c4A4][e'2e2E2] | [e6E6e'6][e4e'4E4][a4c'4A4c4] |[e4e'4E4][a4c'4c4A4][d4d'4D4] |[c'4a4A4c4][d4D4d'4]< [d4d'4D4] |
[d4d'4D4][A4a4c4c'4][d4D4d'4] |[a4c4c'4A4][d4D4d'4][b4G4g4B4] |[d4d'4D4]< [d'4d4D4][d4d'4D4] |[b4G4B4g4][d4d'4D4][G4b4g4B4] |
[e'4e4E4][f4a4F4A4][e'4e4E4] |[a4F4f4A4][c4c'4C4][=E4g4e4G4] |[c'4c4C4][=e6E6a6A6] | [e'4E4e4] [a2c'2A2c2][e4e'4E4][a4A4c4] |
[e4e'4E4][a4c'4A4c4][e2e'2E2] | [e4e'4E4] [c'2a2c2A2][d2d'2D2] [D4d4d'4] | [c2c'2A2a2][d4d'4D4][a4c'4A4c4][d4d'4D4] |[d2a2c'2A2] [c2c2][d2D2d'2=B2] _B2[E4e4e'4] |
[=e2e'2E2] [f4f'4F4G4] [b2B2d'2d2][f4F4f'4] |[b4B4d'4d4][f4f'4F4][b4B4d4d'4] |[f4f'4F4=A4][d'2d2b2B2B2] A2[f4f'4F4] |[a4=b4A4A4B4][f4f'4F4][b4A4B4a4] |
[=e4e'4E4][A4a4][e4e'4E4] |[c'4a4c4A4][=e2e'2E2] [_e2e'2E2][a2A2] | [c'2c2][e'4e4E4][a4c'4A4c4][d'4e4E4] |[c'2c2] [a2A2][E2e'2e2] [e2e'2E2]A2 |
[c2a2][e'2e2E2] [d'4d4D4] [A2a2c'2c2][d4D4d'4] |[A4a4c4c'4][d4d'4D4][c'4a4A4] |[e'4e4E4][=e4E4e'4][f4f'4F4] |[d'2B2d2b2] [^F2=F2f2f'2][=e'4E4d'4D4d4][F4b4B4f4] |
[d'4d4D4][F2f2] [b2B2][d'4d4D4] |[B4b4f4F4][d2d'2] [_d'4d4D4] | [f2A2F2a2][_d'4d4D4][f4a4F4A4][c'4c4C4] |[=E2e2] [g2G2][B4b4B,4][g4e4E4G4] |
[A,4A4a4][c2C2] [e2E2][a2A2A,2] | [a4A4A,4] [c2C2E2e2][A4a4A,4][e4c4C4E4] |[a4A4A,4][c4e4C4E4][A44A,44] |G,2 A,2B,2 |
=B,2C2 D2G4B4 |c2 |","['Country', 'Latin', 'Rock', 'Folk']",Latin,1,Choose the most probable genre label of the provided score.
Country_Oklahoma Country_Tim Rushlow_The Package (LP Version).abc,"X:1
M:3/4
L:1/16
K:C#m
[G2E2B,2E,2]A2 | [G4B4]<[B,4e4G4] B,2E2 | [cEA,A,,]BcA E8 | A,B,A,B,, [G2E,,2E,2E2]A2 [G2B2E2][E4e4G4] |E,2 B,4 [E2E2C2B2B,,2A,2B,,,2]>F,,2 |
[C12E12A,12B12B,,12B,,,12] | [G12E12B,12E,12] | [G4B,4E4] [D10B,10F10E,10] |F,2 [F8D8B,8]< [E8C8B,8A,8E,8] |
A2E2 | [E12B,12G12E,12] | [Aa][Gg][Ee][B,B] [E8G8B,8E,8] | [B4G4E4] [G8B,8E8]< [D8F8B,8E,8] |
[F,4D4B,4F4] | [A,8B,8E8C8E,8] [C4A4E4] | [C4F4E4] [B,8G8E,8E8] | [B,4G4E,4E4] [B4C4D,4F4] [B,2E2G2C,2]G,2 |
B,2E2 [B4G4] [G4E4B,4] | [F4C4D4B,,4] B,2D2 [B4F4] | [F,2F,2]D2 [B,2C2E2A,,2]E,2 A,2C2 | [A4C4E4] [A,4C4E4] [A,4E4C4B,,4] |
F,2A,2 [D4F,4B,4B,,4] [D4F4B,4] | [B,4G4E4] [G4E4B,4] [F4B,4] | [B4B,4F4] [B,4G4E4] [B,4E4G4] | [B,4G4E4] B,EG2 [C4E4A4] |
[c4E4] [E4G4B4] B,2E2 | [C4A4E4] [F4C4E4] [C4E4] | [D4F,4B,4] [G,4E4B,4] [B,4E4G4] | [F4B,4] [F4B4B,4] [B,4E4G,4] |
[G4E4e4] [E4G4d4] [G4e4E4] | [c4E4C4] [A4C4E4] [B4B,4E4] | [B,4E4] [A4C4E4] [F4C4A,4] | [E4C4A,4] [F,4D4B,4] [B,2G,2E2]B,2 |
E2B4B,2 GFE2 | [F2C2D2]B,2 F4<B4 | [B,4F4] [B,2E2G2]B,2 E4<B4 | B,4 [B,6D6F6B6] |
[B10B,10D10F10] | [Bb][Ff][Ee][Bb] [Ff][Ee][Bb][Ff] [Ee][Bb][Ff][Ee] | [Bb][Ff][Ee][Ff] [BB]FEB FEBF | EBFE BFEF [E4B,4G4B4] |
[E4G4B,4] [E4G4B,4] [GEB,]BG2 | [D4F4B,4] [D4F4B,4] [B,4D4F4] | [FDB,]BF2 [C4E4A,4] [A,4C4E4] | [A,4C4E4] [EA,C]BE2 [B,4G4E4] |
[B,4E4G4] [B,4E4G4] [aAa'][Ggg'][Eee'][B,Bb] | [G4E4B,4] [G4E4B,4] [E4G4B,4] | [GB,E]BG2 [F4B,4D4] [F4B,4D4] | [F4D4B,4] [FB,D]B[D2F2] [E4C4B,4] |
[E4C4B,4] [E4C4B,4A,4] [EA,B,C]AE2 | [E4G4B,4] [G4B,4E4] [B4G4E4B,4] | [B,4F4B4] [G4E4B,4] [B,4G4E4] | [B,4G4E4] B,EG2 [F4D4C4B,4] |
[F4C4D4] [F4C4B,4D4] B,DF2 | [C4B,4E4A,4] [C4E4B,4] [B,4E4A,4C4] | [A4A,4C4E4] [A,4C4F4E4] A,CE2 | [D4F4B,4] [B4D4F4B,4] [B,4G4E4] |
[G4E4B,4] [F4B,4] [B4B,4F4] | [B,4G4E4] [B,4E4G4] [B,4G4E4] | B,EG2 [C4E4A4] [c4E4] | [E4G4B4] B,2E2 [C4A4E4] |
[F4C4A,4] [C4E4A,4] [D4F,4B,4] | [G,4E4B,4] [B,4E4G4] [F4B,4] | [F4B4B,4] [B,4E4G,4] [G4E4e4] | [E4G4d4] [G4e4E4] [c4E4C4] |
[A4C4E4] [B4B,4E4] [B,4E4] | [A4C4E4] [F4C4A,4] [E4C4A,4] | [F,4D4B,4] [B,2G,2E2]B,2 E2B4 |B,2 GFE2 [F2C2D2]B,2 |
F4<B4 [B,4F4] | [B,2E2G2]B,2 E4<B4 | B,4 [B4B,4D4F4]>[B4F4D4B,4] | [bB][Ff][Dd][bB] [Ff][Dd][Bb][fF] [c'cc'][Ggg][fFf][c'cc'] |
[Ggg][fFf][c'cc'][Ggg] [^E8e8e8] | [C4^A4F4] [A4F4C4] [G4C4] | [c4C4G4] [C4^A4F4] [C4F4A4] | [C4^A4F4] CFA2 [D4F4B4] |
[d4F4] [F4^A4c4] C2F2 | [D4B4F4] [G4D4F4] [D4F4B,4] | [^E4G,4C4] [^A,4F4C4] [C4F4A4] | [G4C4] [G4c4C4] [C4F4^A,4] |
[^A4F4f4] [F4A4^e4] [A4f4F4] | [d4F4D4] [B4D4F4] [c4C4F4] | [C4F4] [B4D4F4] [G4D4F4B,4] | [F4D4B,4] [G,4^E4C4] [C4^A4F4] |
[^A4F4C4] [G4C4] [c4C4G4] | [C4^A4F4] [C4F4A4] [C4A4F4] | CF^A2 [D4F4B4] [d4F4] | [F4^A4c4] C2F2 [D4B4F4] |
[G4D4B,4] [D4F4B,4] [^E4G,4C4] | [^A,4F4C4] [A,4C4F4A4] [G4C4] | [G4c4C4] [C4F4^A,4] [A4F4f4] | [F4^A4^e4] [A4f4F4] [d4F4D4] |
[B4D4F4] [c4C4F4] [C4F4] | [B4D4F4] [G4D4F4] [F4D4] | [^E4C4] [B,,Cc'][GG][FF][^A,,Cc] [GG][FF][G,,Cc][GG] | [FF][CC,c][GG][FF] [Ccc][FF][^EE]C [c'cB,,c][GgG][FfF][cc'^A,,c] |
[GgG][FfF][c'cG,,c][gGG] [FfF][c'cD,c][gGG][fFF] [Cc'c][CFfF][^EeE][cCc] | [c'c''B,,c][g'gG][f'fF][c'c''^A,,c] [g'gG][f'fF][c'c''G,,c][gg'G] [ff'F][c'c''C,c][g'gG][ff'F] | [c''c'c][gg'G][ff'F][cc'] [c12f12F12^A,12C12F,,12c12c12f12f12] |","['Soul', 'Country', 'Latin', 'Ambient']",Country,1,Choose the most probable genre label of the provided score.
Country_Contemporary Country_Kenny Chesney_Me And You.abc,"X:1
M:3/4
L:1/16
K:Em
[G,0B,0D0G0B0G,,0][D2D,,2] | B2[G2B2g2] [A0F,0A,0F,,0D0F0A0]d4[G0F,0] | [E,0E,0G,0B,0D0E,,0]<[B,0B,,,0] D2[G2D2E2B2] [D,,2F,2D2F2F2D2B,2D,2F,,2D,2]B4 |E2 [E,0G,0C,,0G,0C,,0C0E0G0]<[C0C,0]D | [D,,4A,4G4A4G4A,4D,,4A,,4D,4] F4 [G,,4B,4G4B4D4D4G4B,4G,,4D,,4] |
B2G2 [A0D0F,,0A,0D0F0A0F,,0]<[d0A,,0] F,2[G0D0B,0A0f0] | [E,,6G,6D6E6E,,6B,,,6]GG [F0D0D,,0F,0B,0D0F0D,,0]<[B0F,,0] | D,2[E0C0G,0F0d0]< [C,,0G,0C0E0G0C,,0]G,,2 C,2[CGe]D | [B,0D0G,,0B,0G,,0D0G0B0]G4[G,2C2]D2 [D,,0A,0C0E0G0D,,0]A,,2 |
[G,2G2D,2][G2A2e2] [F0A0C0D,,0A,0D,,0C0D0F0] d2[c2D,2] | [G,,4B,4G4B4B4G4D4G,,4D,,4] B2G2 [D0A0F,,0A,0D0F0A0F,,0]<[d0A,,0] | F,2[D0G0B,0A0f0]< [E,,0E,0E,,0G,0B,0D0]GG | [F0D0D,,0B,0D0F0D,,0]<[B0F,,0] [A0D,0]<[A0F,0] [C,,6G,6E6G6G6C6E6C,,6G,,6C,6] |
EC [C0G,0D,,0A,0D,,0C0E0G0] D2G4[B,0D0G0D,0] | [G,,2B,2G2B2G,,2D,,2]D,2 G,2B,2 [G0C0E0D,,0E,0D,,0G,0A,0C0]A2 | [B2E2C2G2D,,2][c2D,2] [B0D0G0G,,0B,0D0G0B0G,,0]D,,2 B2[G2B2g2] | [D0A0F,,0A,0D0F0A0F,,0]<[d0A,,0] F,2[B,0D0G0A0f0]< [E,,0G,0B,0D0E,,0][B,0B,,,0] |
D2[G0E,0]G [F0D0D,,0F,0B,0D0F0D,,0]<[B0F,,0] D,2[G,0C0E0F0d0] | [C,,2G,2E2G2C,,2G,,2C,2]G,2 C2CD [G,,2B,2G2B2D2B,2G,,2D,,2]G4 |[C0G,0]D2 [D,,0A,0D,,0C0E0G0] [G2C2][E2D,2] | [D0F0D,,0C0D0F0D,,0]<[A0A,,0] [d0D,0]<[c0A,0] [G,,4B,4G4B4B4G4D4G,,4D,,4] |
B2G2 [A0D0F,,0A,0F,,0D0F0A0]d4[B,0D0G0F,0] | [E,,2G,2D2E2E,,2B,,,2]B,2 D2GG [D,,2F,2D2F2F2D2D,,2F,,2D,2]B2 | A2A2 [C,,8G,8E8G8C,,8C8G8E8G,,8C,8] | [C0A,0D,,0A,0D,,0C0E0G0] D2G4[D0B,0G0D,0] [G,,2B,2G2B2G,,2D,,2][D2D,2] |
[G,2G2][A,2A2] [B2B,2][D2d2] [g2G,2B2][D,2d2] | [e0c0G0C,0C,0G0G,0E0c0]< [e0e0g0][dC,][Gd] [B,,0B,,,0B0B,0G0d0] | [g2b2]B[EGc] [D,,0D,0C0E,0E0A,0G0]B[GEc] [A2c2e2][G,,0B,0G0g0B0d0B0D,,0][DGB] | G,,4 [D0A0B,,0G0B0d0g0B,,,0]GG2 [E0G0c0C,0C,0G0G,0E0c0]e2 |
[d2e2g2][dC,][dG] [B,,0B,,,0B0B,0G0d0]B2 [g2b2]AB | [A0C0D,,0D,0G0A,0A0E0c0] D2A,2 [D0e0g0a0]<[D,0A,0D0d0A0c0f0A,,0G0] [A,2F2C2D,2]E2 | [D2A,,2][F2A2d2f2B,,2D2B2] [E0G0c0C,0C,0G0G,0E0c0]e [eg]d[B,,,0B,0G0g0B0d0C,0] | [dGB,,]cB2>B2[G2B2g2B2] [F0D0c0D,,0D,0A0A,0F0d0]B[DFc] |
[f2a2][E,,0E,0B,0B0E0G0d0B0D,,0][BDG] E,,6[DEBdcB,,]B | [A,,4G,4D4A4B,4A,,4E,4E4G4B4d4] [^C0A,,0G,0A,0A,,0E,0E0G0A0c0]A2 [=C0E0A,,0G,0C0A,,0E0G0A0]C2 | E2[A0C0E0A0G0E,0]B [cEGA,,]BC2 [B0E0][AEA,CGA]A | [E0D,,0A,0C0D,0C0E,0E0A,0G0]< [G0A0c0e0]A,,2 [D0A,0F0D,0D,0F0A,0A0D0c0] |
[D2d2f2a2]<C2 [D0B,0G,0G,,0B,0G,,0D0G0B0] B2G2 | [D0A0F,,0A,0D0F0A0F,,0]<[d0A,,0] F,2[G0B,0D0A0f0]< [E,,0E,0E,,0G,0B,0D0] | G2G2 [F0D0D,,0F,0B,0D0F0D,,0]<[B0F,,0] D,2[C0E0G,0F0d0] | [C,,4G,4E4G4C,,4G,,4C,4] C2<C2 [G,,4B,4G4B4D4B,4G,,4D,,4] |
G2[A2C2]D2 [D,,0A,0C0E0G0D,,0]A,,2 [G0D,0][A2G2A2e2] | [D,,2C2F2A2F2C2D,,2A,,2D,2]E2 D4 [D0G0B,0G,,0B,0G,,0D0G0B0] | B2G2 [D0A0F,,0A,0F,,0D0F0A0]d4[G0B,0D0F,0] | [E,,0E,0E,,0G,0B,0D0]GE [B,0F0^D,,0F,0A,0B,0D0D,,0]<[B0F,,0] |
^D,2[A2D2F2B2] [C,,0C0E0G0G,0C,,0C0E0G0]C,2 | [D,,0C0G0A0C0G,0D,,0A,,0D,0] D4<G4 [B,2D2G2B2G,,2]D,,4 |[B2g2] [A,2D2F2A2F,,2]A,,2 F,2[A2f2] | [E,2G,2B,2D2E,,2]B,,,4[D2E2B2] [F,2B,2D2F2D,,2]F,,2 |
D,2[F2d2] [C,,8G,8E8G8G,,8C,8] | [B,2D2G2B2G,,2]D,,4[B4g4]< [A,4D,,4C4E4G4] |D,4< [A,4D,,4C4D4F4]D,2 | [G,,8B,8G8B8D,,8] [F,,8A,8F8A8A,,8F,8] |
[E,8E,,8G,8B,8D8] | [F,2A,2B,2^D2D,,2]F,,2 D,2[D2F2B2] [G,2C2E2G2C,,2]G,,2 | C,2[G2e2] [D,,0A,0C0E0G0D,,0]A,,2 D,2[D0G0B,0G0A0e0] | [G,,0B,0D0G0B0G,,0]<[D0D,0D,,0] [G2G,2][A0A,0B0g0] [B,2B2][d2D2] |
[g2G,2B2][D,2d2] [e0c0G0C,0C,0G0G,0E0c0]< [e0e0g0][B,,,0B,0G0g0B0d0d0C,0][Gd] | B,,6[G0B0g0B0][EGc] [D,,0D,0C0E,0E0A,0G0]B[GEc] | [A2c2e2][G,,0B,0G0g0B0d0B0D,,0][DGB] G,,4 [D0A0B,,0G0B,,,0B,0B0d0g0b0]G3 | [E0G0c0C,0C,0G0G,0E0c0]e2 [d2e2g2][G0B,,,0B,0B0d0g0d0C,0][dG] B,,2B2 |
GD[A0B,0]B [A0C0D,,0D,0G0A,0A0E0c0] D2A,2 [D0e0g0a0][A,,2G2] | [A,0F0C0D,0D,0a0]f[E0c0]A, [DA,,]D[B,,DBC]F, [E0G0c0C,0C,0G0G,0E0c0]e | [eg]dC,2 [dGB,,B,,,BB,Gd]cB2 [gb]BB2 | [F0D0c0D,,0D,0A0A,0F0d0]B[DFc] [f2a2][BD,,][BDG] [E,,0E,,0D0E,0E0B,0G0] |
[B2d2e2][cB,,]B [A,,0G,0D0A0D0E0G0B0A,,0]D2 [^C0A,,0G,0A,0A,,0E,0E0G0A0c0]A2 | [C0E0A,,0G,0C0A,,0E0G0A0]C2 E2[A0C0E0A0G0E,0]B [cEGA,,]BC2 | [B0E0][AEA,CGA]A [E0D,,0A,0C0D,0C0E,0E0A,0G0]< [G0A0c0e0]A,,2 | [D0A,0F0D,0D,0F0A,0A0D0c0] [D2d2f2a2]<C2 [D0B,0G,0G,,0B,0G,,0D0G0B0] |
B2G2 [D0A0F,,0A,0F,,0D0F0A0]d4[G0B,0D0F,0] | [E,,0G,0B,0D0E,,0]B,,,2 G2[G2E,2] [F0D0D,,0F,0B,0D0F0D,,0]<[B0F,,0] | D,2[C0E0G,0F0d0]< [C,,0G,0C,,0C0E0G0] CCC,2 | [D0B,0G,,0B,0G,,0D0G0B0] G2[A2C2]D2 [D,,0C0E0G0D,,0]A,,2 |
[G0D,0][A2A,2] [F0C0D,,0A,0C0D0F0D,,0]<[E0A,,0] [D2D,2][F2A2d2] | [D0G0B,0G,,0B,0G,,0D0G0B0] B2G2 [D0A0F,,0A,0F,,0D0F0A0]d4 |[G0B,0D0F,0] [E,,6G,6D6E6E,,6B,,,6]GE | [B,0F0^D,,0F,0D,,0A,0B,0D0]B4[A2D,2] [C,,0C0E0G0G,0C0E0G0C,,0]G,,2 |
C,2[G2e2] [C0G,0D,,0A,0C0E0G0D,,0] D2[G0A,,0] D,2[G0G0A0e0] | [G,,2B,2G2B2G,2D,,2]B,2 D2B2 [A0F,0A,0D0F0A0F,,0]<[d0A,,0] | F,2[G0A0f0] [E,,2G,2D2E2E,2B,,,2]B,2 D2G2 | [F0D0B,0D,0F,0B,0D0F0D,,0]<[B0F,,0] D,2[F2F2d2] [E0C0C,,0G,0C,,0C0E0G0][D2F2] |
[E2G2][A2F2C,2] [D,,0C0G0A0C0A,0D,,0A,,0D,0] D2G4[D2G2B,2] | [G,,16B,16G16B16G,,16D,,16] | [G10G,,10B,10D10] |G2g2 B2 D,,2d0b2 B0< [g0G,,0] G,d'13 |","['Classical', 'Electronic', 'Soul', 'Country']",Country,3,Choose the most probable genre label of the provided score.
Country_Country_Tammy Wynette_Kids Say The Darndest Things.abc,"X:1
M:3/4
L:1/16
K:Em
[G,,G,] [C,4C4] [B,0B,,0] | [A,,4A,4] [^G,4G,,4] [=G,3G,,3] |[G,G,,] [=F,4F,,4] [E,4E,,4] | [D,,4D,4] C,,4 [C2G,2E2]>[E2C2G,2] | G,,4 [C4E4G,4] C,,4 [E3G,3C3] |
[ECG,] G,,2>G,2 [G,4C4E4] | D,,4 [D2A,2=F2]>[D2A,2F2] A,,4 | [A,4D4=F4] D,,2>A,2 [A,3D3F3][A,2D2F2] | A,,4 [A,4D4=F4] D,,2>A,2 [A,3D3^F3] |
[FDA,] A,,2>A,2 [D4F4A,4] | D,,2>A,2 [F2D2A,2]>[A,2D2F2] A,,2>A,2 | [F4A,4D4] G,,2>G,2 [=F2D2B,2G,2]>[G,2B,2D2F2] | D,,4 [D4B,4G,4=F4] G,,2>G,2 [B,3F3G,3D3] |
G, [G,4B,4D4=F4G,,4] [^C4^A,4E4^F,,4] | =F,,4 [C2A,2F2]>[C2A,2F2] C,,4 | [=F4C4A,4] F,,4 [C2A,2F2]>[F2C2A,2] | =F,,2>A,2 [F4C4A,4] [E4C4G,4C,,4] |
[E4C4G,4C,4] [B,4B,,4^D4] [^A,0=D0A,,0] =A,,4 | [A,2E,2^C2]>[E,2A,2C2] E,,2>A,2 [E4C4] | D,,4 [D2A,2F2]>[D2F2A,2] | A,,4 [D4F4A,4] D,,2>A,2 |
[D2F2A,2]>[D2A,2F2] A,,2>A,2 [A,4F4D4] [B,19G,19D19=F19G,,19] |[G,,G] =F,,4 F4 | [E4E,,4] [D0D,,0] C,,2>G,2 [E3C3G,3] |[G,EC] G,,4 [C4G4E4] C,,4 |
[C2E2G,2]>[C2E2G,2] G,,2>C2 [E4C4G4] | [D0D,,0] [=F2D2A2]>[F2D2A2] A,,4 | [A4=F4D4] D,,4 [F3A3D3] |[=FAD] A,,4 [F4D4A4] |
D,,4 [F2A2D2]>[A2D2F2] A,,4 | [A4F4D4] D,,4 [D2F2A2]>[F2D2A2] A,,4 | [A4F4D4] G,,4 [B,3D3G3] |[DGB,] D,,4 [D4G4B,4] |
G,,4 [D4B,4G4] [B,4G4G,,4D4] | [F,,4^C4^A,4F4] =F,,4 [=C2F2=A,2]>[C2A,2F2] C,,4 | [C4=F4A,4] F,,4 | [C2=F2A,2]>[C2A,2F2] F,,4 [A,4F4C4] [C4G,4E4C,,4] |
[G,4C,4E4C4] [^D0B,0B,,0]< [^A,0=D0] | ^A,,4 [=A,4^C4A,,4] [A,2E,2C2]>[E,2A,2C2] | A,,4 [E,4^C4A,4] D,,4 | [D2F2A,2]>[F2D2A,2] A,,4 [F4A,4D4] D,,4 |
[D2F2A,2]>[D2F2A,2] A,,4 [A,4D4F4] | [D19B,19=F19G,,19] |[GG,,] | [=F4F,,4] [E,,4E4] [D7D,,7] |
[^GG,,] [F4F,,4] [=F4F,,4] | [^D4D,,4] ^C,,2>^G,2 [=F2C2G,2]>[G,2F2C2] | ^G,,4 [^C4G4=F4] C,,4 | [^C2=F2^G,2]>[C2F2G,2] G,,2>C2 [F4C4G4] [^D0D,,0] |
[F2^D2^A2]>[F2D2A2] A,,4 [A4F4D4] | ^D,,4 [F2^A2D2]>[F2A2D2] A,,4 | [F4^D4^A4] D,,4 [G3A3D3] |[^A^DG] A,,4 [A4G4D4] D,,4 |
[^D2G2^A2]>[G2D2A2] A,,4 | [^A4G4^D4] ^G,,4 [C2D2G2]>[D2G2C2] | ^D,,4 [D4^G4C4] G,,4 | [^D4C4^G4] [C4G4G,,4D4] [=G,,4=D4B,4G4] F,,4 |
[^C2F2^A,2]>[C2A,2F2] C,,4 | [^C4F4^A,4] F,,4 [C2F2A,2]>[C2A,2F2] F,,4 | [^A,4F4^C4] [C4^G,4=F4C,,4] [G,4C,4F4C4] | [E0C0C,0]< [B,0^D0] B,,4 [^A,4=D4A,,4] |
[^A,2=F,2D2]>[F,2A,2D2] A,,4 [F,4D4A,4] | ^D,,4 [D2G2^A,2]>[G2D2A,2] | ^A,,4 [G4A,4^D4] D,,4 [D3G3A,3] |[^DG^A,] A,,4 [A,4D4G4] |
[^D19C19F19^G,,19] |[^GG,,] [F4F,,4] [=F,,4F4] | [^D7D,,7][AA,,] | [G4G,,4] [F4F,,4] [E4E,,4] |
D,,2>A,2 [F2D2A,2]>[A,2F2D2] A,,4 [D4A4F4] | D,,4 [D2F2A,2]>[D2F2A,2] | A,,2>D2 [F4D4A4] [E0E,,0] | [G2E2B2]>[G2E2B2] B,,4 [B4G4E4] |
E,,4 [G2B2E2]>[G2B2E2] B,,4 [G4E4B4] | E,,4 [^G2B2E2]>[B2E2G2] | B,,4 [B4^G4E4] E,,4 [E3G3B3] |[^GEB] B,,4 [B4G4E4] |
A,,4 [^C2E2A2]>[E2A2C2] E,,4 | [E4A4^C4] A,,4 [E4C4A4] | [^C4A4A,,4E4] [^G,,4^D4=C4G4] =G,,4 | [D2G2B,2]>[D2B,2G2] D,,4 [D4G4B,4] |
G,,4 [D2G2B,2]>[D2B,2G2] G,,4 [B,4G4D4] | [D4A,4F4D,,4] [A,4D,4F4D4] [=F0^C0C,0] | [C0E0] C,4 [B,4^D4B,,4] [B,3F,3D3] |[F,B,^D] B,,4 [F,4D4B,4] |
E,,4 [E2^G2B,2]>[G2E2B,2] B,,4 | [^G4B,4E4] E,,4 [E2G2B,2]>[E2G2B,2] | B,,4 [B,4E4^G4] [E19^C19=G19A,,19] |[AA,,] [G4G,,4] [F,,4F4] [E4E,,4] |
D,,2>A,2 [F2D2A,2]>[A,2F2D2] | A,,4 [D4A4F4] D,,4 | [D2F2A,2]>[D2F2A,2] A,,2>D2 [F4D4A4] [E0E,,0] | [G2E2B2]>[G2E2B2] B,,4 [B4G4E4] |
E,,4 [G2B2E2]>[G2B2E2] B,,4 | [G4E4B4] E,,4 [^G3B3E3] |[BE^G] B,,4 [B4G4E4] E,,4 | [E2^G2B2]>[G2E2B2] B,,4 |
[B4^G4E4] A,,4 [^C2E2A2]>[E2A2C2] | E,,4 [E4A4^C4] A,,4 | [D4B,4A4] [^C4A4A,,4E4] [^G,,4E4C4A4] | D,,2>A,2 [F2D2A,2]>[A,2F2D2] A,,4 [D4A4F4] |
D,,4 [D2F2A,2]>[D2F2A,2] | A,,2>D2 [F4D4A4] [E0E,,0] | [G2E2B2]>[G2E2B2] B,,4 [B4G4E4] | E,,4 [G2B2E2]>[G2B2E2] B,,4 [G4E4B4] |
E,,4 [^G2B2E2]>[B2E2G2] | B,,4 [B4^G4E4] E,,4 [E3G3B3] |[^GEB] B,,4 [B4G4E4] | A,,4 [^C2E2A2]>[E2A2C2] E,,4 |
[E7A7^C7][AA,,] [G4G,,4] [F,,4F4] | [E4E,,4] D,,2>A,2 [F3D3A,3] |[A,FD] A,,4 [D4A4F4] D,,4 | [A,4^C4E4] [D,,2A,2D2F2] |","['Country', 'Soul', 'Blues', 'Jazz']",Country,0,Choose the most probable genre label of the provided score.
Country_Contemporary Country_Morgan_Il Mio Mondo.abc,"X:1
M:3/4
L:1/16
K:Bb
C,,2C,2 G,4<[E4C4] | C,,2C,2 G,4<[E4C4] | F,,2A,2 C4<[A,4F4] | F,,2A,2 C4<[F4A,4] |
B,,2_A,2 C4<[E4A,4] | B,,2F,2 B,4<[F,4D4] | E,,2E,2 [E4B,4C4]<[B,4E4C4G4] | E,,2E,2 C4<[E4B,4G4] |
C,,2C,2 G,2[E4C4]G,2 | G,,2G,2 B,4<[G,4D4] | _A,,2A,2 C2[E2A,2] A,,4 | [C,4G,4B,4=E4]>C,,4 C,2G,2 |
F,,2_A,2 C2F4A,2 | B,,4 F,2[_A,4B,4D4]F,2 | E,,2>E,2 G,2[E4B,4]E,2 | [C6G,6F6D,,6][F,6=B,6F6G,,6] |
C,,2C,2 G,4<[E4C4] | C,,2C,2 G,4<[E4C4] | F,,2A,2 C4<[A,4F4] | F,,2A,2 C4<[F4A,4] |
B,,2_A,2 C4<[E4A,4] | B,,2F,2 B,4<[F,4D4] | E,,2E,2 [E4B,4C4]<[B,4E4C4G4] | E,,2E,2 C2[E12B,12G12] |
E12e12 |F12f12 |G12g11 |_A12a11 |
B12b11 |=B13b12 |c18c'17 | C,,2C,2 G,2=E2 C2G,2 |
A,,2G,2 C2=E2 C2G,2 | F,,2F,2 A,2[D2F,2A,2] A,,2F,,2 | D,,2F,2 A,2[A,2F,2D2] =E,,2F,,2 | G,,2A,2 C2[A,2D2C2F2] G,,2A,2 |
G,,2G,2 =B,2[G,2F2B,2] G,,2G,2 | C,,2[G,2=E2] CC,[A,2G,2E2] C2G,2 | C,,2[G,2C2=E2]>C,2[G,2C2E2] C,2G,2 | [A,4F4C4F,,4] A,2[A,2F2] F,,2C2 |
[A,4F4D4F,,4] A,2[A,2F2D2] F,,2A,2 | [G,4=E4G,,4] G,2[G,2E2C2] G,,2<G,2 | [_A,4F4A,,4] A,2[A,2C2F2] A,,2C2 | [G,,4G,4=E4] C2G,,2 G,2C2 |
[G,4D4G,,4] =B,2[G,2D2] B,2G,,2 | [G,4E4C,,4] C,2[G,2E2] C2G,2 | C,,2C,2 G,2[G,2E2] C2G,2 | [A,4F4F,,4] A,2[A,4E4F4]C2 |
F,,2A,2 C4<[F4A,4C4E4] | [_A,4B,,4E4]>C4 A,2B,,2 | [F,4D4] B,2B,,2 F,2B,2 | [E4G,4E,,4] B,2[G,4E4][G,2B,2] |
E,,2E,2 G,2[E2G,2] B,2E,8 |E12e12 |F12f12 |G12g11 |
_A12a11 |B12b11 |=B13b12 |c18c'17 |
C,,2C,2 G,2=E2 C2G,2 | A,,2G,2 C2=E2 C2G,2 | F,,2F,2 A,2[D2F,2A,2] A,,2F,,2 | D,,2F,2 A,2[A,2F,2D2] =E,,2F,,2 |
G,,2A,2 C2[A,2D2C2F2] G,,2A,2 | G,,2G,2 =B,2[G,2F2B,2] G,,2G,2 | C,,2[G,2=E2] CC,[A,2G,2E2] C2G,2 | C,,2[G,2C2=E2]>C,2[G,2C2E2] C,2G,2 |
[A,4F4C4F,,4] A,2[A,2F2] F,,2C2 | [A,4F4D4F,,4] A,2[A,2F2D2] F,,2A,2 | [G,4=E4G,,4] G,2[G,2E2C2] G,,2<G,2 | [_A,4F4A,,4] A,2[A,2C2F2] A,,2C2 |
[G,,4G,4=E4] C2G,,2 G,2C2 | [G,2D2G,,2][G,D]G,, [G,2=B,2D2][G,2B,2D2G,,2] [G,B,D]G,,[D2G,2B,2] | [G,,2=E2G,2C2]>G,,2 [C2G,2][G,2C2E2] G,,2[C2G,2] | [=B,2D2G,2][DG,B,]G,, [B,2D2G,2][D2G,2B,2G,,2] [G,2G,,2B,2D2][G,,2G,2B,2D2] |
[D,12G,12G,,,12] | G,,4 G,,2G,,4G,,2 | G,,4 G,,2G,,4G,,2 | C,,2C,2 G,2=E2 C2G,2 |
A,,2G,2 C2=E2 C2G,2 | F,,2F,2 A,2[D2F,2A,2] A,,2F,,2 | D,,2F,2 A,2[A,2F,2D2] =E,,2F,,2 | G,,2A,2 C2[A,2D2C2F2] G,,2A,2 |
G,,2G,2 =B,2[G,2F2B,2] G,,2G,2 | C,,2[G,2=E2] CC,[A,2G,2E2] C2G,2 | C,,2[G,2C2=E2]>C,2[G,2C2E2] C,2G,2 | C,,2C,2 G,2=E2 C2G,2 |
A,,2G,2 C2=E2 C2G,2 | F,,2F,2 A,2[D2F,2A,2] A,,2F,,2 | D,,2F,2 A,2[A,2F,2D2] =E,,2F,,2 | G,,2A,2 C2[A,2D2C2F2] G,,2A,2 |
G,,2G,2 =B,2[G,2F2B,2] G,,2G,2 | C,,2[G,2=E2] CC,[A,2G,2E2] C2G,2 | C,,2[G,2C2=E2]>C,2[G,2C2E2] C,2G,2 | [G,12C12=E12C,,12C,12] |","['Rap', 'Jazz', 'Ambient', 'Country']",Country,3,Choose the most probable genre label of the provided score.
Country_Canadian Country_Shania Twain_Forever And For Always.abc,"X:1
M:3/4
L:1/16
K:D#m
[A,CGF,,CFA]F,A,F2F,E2 | A,F,,F,[F2A,2][F,2D2]F, [B,2D2G2B,,2D2F2B2]F,2<[B,2D2F2] |[D2B,2] [B,,2F,2][CDFB,][C2B,2D2F2][B,CC,DF]F,[CB,] | [A,CGF,,CFA]F,A,F2F,E2 A,F,,F,[F2A,2] |[F,2D2]F, [B,2D2G2B,,2D2F2B2]F,2<[B,2D2F2][D2B,2] |
[B,,2F,2][CDFB,][C2B,2D2F2][B,CC,DF][F,B,DF][CB,] [C,CEG]G,CE2 |C,G,[CB,DFG] G,,F,B,3D2G,,F,2 | [B,,2D2F2]B,[F2B,2][B,F]B,,[B,D] B,,2B,[B,F] | B,,DB,,2 [F3B3D3][C91F91A91] |
D,E, F,7G,13 | F,10D,E, | F,7G,13 | F,10 |
B,C D6 |C7A,G,A,33 | [B,5D5] |[C2F2][C25E25] |
[B,5D5][C2F2][C9E9] | [A,16C16F16] | [F8G,8C8] E8 | [A,CGF,,CFA]F,A,F2F,E2 |
A,F,,F,[F2A,2][F,2D2]F, [B,2D2G2B,,2D2F2B2]F,2<[B,2D2F2] |[D2B,2] [B,,2F,2][CDFB,][C2B,2D2F2][B,CC,DF]F,[CB,] | [A,CGF,,CFA]F,A,F2F,E2 A,F,,F,[F2A,2] |[F,2D2]F, [B,2D2G2B,,2D2F2B2]F,2<[B,2D2F2][D2B,2] |
[B,,2F,2][CDFB,][C2B,2D2F2][B,CC,DF][F,B,DF][CB,] [C,CEG]G,CE2 |C,G,[CB,DFG] G,,F,B,3D2G,,F,2 | [B,,2D2F2]B,[F2B,2][B,F]B,,[B,D] B,,2B,[B,F] | B,,DB,,2 [F3B3D3][C157F157A157] |
[B,8F,8D8] | [G,24E,24C24] | [B,8F,8D8] | [G,24E,24C24] |
[D7F,7B,7][CC] [G,40E,40] | [B,5D5][C2F2][C25E25] | [B,5D5] |[C2F2][C9E9] |
[A,16C16F16] | [F8G,8C8] | E8 [A,CGF,,CFA]F,A,F2 |F,E2 A,F,,F,[F2A,2][F,2D2]F, |
[B,2D2G2B,,2D2F2B2]F,2<[B,2D2F2][D2B,2] [B,,2F,2][CDFB,][C2B,2D2F2] |[B,CC,DF]F,[CB,] [A,CGF,,CFA]F,A,F2F,E2 | A,F,,F,[F2A,2][F,2D2]F, [B,2D2G2B,,2D2F2B2]F,2<[B,2D2F2] |[D2B,2] [B,,2F,2][CDFB,][C2B,2D2F2][B,CC,DF][F,B,DF][CB,] |
[C,CEG]G,CE2C,G,[CB,DFG] G,,F,B,3D2 |G,,F,2 [B,,2D2F2]B,[F2B,2][B,F]B,,[B,D] | B,,2B,[B,F] B,,DB,,2 [A,CGF,,FF]F,A,[F2C2C2F2A2A2] |F,E2 A,F,,F,[F2A,2][F,2D2]F, |
[B,2D2G2B,,2D2F2B2]F,2<[B,2D2F2][D2B,2] [B,,2F,2][CDFB,][C2B,2D2F2] |[B,CC,DF]F,[CB,] [A,CGF,,CFA]F,A,F2F,E2 | A,F,,F,[F2A,2][F,2D2]F, [B,2D2G2B,,2D2F2B2]F,2<[B,2D2F2] |[D2B,2] [B,,2F,2][CDFB,][C2B,2D2F2][B,CC,DF][F,B,DF][CB,] |
[C,CEG]G,CE2C,G,[CB,DFG] G,,F,B,3D2 |G,,F,2 [B,,2D2F2]B,[F2B,2][B,F]B,,[B,D] | B,,2B,[B,F] B,,DB,,2 [C,CEG]G,CE2 |C,G,[CB,DFG] G,,F,B,3D2G,,F,2 |
[F3B3D3][C29F29A29] | [A4d4f4] | [G2c2e2][F4B4d4][F22A22c22] | [F8G8c8] |
E8 [D3B3][F13F13C13A13] | [A4d4f4] [G2c2e2][F4B4d4][F22A22c22] | [F8G8c8] | E8 |","['Country', 'Ambient', 'Classical', 'Electronic']",Country,0,Choose the most probable genre label of the provided score.
Country_Classic Country Pop_Roy Drusky_A Thousand Ways.abc,"X:1
M:3/4
L:1/16
K:D
[d2G,,2]B3 |GD12 |B,2 D2G4B2 | d4 [A,2G,,2D2]B,2 A,2G,12 |D,2 |
A,2[D10F10] | [A,32D32F32] | [A,10D10F10] |[A,6D6F6] |
[G,10B,10D10][G,6B,6D6] | [G,4B,4D4] [G,14B,14D14] |G,,2 | B,2G4D8 |
G,,2 B,2[D10G10] | [A,16D16F16] | [A,10D10F10] |[A,6D6F6] |
[A,16D16F16] | [A,18D18F18] |G,,2 | B,2[D10G10] |
[D20G,20B,20] | [D2A,2]B,4 |A,2 G,4 [G,10B,10D10] |[G,6B,6D6] |
[A,16D16F16] | [A,32D32F32] | [D2F2A2]D,2 F,2A,10 | [G,10B,10D10] |
[G,8B,8D8]G,,2 | D2[G16B16] |D2 [A2d2]B2 | A2G2 [G,10B,10D10] |
[G,4B,4D4]> [D4F4A4]D,2 | F,2A,12 |D,2 A,2[D16F16] |A,2 |
[E2A2]F2 E2D2 [F,10A,10D10] |[F,A,D] |","['Ambient', 'Country', 'Blues', 'Jazz']",Country,1,Choose the most probable genre label of the provided score.
Country_Nashville Sound_Floyd Cramer_Can You Feel The Love Tonight (From The Lion King).abc,"X:1
M:3/4
L:1/16
K:Bb
[B,,8B,8D8F8F,8] | B,4 D4 | [F,8A,8A,,8C8] [A,2C2]F2 | c4 [G8B8E8B,8G,,8] | [E,4B,4] B4 [F,8D8F8F,,8B,,8] |
[F,4B,4] D4 | [B,8E,,8G,8E8] G,2B,2 | E4 [F,4B,4D4D,,4] F,4 | [F,4B,4D4] [F,4B,,4] [F8F,8A,,8C8A,8] |
[B,,8F,8F8B,8D8] | [E8B,8G,8C,,8F8] [B,8D,,8F8D8] | [E,8B,8G,8E,,8] | E,8 [D,8F,8B,8D,,8] |
F,2B,2 F4 | [E,8B,8G,8E,,8] E,8 | [D,8F,8B,8D,,8] | F,2B,2 F4 [E,8B,8G,8E,,8] |
[E,8G,8B,8] | [D,8F,8B,8D,,8] [D,8F,8B,8] | [E,8B,8G,8C,,8] | [E,8B,8G,8] [F,8A,8C8F,,8] |
F,2A,2 C2F2 | [E,,8E,8G,8B,8E8] [E,8G,8B,8] | [D,,8D,8F,8B,8] | F,2B,2 F4 [E,,8E,8G,8B,8E8] |
[E,8G,8B,8] | [D,,8D,8F,8B,8] F,2B,2 | D2F2 [E,8E8G,8B,8E,,8] | [E,8E8B,8G,8] [G8G,8B,8D8G,,8] |
[G,8B,8D8] | [_A,8C8E8A8A,,8] [A,8A8E8C8] | [F,8A,8C8F8F,,8] | C2F2 c4 [F,4D4B,4F4B,,4] |
F,4 [F,4F4D4B,4] F,4 | [F,8A,8C8F8A,,8] [F,4F4C4A,4] | F,4 [G,4B,4D4F4G,,4] G,4 | [G,4B,4D4F4] G,4 [G4E4B,4G,4E,,4] |
E,2G,2 B,2E2 G2B2 | [F,4B,4D4F4B,,4] F,4 [F,4B,4F4D4] | F,4 [E,4E4B,4G,4E,,4] E,4 | [=E,8E8G,8C8E,,8] [C8F8F,,8F,8A,8] |
F,2A,2 C2F2 | F4 F,4 [C8F8F,,8F,8A,8] | [G,4E4B,4E,,4E,4] G,2E,,2 | [E,4G,4B,4E4] G,4 [F,4B,4D4D,4D,,4] |
F,4 [F,4B,4D4] F,2D,2 | [G,4B,4G,,4D4] G,4 [F,,8F,8A,8C8] | [G,4E4B,4E,,4E,4] G,2E,,2 | [G,4E,4E4B,4] G,2E,2 [C,,8B,8G,8C,8E8] |
[A,4C4D,4D,,4F4] A,4 | [B,8E,8E8G8E,,8] [G8=E,,8G,8C8E8E,8] | [A,4C4F,4F4F,,4] A,4 | F,2A,2 C2F2 F4 |
C2F2 G4<A4 | [F,4D4B,4F4B,,4] F,4 [F,4B4d4f4] | F,4 [F,8A,8C8F8A,,8] | [F,4F4C4A,4] F,4 [G,4B,4D4F4G,,4] |
G,4 [G,4B,4D4F4] G,4 | [G4E4B,4G,4E,,4] E,2G,2 B,2E2 | G2B2 [F,4B,4D4F4B,,4] F,4 | [F,4B,4F4D4] F,4 [E,4E4B,4G,4E,,4] |
E,4 [=E,8E8G,8C8E,,8] | [C8F8F,,8F,8A,8] F,2A,2 | C2F2 F4 F,4 | [C8F8F,,8F,8A,8] [G,4E4B,4E,,4E,4] |
G,2E,,2 [E,4G,4B,4E4] G,4 | [F,4B,4D4D,4D,,4] F,4 [F,4B,4D4] | F,2D,2 [G,4B,4G,,4D4] G,4 | [F,,8F,8A,8C8] [G,4E4B,4E,,4E,4] |
G,2E,,2 [G,4E,4E4B,4] G,2E,2 | [C,,8B,8G,8C,8E8] [A,4C4D,4D,,4F4] | A,4 [B,8E,8E8G8E,,8] | [F,8F,,8C8A,8F8] [G,8B,8E8B,,,8B,,8] |
G,4 [G4E4] | [B,16D16F16] | [B,8D8F8F,8] | [B,2D2]F2 B2d2 [c8F,8A,8A,,8C8] |
[A,8C8] | [G8B8E8B,8G,,8] [B,4G,4] | B4 [F,8D8F8F,,8B,,8] | [F,4B,4] D4 [B,8E,,8G,8E8] |
G,2B,2 E4 | [F,4B,4D4D,,4] F,4 [F,4B,4D4] | [F,4B,,4] [F8F,8A,,8C8A,8] | [B,,8F,8F8B,8D8] [E8B,8G,8C,,8F8] |
[B,8D,,8F8D8] | [E,8B,8G,8E,,8] E,8 | [D,8F,8B,8D,,8] | F,2B,2 F4 [E,8B,8G,8E,,8] |
E,8 | [D,8F,8B,8D,,8] F,2B,2 | D4 [E,8B,8E8G,8E,,8] | E,8 [D,8F,8B,8D,,8] |
[D,8F,8B,8] | [E,8B,8G,8C,,8] [E,8B,8G,8] | [F,8A,8C8] | [F,,2F,2]C2 F4 [E,,8E,8G,8B,8E8] |
[E,8G,8B,8] | [D,,8D,8F,8B,8] F,2B,2 | F4 [E,,8E,8G,8B,8E8] | [E,8G,8B,8] [D,,8D,8F,8B,8] |
F,2B,2 D2F2 | [E,8E8G,8B,8E,,8] [E,8E8B,8G,8] | [G8G,8B,8D8G,,8] | [G,8B,8D8] [_A,8C8E8A8A,,8] |
[_A,8A8E8C8] | [C4A4F4F,,4F,4] C2F,,2 [C4F,4A4F4] | C2F,2 [B4F4] C2F,,2 | [c8C8F,8F8] [F,4D4B,4F4B,,4] |
F,4 [F,4F4D4B,4] F,4 | [F,8A,8C8F8A,,8] [F,4F4C4A,4] | F,4 [G,4B,4D4F4G,,4] G,4 | [G,4B,4D4F4] G,4 [G4E4B,4G,4E,,4] |
E,2G,2 B,2E2 G2B2 | [F,4B,4D4F4B,,4] F,4 [F,4B,4F4D4] | F,4 [E,4E4B,4G,4E,,4] E,4 | [=E,8E8G,8C8E,,8] [C8F8F,,8F,8A,8] |
F,2A,2 C2F2 | F4 F,4 [C8F8F,,8F,8A,8] | [G,4E4B,4E,,4E,4] G,2E,,2 | [E,4G,4B,4E4] G,4 [F,4B,4D4D,4D,,4] |
F,4 [F,4B,4D4] F,2D,2 | [G,4B,4G,,4D4] G,4 [F,,8F,8A,8C8] | [G,4E4B,4E,,4E,4] G,2E,,2 | [G,4E,4E4B,4] G,2E,2 [C,,8B,8G,8C,8E8] |
[A,4C4D,4D,,4F4] A,4 | [B,8E,8E8G8E,,8] [G8=E,,8G,8C8E8E,8] | [A,4C4F,4F4F,,4] A,4 | F,2A,2 C2F2 F4 |
C2F2 G4<A4 | [F,4D4B,4F4B,,4] F,4 [F,4B4d4f4] | F,4 [F,8A,8C8F8A,,8] | [F,4F4C4A,4] F,4 [G,4B,4D4F4G,,4] |
G,4 [G,4B,4D4F4] G,4 | [G4E4B,4G,4E,,4] E,2G,2 B,2E2 | G2B2 [F,4B,4D4F4B,,4] F,4 | [F,4B,4F4D4] F,4 [E,4E4B,4G,4E,,4] |
E,4 [=E,8E8G,8C8E,,8] | [C8F8F,,8F,8A,8] F,2A,2 | C2F2 F4 F,4 | [C8F8F,,8F,8A,8] [G,4E4B,4E,,4E,4] |
G,2E,,2 [E,4G,4B,4E4] G,4 | [F,4B,4D4D,4D,,4] F,4 [F,4B,4D4] | F,2D,2 [G,4B,4G,,4D4] G,4 | [F,,8F,8A,8C8] [G,4E4B,4E,,4E,4] |
G,2E,,2 [G,4E,4E4B,4] G,2E,2 | [C,,8B,8G,8C,8E8] [A,4C4D,4D,,4F4] | A,4 [B,8E,8E8G8E,,8] | [F,8F,,8C8A,8F8] [B,,,4B,,4B,4E4] |
G,4 [B,,,4B,,4B,4E4] G,4 | [B,,,4B,,4B,4D4F4] D4 B,4 | F,4 [G,4B,4E4E,4E,,4] G,4 | [E4B,4] G,4 [F,4B,4D4D,4D,,4] |
F,4 F,2B,2 F4 | [G,4B,4D4G,,4] G,4 [F,,8F,8A,8C8] | [B,8E8G,8E,8E,,8] | [E4B,4] G,4 [G,4B,4C,,4E4C,4] |
G,4 [A,4D,,4D,4C4F4] A,4 | [B,8G8E,,8E,8E8] [A,4F,4F,,4C4F4] | A,4 [G,4E4B,4B,,,4B,,4] G,2B,,,2 | [G,2B,,2]B,2 E4 B,,, F, B,0D9 |","['Jazz', 'Country', 'Rap', 'Classical']",Country,1,Choose the most probable genre label of the provided score.
Country_Irish Country_Dominic Kirwan_Love Grows Where My Rosemary Goes.abc,"X:1
M:3/4
L:1/16
K:Bm
[A,,,2A,2][A,,,A,][A,,,A,] [=C,,C][^C,,C][E,,4E4][E,,2E2] | [^E,,E][F,,F][A,,2A2] [A,,,2A,2][A,,,A,][A,,,A,] [=C,,C][^C,,C][=E,,4E4] |[E,,2E2] [^E,,E][F,,F][A,,2A2] [A,,,2A,2][A,,,A,][A,,,A,] | [A,,,2C2][A,,,2E2] A,,,2[A,,,2E2] [A,,,2F2][A,,,2A2] |
[A,,,2A,2A2][A,,,A,A][A,,,A,A] [A,,,2C2c2][A,,,2E2e2] A,,,2[A,,,2E2e2] | [A,,,2F2f2][A,,,2A2a2] [A,,,2A,2C2E2]A,,,2 [A,,,2A,2C2F2]A,,,2 | [A,,,2A,2C2E2]A,,,2 [A,,,2C2F2A,2]A,,,A,,, [F,,,2A,2C2E2]F,,,2 | [F,,,2A,2C2F2]F,,,2 [F,,,2C2A,2E2]F,,,2 [F,,,2A,2C2F2]F,,,2 |
[D,,2A,2D2F2]D,,2 [D,,2A,2F2D2]D,,[A,DF] [D,,2A,2D2F2]D,,2 | [D,,2F2A,2D2]A,,,A,,, [D,,2A,2F2D2]D,,2 [D,,2D2F2A,2]D,,[A,DF] | [D,,2A,2D2F2]A,,,2 [D,,2F2D2A,2]D,,2 [A,,,2A,2E2C2]A,,,2 | A,,,2A,,,A,,, [C,,2F2^G,2C2]C,,2 C,,2C,,C,, |
[F,,2C2A,2F2]F,,2 F,,2F,,F,, [A,,,2E2C2A2]A,,,2 | A,,,2A,,,2 [D,,2F2A,2D2]D,,2 [D,,2A,2D2F2]D,,D,, | [D,,2D2F2A,2]D,,2 [D,,2A,2D2F2]D,,D,, [E,,2B,2E2^G2]E,,2 | E,,2E,,2 E,,2[E,,2B,2E2^G2] [E,,2B,2E2G2][E,,2B,2E2G2] |
[A,,,2A,2C2E2]A,,,2 [A,,,2A,2C2F2]A,,,2 [A,,,2A,2C2E2]A,,,2 | [A,,,2C2F2A,2]A,,,A,,, [F,,,2A,2C2E2]F,,,2 [F,,,2A,2C2F2]F,,,2 | [F,,,2C2A,2E2]F,,,2 [F,,,2A,2C2F2]F,,,2 [D,,2A,2D2F2]D,,2 | [D,,2A,2F2D2]D,,[A,DF] [D,,2A,2D2F2]D,,2 [D,,2F2A,2D2]A,,,A,,, |
[D,,2A,2F2D2]D,,2 [D,,2D2F2A,2]D,,[A,DF] [D,,2A,2D2F2]A,,,2 | [D,,2F2D2A,2]D,,2 [A,,,2A,2E2C2]A,,,2 A,,,2A,,,A,,, | [C,,2F2^G,2C2]C,,2 C,,2C,,C,, [F,,2C2A,2F2]F,,2 | F,,2F,,F,, [A,,,2E2C2A2]A,,,2 A,,,2A,,,2 |
[D,,2A,2F2D2]D,,2 [D,,2A,2D2F2]C,,C,, [B,,,2F2A,2D2]B,,,2 | B,,,2B,,,B,,, [E,,2A,2D2F2]E,,2 E,,2E,,E,, | E,,2E,,2 E,,2E,,2 [A,,,2A,2C2E2]A,,,2 | [A,,,2C2A,2F2]A,,,A,,, [A,,,2A,2C2E2]A,,,2 [A,,,^G]A[A,,,B][A,,,c] |
[D,,2F2A2d2]D,,2 D,,2D,,2 [E,,2E2^G2B2]E,,2 | E,,2E,,2 [A,,2c2e2A2E2]A,,2 A,,2A,,2 | [A,,2A2E2c2]A,,2 A,,2A,,2 [B,,2F2A2d2]B,,2 | B,,2B,,2 [E,,2^G2E2B2]E,,2 E,,2E,,2 |
[A,,2E2A2c2][A,,2E2] [A,,2F2][A,,2F2] [A,,2E2][A,,2E2] | [A,,2F2][A,,2F2] [D,,2A2d2F2]D,,2 D,,2D,,2 | [E,,2E2^G2B2]E,,2 E,,2E,,2 [A,,2E2A2c2e2]A,,2 | A,,2A,,2 [F,,2c2F2A2]F,,2 F,,2F,,2 |
[B,,2B2A,2F2^D2]B,,2 B,,2B,,2 [B,,2d2]B,,2 | B,,2B,,2 E,,2E,,2 E,,2E,,E,, | E,,2E,,2 E,,2E,,E,, [A,,,2A,2C2E2]A,,,2 | [A,,,2A,2C2F2]A,,,2 [A,,,2A,2C2E2]A,,,2 [A,,,2C2F2A,2]A,,,A,,, |
[F,,,2A,2C2E2]F,,,2 [F,,,2A,2C2F2]F,,,2 [F,,,2C2A,2E2]F,,,2 | [F,,,2A,2C2F2]F,,,2 [D,,2A,2D2F2]D,,2 [D,,2A,2F2D2]D,,[A,DF] | [D,,2A,2D2F2]D,,2 [D,,2F2A,2D2]A,,,A,,, [D,,2A,2F2D2]D,,2 | [D,,2D2F2A,2]D,,[A,DF] [D,,2A,2D2F2]A,,,2 [D,,2F2D2A,2]D,,2 |
[A,,,2A,2E2C2]A,,,2 A,,,2A,,,A,,, [C,,2F2^G,2C2]C,,2 | C,,2C,,C,, [F,,2C2A,2F2]F,,2 F,,2F,,F,, | [A,,,2E2C2A2]A,,,2 A,,,2A,,,2 [D,,2A2D2F2]D,,2 | [C,,2C2E2A2]C,,2 [B,,,2A2B,2D2F2]B,,,2 B,,,2E,,2 |
[E,,2B,2D2F2A2]E,,2 E,,2E,,2 E,,2E,,2 | E,,2E,,2 [A,,,2A2c2e2]A,,,2 A,,,2[A,,,2c2f2^G2] | C,,2C,,2 [C,,2c2][C,,2B2] [F,,2A2C2][F,,2F2] | [F,,2A2][F,,AcE]F,, A,,,2A,,,2 [A,,,2B2]A,,,2 |
[D,,2D2A2][D,,2F2] [D,,2A2][D,,dFA]D,, E,,2E,,2 | [E,,2c2]E,,E,, [A,,,2A,2][A,,,A,]A, [A,,,=C]^C[A,,,2E2] | A,,,2[A,,,2E2] [A,,,^E]F[A,,,2A2] [A,,,2A,2][A,,,A,]A, | [A,,,=C]^C[A,,,2E2] A,,,2[A,,,2E2] [A,,,^E]F[A,,,2A2] |
[D,,2F2A2d2]D,,2 D,,2D,,2 [E,,2E2^G2B2]E,,2 | E,,2E,,2 [A,,2c2e2A2E2]A,,2 A,,2A,,2 | [A,,2A2E2c2]A,,2 A,,2A,,2 [B,,2F2A2d2]B,,2 | B,,2B,,2 [E,,2^G2E2B2]E,,2 E,,2E,,2 |
[A,,2E2A2c2][A,,2E2] [A,,2F2][A,,2F2] [A,,2E2][A,,2E2] | [A,,2F2][A,,2F2] [D,,2A2d2F2]D,,2 D,,2D,,2 | [E,,2E2^G2B2]E,,2 E,,2E,,2 [A,,2E2A2c2e2]A,,2 | A,,2A,,2 [F,,2c2F2A2]F,,2 F,,2F,,2 |
[B,,2B2A,2F2^D2]B,,2 B,,2B,,2 [B,,2d2]B,,2 | B,,2B,,2 [E,,2^G2B2e2]E,,2 E,,2E,,E,, | E,,2E,,2 E,,2E,,E,, [^E,,2=C2A2c2E2]E,,2 | ^E,,2E,,E,, E,,2E,,2 E,,2E,,2 |
[^A,,,2A,2D2^E2]A,,,2 [A,,,2A,2D2G2]A,,,2 [A,,,2A,2D2E2]A,,,2 | [^A,,,2A,2D2G2]A,,,A,,, [G,,,2^E2A,2D2]G,,,2 [G,,,2A,2D2G2]G,,,2 | [G,,,2^A,2D2^E2]G,,,2 [G,,,2G2D2A,2]G,,,2 [^D,,2A,2D2G2]D,,2 | [^D,,2^A,2D2G2]D,,[A,DG] [D,,2A,2D2G2]D,,2 [D,,2A,2D2G2]A,,,A,,, |
[^D,,2D2G2^A,2]D,,2 [D,,2A,2D2G2]D,,[A,DG] [D,,2A,2D2G2]A,,,2 | [^D,,2G2^A,2D2]D,,2 [A,,,2=D2^E2A,2]A,,,2 A,,,2A,,,A,,, | [D,,2A,2D2G2]D,,2 D,,2D,,D,, [G,,2G2^A,2D2]G,,2 | G,,2G,,G,, [^A,,,2D2^E2A2]A,,,2 A,,,2A,,,2 |
[^D,,2D2G2^A2]D,,2 [=D,,2D2^E2A2]D,,2 [=C,,2C2^D2G2A2]C,,2 | =C,,2^D,,2 [^E,,2C2D2G2^A2]E,,2 E,,2E,,2 | ^E,,2E,,2 E,,2E,,2 [^A,,2e2A2d2]A,,2 | ^A,,2[A,,2d2g2=A2] A,,2A,,2 [A,,2d2][A,,2=c2] |
[G,,2^A2D2][G,,2G2] [A2G,,2][G,,2d2A2^E2] E,,2E,,2 | [^E,,2=c2]E,,2 [^D,,2^A2D2][D,,2G2] [D,,2A2][D,,dGA]D,, | ^E,,2E,,2 [E,,2d2]E,,E,, [^A,,,2D2E2A2]A,,,2 | [C,,DG]D,,[^E,,4D4E4][E,,2D2E2] [G,,2D2G2]^A,,2 |
[^A,,2A2d2^e2]A,,2 A,,2[A,,2d2g2=A2] A,,2A,,2 | [A,,2d2][A,,2=c2] [G,,2^A2D2][G,,2G2] [G,,2A2][G,,2d2^E2A2] | ^E,,2E,,2 [E,,2=c2]E,,2 [^D,,2^A2D2][D,,2G2] | [^D,,2^A2][D,,dGA]D,, ^E,,2E,,2 [E,,2=d2]E,,E,, |
[^A,,,2^E2D2A2]A,,,2 [C,,DG]D,,[E,,4D4E4][E,,2D2E2] | [G,,2G2D2]^A,,2 [A,,2A2d2^e2]A,,2 A,,2[A,,2d2g2=A2] | A,,2A,,2 [A,,2d2][A,,2=c2] [G,,2^A2D2][G,,2G2] | [G,,2^A2][G,,2d2^E2A2] E,,2E,,2 [E,,2=c2]E,,2 |
[^D,,2^A2D2][D,,2G2] [D,,2A2][D,,dGA]D,, ^E,,2E,,2 | [^E,,2d2]E,,E,, [^A,,,2E2D2A2]A,,,2 [C,,DG]D,,[E,,4D4E4] |[^E,,2D2E2] [G,,2G2D2]^A,,2 |","['Classical', 'Folk', 'Country', 'Electronic']",Country,2,Choose the most probable genre label of the provided score.
Country_Canadian Country_Shania Twain_That Dont Impress Me Much.abc,"X:1
M:3/4
L:1/16
K:Cm
F2 [C,2F,2G,2]F4F2 | G2C2 [E4B,,4] [F4C,4F,4G,4] | [C2D,2]E,4< [A,,4E,4]F2 | [C,2F,2G,2]F4F2 [G2F,2]G,2 |
F,2F2 [G2C,2E,2G,2]G2 [G4C,4] | [F2A,,2E,2]C12 |F4A,,2 B,,2C2 | [G2C,2E,2G,2]G2 [F2C,2]E2 [F2A,,2E,2]C4 |
E4E2 E2C2 | [B,2F,2]G,2 F,2B,2 [G2C,2E,2G,2]F2 | [E2C,2]F2 [C2A,,2E,2]C8 |C2 C2E2 F2A,,2 |
[G2B,,2]G2 [F2C,2E,2G,2]G2 [F2C,2]E2 | [F2A,,2E,2]C4< C4E2 | E2C2 [B,2F,2]G,2 F,4 | [=A4F,4A,4C4] F,2G4< [G4C,4=E,4G,4] |
F2 G2F4[F2F,2] | [G2B,,2]=A2 C,4 [A4F,4A,4C4] | C,2G2 [G2C,2=E,2G,2]G2 G2F2 | G2F4[F2B,,2] B,,2C,2 |
B,,4 [B,,26B,26] |G2 G2=E2 | [F2A,,2E,2]C2 E4 [E,6G,6] |[F4B,,4D,4F,4][F4B,,4D,4F,4][F2D,2] |
[G4B,,4D,4G,4] [G2C,2]E2 [A,,2E,2]F2 | E2[G4E,4G,4]G2 F2[E4B,,4] |[F2B,,2D,2F,2] E2[G2B,,2] F,2G,2 | F,2E2 [B2A,,2E,2]c2 B4<[e4E,4G,4] |
G2[E2B,,2] F2[C2B,,2D,2F,2] | E2G,,2 B,,4 C,2C2 | [B2A,,2E,2]c2 c2B2 [B2E,2G,2]G2 | E2[F4B,,4D,4F,4][F2B,,2] F2[E2B,,2] |
[F2F,2][G2G,2] F,4 c6 |B4< c4B2 | c2F2 F2E2 G2C2 | E4 [C,4E,4G,4] D,2E,2 |
[A,,4E,4]>F4 [C,4E,4G,4] | C,4 [A,,8E,8] | c4 E,4>A,,4 | B,,4 [C,4E,4G,4] C,4 |
[A,,4E,4G,4]>c4 c6 |B2 F,2G,2 F,4 | [c4C,4E,4G,4] C,4 [c18A,,18E,18G,18] |A,,2 B,,4 [c4C,4E,4G,4] |
C,4 [c16A,,16E,16G,16] | F,2G,2 | F,2d2 eee4c2 | G2G2 B2G2 B2B2 |
G2c4F2 F2E2 | [G2C,2E,2G,2]F2 [E2C,2]G2 [A,,2E,2G,2]C2 | E2C2 E2C2 E4 | C2[B,2A,,2] B,,4 [G2C,2E,2G,2]F2 |
[E2C,2]G2 [C2A,,2E,2G,2]C2 E2C4 |E2 C2E2 [F2F,2]G,2 | F,2E2 [G2C,2E,2G,2]G2 [F2C,2]E2 | [G2A,,2E,2G,2]C16 |
B,,2 B,,4 | [=A4F,4A,4C4] F,2G4< [G4C,4=E,4G,4] |F2 G2F4[F2F,2] | [G2B,,2]=A2 C,4 [A4F,4A,4C4] |
F,2G2 [G2C,2=E,2G,2]G2 G2F2 | G2F4[F2B,,2] B,,2C,2 | B,,4 [B,,26B,26] |G2 G2E2 |
[F2A,,2E,2]C2 E4 [E,6G,6] |[F4B,,4D,4F,4][F4B,,4D,4F,4][F2G,,2] | [G4B,,4] [G2C,2]E2 [A,,2E,2]F2 | E2[G4E,4G,4]G2 F2[E4B,,4D,4F,4] |
[F2B,,2D,2F,2] E2[G2B,,2] F,2G,2 | F,2E2 [B2A,,2E,2]c2 B4<[e4E,4G,4] | G2[E2B,,2F,2] F2[C2B,,2F,2] | E2G,,2 B,,4 C,2C2 |
[B2A,,2E,2]c2 c2B2 [B2E,2G,2]G2 | E2[F4B,,4D,4F,4][F2B,,2D,2F,2] F2[E2B,,2] | [G2F,2][B2G,2] [F2F,2]E2 F2[B,,4D,4F,4] |[F2B,,2] F,2G,2 F,4 |
[B,,2D,2F,2]F2 E2[G2B,,2] F2B,,4 |B,,4< [c4B,,4]B2 | c4>B4 c2F2 | F2E2 G2C2 E18 |
F4F4F4 |C2 E4 F4 | C10F4 |F4F4G2 |
E2F2 [c4C,4E,4] D,2E,2 | [c4A,,4E,4]>F4 [c12C,12F,12G,12] | [B4B,,4D,4F,4] | [c4C,4E,4G,4] D,2E,4< [c4A,,4E,4] |
F2 [C,2F,2G,2]G2 B2G2 | [c2F,2]G,2 [c4F,4] |","['Ambient', 'Rap', 'Soul', 'Country']",Country,3,Choose the most probable genre label of the provided score.
Country_Nashville Sound_Floyd Cramer_Last Date.abc,"X:1
M:3/4
L:1/16
K:Am
[C,,2E,2C2C,2][D,,2F,2D2D,2] [C,,8G,8E8C8E,8] | G,,2D,2 [F,2D2][G,EE,][F,DD,] A,,[E,13C13C,13] |B,C | [C4A4F,,4A,4]>[C4A4] _B0 [D2=B2G,,2B,2][C2A2A,2]<[B,2G2G,2] |
[A,2F2F,2] [C,,14G,14E14E,14] |[C4C,4]< [C4A4F,,4A,4] |[C2A2] _B0 [D2=B2G,,2B,2][C2A2A,2]<[B,2G2G,2][D2B2B,2] | [E2c2C,2C2][d2F2D2]<[c2E2C2][C2G2G,2] E0 [F10A10C10F,,10A,10] |
[C2A2] [B,2G2G,2][A,2F2F,2] | [A,2F2C,,2][G,2E2E,2] [G,4E4] [G,,,4G,,4] | [F,2B,2B,,2][D2D,2] [C,,114C,114E,114C114C,114] |c2 |
B4<A4 G8 | E2FG11 |c2 B4<A4 | G8 |
E2FE9 | g2c'2 [d'2C,2][g'2D,2] E,10 |D,4E,D,2 |C,9ac' |
b2g2 [a8A,8] | B,2A,2<G,2F,2 E,11 |g G4 | A,8 B,2A,2<G,2 |
B,2 C2D2<C2G,2 | A,6c'd' c'2c2 | B4<A4 G8 | E2FG11 |
c2 B4<A4 | G8 | E2FE11 |G,,2 C,2D,2 E,10 |
D,4E,D,2 |C,15 | A,8 | B,2A,2<G,2F,2 E,16 |
A,8 B,2A,2<G,2 |B,2 C2D2<C2G,2 | A,12 | G,2F,4E,10 |
B,,2D,C,17 | [B,11G,11]D, | [G,2B,2D,2][B,4D4G,4]< [C4F,4A,4]CD | [G,32C32E32] |
[F4A4c4] | [E4G4c4] [D4F4A4] [C4E4G4] | [D19G19B19] |A,, D,2E,2 |
[A,4D4^F,4] [A,4D4] [A,2^C2]E,2 | [^C2A,2]^F,2 [D2B,2E,2][fd'D,][ec'B,,] [f5d'5] |^FBd [^cA,C]EAd [G,4D4B4B,4] | [D4G,4] [A,2E2^C2]B,A, [A,2E2]G,2 |
[A,8D8^F,8] [A,4E4] | [A,4E4] [D4G,4B,4] [G,4D4] | [^C2A,2C2]B,A, [A,2C2E2]C2 [D2A,2D2]ED | [D2A,2]A,2 [G,7D7B,7]d' |
^c'd'[b2d2] [G,2D2c2]B2 [A,4D4] | [A,4D4A4] [^C4A,4] [A,2C2^F2]GA | [D4A,4] [A,4D4] [G,2D2]d2 | [D2G,2^c2]B2 [A,4D4] [A,4D4A4] |
[^C4A,4] [A,2C2^F2]G4< [G,4D4] |[D2G,2] [D8G,8] | [D8G,8] [D8G,8] | [A,8D8] |
[A,8^C8] [D12A,12] |","['Rap', 'Blues', 'Pop', 'Country']",Country,3,Choose the most probable genre label of the provided score.
Country_Contemporary Country_Gretchen Wilson_Come To Bed.abc,"X:1
M:3/4
L:1/16
K:Edor
[E4C4G4] | E2CE2C2[E2G2]CEG | [B,2D2G2]B,2 [B,2D2G2]B,D2 B,[B,DG]B,D2 |[B,DG]B,2D [A,2C2F2]A,C2[A,2F2C2]A, | [A,2C2F2]A,2 C2<F2A,2 [G,2C2E2]G,C2 |
[G,2C2E2]G, [G,2D2]G,B, DG,G2 | G4 [EE][CC]G,C2C,G,C2 |EG,2 G,,G,[B,B,][D2D2]G,[DB,][G2G2] |G,B,D2G3 [A,2A,2C2C2F2F2]A,C |
F,,[C2F2]A, [A,2C2F2]F,,2 [A,F]CA,2 | [C2C2E2E2C,2G2]G,C2EC2 [aG,][gC]E[cC,] | f[G,e]C2 [G,2C2C2E2E2C,2G2]G,C2[C2E2G,2]C, | [EG,CC]EG,2 [EG]CG,[C,d] [B,DG]ddd |
d2[B,c][D2c2][B,DG]BB, [B,2D2G2]>B2 | [A,CFc]ccc2cBc A,[Cc][A,c][A,2C2F2c2] |[A,FCB]c2 [G,4C4E4c4] c2>G,2 | [E2C2][F2A,2] [G,2C2E2]G,C [G,CEc]ccc |
G,cc[C2E2c2][G,c][G,CEc]c2cdc | [B,DG]BB,[DB] BBB[B,B] [B,DG]B[B,B][DB] | c[B,DGB]BF [A,CF]AAA AAAA, | [A,CF]A[A,A][CA] AFAA [C2E2G2]<G2 |
[ga]g2c fe7 | [CAEc]c[Cc][C2E2G2c2]c[Cc]c C[Ec]c[Cc] | [CGEc]d[C2c2] [B,DG]B[B,B][DB] B[DGB,B]BB, | [B,DG]BBB [B,c][DB][G4B4]< [A,4F4C4A4] |
A,G [B,2D2G2G2]GG B,G2E | [CE]D[CC]G2Cc2 [B,2D2G2]B,D2 |[B,2D2G2]B [c0G,0C0E0]B[G,c]B0C c[G,2C2E2B2][G,0c0] | [G,2C2E2][G,c]c [G,CE]cG,E0B [B,2D2]G,0BB,2B2 |
[B,2D2B2][G,G] [D4G4B,4G,4] [B,2D2G2]G,G | [F,CA,A]A[F,A][FA] A[F,2A2][F2A2]CA[A,2A2] |[F2A2]G [G,CE]EG,[CE] E[G,2C2E2E2][G,E] | [B,D][G,D][CE]G, [B,2D2]G,[B,G] [ECc]B[G,c][EB] |
c[G,d]Ge G,Cdd [G,CG]cG,_B | [_B,EC]ABA [B,B]cEd [F,2A,2C2F2]<A2 | [f4a4] [c4f4] [A2c2]EF | [CEGG]F[CG]F [EG]G[CA]G [B,DG]F[B,F]F |
[B,DGA]B,2E [E2C2G2]<C2 E2CE2 |C2[E2G2]CEG [B,2D2G2]B,2 | [B,2D2G2]B,D2 B,[B,DG]B,D2[B,DG]B,2D | [A,2C2F2]A,C2[A,2F2C2]A, [A,2C2F2]A,2 |
C2<F2A,2 [G,2C2E2]G,C2[G,2C2E2]G, | [G,2D2]G,B, DG,G2 [C7E7G7] |C2E3 G2>d2 | [B,DG]dd2<d2[B,c][D2c2][B,DG]BB, |
[B,2D2G2]>B2 [A,CFc]ccc2cBc | A,[Cc][A,c][A,2C2F2c2][A,FCB]c2 [G,4C4E4c4] | c2>G,2 [E2C2][F2A,2] [G,2C2E2]G,C | [G,CEc]ccc G,cc[C2E2c2][G,c][G,CEc]c2 |
cdc [B,DG]BB,[DB] BBB[B,B] | [B,DG]B[B,B][DB] c[B,DGB]BF [A,CF]AAA | AAAA, [A,CF]A[A,A][CA] AFAA | [C2E2G2]<G2 [ga]g2c fe7 |
[CAEc]c[Cc][C2E2G2c2]c[Cc]c | C[Ec]c[Cc] [CGEc]d[C2c2] [B,DG]B[B,B][DB] | B[DGB,B]BB, [B,DG]BBB [B,c][DB][G2B2] | [A,6F6C6A6]A,G [B,2D2G2G2]GG |
B,G2E [CE]D[CC]G2Cc2 | [B,2D2G2]B,D2[B,2D2G2]B [c0G,0C0E0]B[G,c]B0C | c[G,2C2E2B2][G,0c0] [G,2C2E2][G,c]c [G,CE]cG,E0B | [B,2D2]G,0BB,2B2[B,2D2B2][G,G] [D4G4B,4G,4] |
[B,2D2G2]G,G [F,CA,A]A[F,A][FA] A[F,2A2][F2A2] |CA[A,2A2][F2A2]G [G,CE]EG,[CE] | E[G,2C2E2E2][G,E] [B,D][G,D][CE]G, [B,2D2]G,[B,G] | [ECc]B[G,c][EB] c[G,d]Ge G,Cdd |
[G,CG]cG,_B [B,EC]ABA [B,B]cEd | [F,2A,2C2F2]<A2 [f4a4] [c4f4] | [A2c2]EF [CEGG]F[CG]F [EG]G[CA]G | [B,DG]F[B,F]F [B,DGA]B,2E [CEG]CC6 |
[A,2C2F2]A,3C2[A,FC]EF | [G,CEG]F[G,G]F [CG]E[G,A]G [G,B,D]F[G,F]F | [B,A]D2E [A,CF]CA,2 C2FA,2 | [A,2C2F2]A,C2[A,3C3F3] [^G,2C2F2]G,2 |
C2^G,2 F2G,2 CFG,2 | [G,32C32E32] |","['Country', 'Blues', 'Jazz', 'Pop']",Country,0,Choose the most probable genre label of the provided score.
Electronic_Disco_Patrick Hernandez_Born to Be Alive.abc,"X:1
M:3/4
L:1/16
K:Ddor
[C,8E8G,8C,,8C8] | [G,,8G,8G,,,8B,8D8] | [^F15D,,15D15A,15D,,,15] |","['Jazz', 'Rap', 'Electronic', 'Ambient']",Electronic,2,Choose the most probable genre label of the provided score.
Electronic_Disco House_Live Element_Be Free (Phunky Freedom Mix).abc,"X:1
M:3/4
L:1/16
K:Eb
[C,,2C,2][F,,12F,12] |A,F, [E,,12E,12] | G,2>G,2 [E,,32E,32] | [C,,2C,2][F,,14F,14] |
[E,,12E,12] | E,4 | [D,,32D,32] | [C,,2C,2][F,,12F,12] |
A,F, | [E,,12E,12] | G,2>G,2 [E,,32E,32] | [C,,2C,2][F,,14F,14] |
[E,,12E,12] | E,4 [D,,32D,32] | ABc6 | a2g2 e2c4a2 |
A2e4Bc f4 | [B,,32c32] | A2B2 | c4 A2a2 A4<g4 |
A2e2 c9 |ab4e26 | ABc4> a4g2 | e2c4a2 A2e4 |
Bc f4 [B,,32c32] | A2B2 c4 | A2a2 A4<g4 | A2e2 c9 |
ab4e10 |","['Soul', 'Electronic', 'Classical', 'Jazz']",Electronic,1,Choose the most probable genre label of the provided score.
Electronic_Italian Disco_Gazebo_I Like Chopin.abc,"X:1
M:3/4
L:1/16
K:Dm
d2 f2c'2 | a64 | [D,,,58D,,58] |A2 d2e2 [f2D,2]A,2 | [A2D2][F2f2] E2F2 A2B2 |
B,,2F,2 B,2[A2D2] B2g2 | f2e2 C,2G,2 [C2G2][E2e2] | C2E2 d2c2 A,2C2 | E2G2 D2[g2E2] f2e2 |
[f2D,2]A,2 [A2D2]F2 [E2f2]F2 | A2B2 B,,2F,2 B,2[A2D2] | [C2B2][g2D2] f2e2 C,2G,2 | C2[E2G2] [D2e2]E2 d2c2 |
A,,2E,2 G,2C2 E2D2 | E2C112 |c'2 c'2b2 | b2a2 a8 |
c'6d'4d2 | f2c'2 a8 | c'6d'4d2 | f2c'2 a8 |
[c'4c4] A2[a4d4]c2 | A2a2 [g16G16] | [a2B2]>A2 | B2[AA]A A2[a2G2] e'2a'2 |
[F4A4] [E2G2][D4F4]A2 | [G2B2][A4c4][G4B4][F10A10] | [E4G4] | [D2F2][C4E4]G2 [F2A2][G8B8] |
[F4A4][E6G6] | [F4c4] [D2B2][C4A4] |[E2c2] [F2d2][G4e4][F4d4] |[E4c4][d2F2] [e2G2][d16A16] |
G10 | A2f2 e2f2 [D,,,2D,,2]A2 | A2[D2F2B2] B,2g2 f2e2 | C2G4[d2A,2C2E2] c2f2 |
e2d2 B,2F4[c2G,2B,2D2] | B2e2 d2c2 A,2E4 |[^C2A,2E2G2] A2[f2C2G2A,2E2] e2[D,,2D,,,2f2] | [D,,,2D,,2]A2 A2[D2F2B2] B,2g2 |
f2e2 C2G4[d2A,2C2E2] | c2f2 e2d2 B,2F4 |[c2G,2B,2D2] B2e2 d2c2 | A,2E4^C120 |
c'2 c'2b2 | b2a2 a8 | c'6d'4d2 | f2c'2 a8 |
c'6d'4d2 | f2c'2 a8 | [c'4c4] A2[a4d4]c2 | A2a2 [g16G16] |
[a2B2]>A2 | B2[AA]A A2[a2G2] e'2a'2 | [F4A4] [E2G2][D4F4]A2 | [G2B2][A4c4][G4B4][F10A10] |
[E4G4] | [D2F2][C4E4]G2 [F2A2][G8B8] |[F4A4][E6G6] | [F4c4] [D2B2][C4A4] |
[E2c2] [F2d2][G4e4][F4d4] |[E4c4][d2F2] [e2G2][d16A16] |G10 | A2f2 e2f2 [D,,,2D,,2]A2 |
A2[D2F2B2] B,2g2 f2e2 | C2G4[d2A,2C2E2] c2f2 | e2d2 B,2F4[c2G,2B,2D2] | B2e2 d2c2 A,2E4 |
[^C2A,2E2G2] A2[f2C2G2A,2E2] e2[D,,2D,,,2f2] | [D,,,2D,,2]A2 A2[D2F2B2] B,2g2 | f2e2 C2G4[d2A,2C2E2] | c2f2 e2d2 B,2F4 |
[c2G,2B,2D2] B2e2 d2c2 | A,2E4^C10 | [D,,,16d16f16A16D16] | Adaf'0a2 |
add'2f2 Adaf'0a2adD,,2[F2D2A,2d'2]f2 | [C,,16G,16C16E16] | Gcge'0g2gcc'2e2 | Gcge'0g2gcc'2e2 [D,,,16d16f16A16D16] |
Adfa0f2de2g2 Adfa0f2 |dD,,2[F2D2A,2e2]g2 [C,,16G,16C16E16] | G,CDE | Gcde gc'd'e' g'c''d''e'' |
a'12 | f'8< b'8 | f'4 g'14 |c''2 |
c''2b'2 b'2a'2 a'2g'2 | g'2f'2 a'12 | f'8< b'8 | f'4 |
g'16 | B0 b'2a'2A B2 b'2A4a'4 |G6g'6 [F4A4] | [E2G2][D4F4]A2 [G2B2][A4c4] |
[G4B4][F10A10] | [E4G4] [D2F2][C4E4] |G2 [F2A2][G8B8] |[F4A4][E6G6] |
[F4c4] [D2B2][C4A4][E2c2] | [F2d2][G4e4][F4d4][E4c4] |[d2F2] [e2G2][d16A16] |G10 |
A, a^C[Ef']G | e' A2^c[ef']g [D,,0F0A0] [A4d4f4] [d'0f'0]< [a0D,,0E0G0][D2F2] | AdAe2f [GB] f0edA0[A2c2] [F,,0F0] [A2c2][G2B2] | [a2c'2f2][F2A2] CFGc' afc2 |
[C,,0E0G0G,0C0E,0]< [D0F0e0g0] c2[C2E2] EDC3G,2G2 | [FAG,]CD0<[G0B0]E2 A,^CDE Ac[dFA]e | a^c'[d'EG]e' g'a'g'e' [a'4f'4=c'4F4c4] | [D0B0c0f0a0][C2A2] [F2A2C2][E2c2] [F0d0F,0A,0] C,2[Ge][a'e'c''] |
[c''2e'2a'2][Fd][aec'] [e2c'2a2][Ec][EAc] [E2A2c2][dF][A,CE,] | [e2G2E,2A,2C2][d2A2] [F8D8B,8] | [G,4B,4D4]>G4 [G,8E8C8] | [a0G,0A,0]^C[f'D]E [Ae']c[df']e |
[F4A4] [E2G2][D4F4]A2 | [G2B2][A4c4][G4B4][F25A25] |","['Soul', 'Ambient', 'Electronic', 'Latin']",Electronic,2,Choose the most probable genre label of the provided score.
Electronic_Electronica_Moby_Why Does My Heart Feel So Bad (2006 Digital Remaster).abc,"X:1
M:3/4
L:1/16
K:C
[A,8C8E8A8] | A,EA2<c2[A,12C12A12c12] |[E2E2] [A,4C4E4A4c4] | [B,10E10G10B10][E,2E,2] | [E,4B,4E4G4B4] [E10G10B10] |
[E,E,][B,B,] [E4G4B4] [B,10D10G10B10] |G,2 [B,4D4G4B4] | [B,9D9G9B9]G,DG | B4 [D,16^F16A16D16] |
[D,9D9^F9A9] |D,A,D A4 | [A,10C10E10A10]A,2 | A4 [c'6A,,6A,6C6E6A6]b4 |
A,2 [A4c4a4] [g10E,10E,,10G,10B,10E10G10] |E,2 [G4B4] | [b6E,,6E,6G,6B,6E6]a4E,B, | [E4G4g4] [G,,10G,10B,10D10] |
G,2 [G4B4] [b6G,,6G,6B,6D6] |a4G,2 [G4g4]B3 | [a6D,,6D,6^F,6A,6D6]f6 | d4 [D,,10D,10^F,10A,10D10] |
eD, ^F,FA2 [A,10C10E10A10] |A,2 A4 | [c'6A,,6A,6C6E6A6]b4A,2 | [A4c4a4] [g10E,10E,,10G,10B,10E10G10] |
E,2 [G4B4] [b6E,,6E,6G,6B,6E6] |a4E,B, [E4G4g4] | [G,,10G,10B,10D10]G,2 | [G4B4] [b6G,,6G,6B,6D6]a4 |
G,2 [G4g4]B3 [a6D,,6D,6^F,6A,6D6] |^f6 d4 | [D,,10D,10^F,10A,10D10]eD, | ^F,FA2 [C,,2C,2G,2C2][G,2C2E2] [C2E2G2]E2<[C2E2G2] |
[C2E2G2] C2[C3E3G3][C3E3G3] | [C2E2G2][E2d2]<[C2E2G2][C2E2G2] [G,4C4E4c4] | [A,,,2E2A2] A,2[A,2C2E2] [C2E2A2]E2<[C2E2A2][C2E2A2] | C2[C3E3A3][C3A3c3d3] [c2d2C2E2A2][E4e4] |
[C2E2A2d2] [A,2C2E2c2][A,2A2c2e2] [C,,2C,2][G,2G,2C2C2E2] | [C2E2G2]E2<[C2E2G2][C2E2G2] C2[C3E3G3] |[C3E3G3] [C2E2G2][E2d2]<[C2E2G2][C2E2G2] | [G,4C4E4c4] [A,,,2E2A2] A,2[A,2C2E2] [C2E2A2]E2<[C2E2A2] |
[C2E2A2] C2[C3E3A3][C3A3c3d3] | [c2d2C2E2A2][E4e4][C2E2A2d2] [A,2C2E2c2][A,2A2c2e2] | [F,,2F,2]A,2 [A,2C2]F,[C2F2A2]F,[C2F2A2] | F,2[C2F2A2] [F,,2F,2f2]A,2 [A,2C2][F,e][C2F2A2] |
F,[C2F2A2] [F,2c2][C2F2A2] [C,,2C,2G,2C2][G,2C2E2] | [C2E2G2]E2<[C2E2G2][C2E2G2] C2[C3E3G3] |[C3E3G3] [C2E2G2][E2d2]<[C2E2G2][C2E2G2] | [G,4C4E4c4] [F,,2F,2]A,2 [A,2C2]F,[C2F2A2] |
F,[C2F2A2] F,2[C2F2A2] [F,,2F,2f2]A,2 | [A,2C2][F,e][C2F2A2]F,[C2F2A2] [F,2c2][C2F2A2] | [C,,2C,,2C,2C,2G,2G,2C2C2][G,2C2E2] [C2E2G2]E2<[C2E2G2][C2E2G2] | C2[C3E3G3][C3E3G3] [C2E2G2][E2d2]<[C2E2G2] |
[C2E2G2] [G,4C4E4c4] A,,,4 | [C3E3A3A,,3][C2E2A2]A,[C2E2A2] A,2[C2E2A2] | A,2E2 [C3E3A3][C2E2A2]A,[C2E2A2] | A,2[C2E2A2] E,,4 [E3G3B3][E2G2B2] |
A,[E2G2B2] A,2[E2G2B2] A,2E2 | [E3G3B3][E2G2B2]A,[E2G2B2] A,2[E2G2B2] | G,,4 [D3G3B3][D2G2B2]G,[D2G2B2] | G,2[D2G2B2] G,2D2 [D3G3B3][D2G2B2] |
G,[D2G2B2] G,2[D2G2B2] D,,4 | [D3^F3A3][D2F2A2]A,[D2F2A2] A,2[D2F2A2] | A,2D2 [D3^F3A3][D2F2A2]A,[D2F2A2] | A,2[D2^F2A2] A,,,4 [C3E3A3A,,3][C2E2A2] |
A,[C2E2A2] A,2[C2E2A2] A,2E2 | [C3E3A3][C2E2A2]A,[C2E2A2] A,2[C2E2A2] | E,,4 [E3G3B3][E2G2B2]A,[E2G2B2] | A,2[E2G2B2] A,2E2 [E3G3B3][E2G2B2] |
A,[E2G2B2] A,2[E2G2B2] G,,4 | [D3G3B3][D2G2B2]G,[D2G2B2] G,2[D2G2B2] | G,2D2 [D3G3B3][D2G2B2]G,[D2G2B2] | G,2[D2G2B2] D,,4 [D3^F3A3][D2F2A2] |
A,[D2^F2A2] A,2[D2F2A2] A,2D2 | [D3^F3A3][D2F2A2]A,[D2F2A2] A,2[D146F146A146] | [F,,2F,2]A,2 [A,2C2]F,[C2F2A2]F,[C2F2A2] | F,2[C2F2A2] [F,,2F,2f2]A,2 [A,2C2][F,e][C2F2A2] |
F,[C2F2A2] [F,2c2][C2F2A2] [C,,2C,2G,2C2][G,2C2E2] | [C2E2G2]E2<[C2E2G2][C2E2G2] C2[C3E3G3] |[C3E3G3] [C2E2G2][E2d2]<[C2E2G2][C2E2G2] | [G,4C4E4c4] [F,,2F,2]A,2 [A,2C2]F,[C2F2A2] |
F,[C2F2A2] F,2[C2F2A2] [F,,2F,2f2]A,2 | [A,2C2][F,e][C2F2A2]F,[C2F2A2] [F,2c2][C2F2A2] | [C,,2C,,2C,2C,2G,2G,2C2C2][G,2C2E2] [C2E2G2]E2<[C2E2G2][C2E2G2] | C2[C3E3G3][C3E3G3] [C2E2G2][E2d2]<[C2E2G2] |
[C2E2G2] [G,4C4E4c4] [F,,2F,2]A,2 | [A,2C2]F,[C2F2A2]F,[C2F2A2] F,2[C2F2A2] | [F,,2F,2f2]A,2 [A,2C2][F,e][C2F2A2]F,[C2F2A2] | [F,2c2][C2F2A2] [C,,2C,2G,2C2][G,2C2E2] [C2E2G2]E2<[C2E2G2] |
[C2E2G2] C2[C3E3G3][C3E3G3] | [C2E2G2][E2d2]<[C2E2G2][C2E2G2] [G,4C4E4c4] | [F,,2F,2]A,2 [A,2C2]F,[C2F2A2]F,[C2F2A2] | F,2[C2F2A2] [F,,2F,2f2]A,2 [A,2C2][F,e][C2F2A2] |
F,[C2F2A2] [F,2c2][C2F2A2] [C,,2C,,2C,2C,2G,2G,2C2C2][G,2C2E2] | [C2E2G2]E2<[C2E2G2][C2E2G2] C2[C3E3G3] |[C3E3G3] [C2E2G2][E2d2]<[C2E2G2][C2E2G2] | [G,CEc] |","['Ambient', 'Electronic', 'Folk', 'Rap']",Electronic,1,Choose the most probable genre label of the provided score.
Electronic_Disco_The Weather Girls_Its Raining Men.abc,"X:1
M:3/4
L:1/16
K:Fm
[C0F,0A,0F0] | [G8G,8] | [A,0A0E0C0] [B,8B8] | [E8A8c8C8] | [e8E8] [c8f8F8A8] |
[A8a8] | [F2A2d2f2f'2] f2[ff'][f2f'2][f'f][f2f'2] [ff'][f2f'2][ff'] | [f2f'2][f2f'2] [f2f'2][ff'][f2f'2][ff'][f2f'2] | [f'f][f2f'2][ff'] [f2f'2][f2f'2] [B0c0]< [f0f'0F0] f2[ff'][f2f'2] |
[ff'][f2f'2] [ff'][f2f'2][ff'] [f2f'2][f'2f2] | [B0c0=E0e0] [e2e'2][ee'][e'2e2][ee'][e2e'2] [ee'][e2e'2][ee'] | [=e2e'2][e2e'2] F0< [f0f'0] f2[f'f][f'2f2][ff'][f2f'2] | [ff'][f'2f2][ff'] [f'2f2][f2f'2] [e2E2f'2f2][f'f][f2f'2] |
[ff'][f'2f2] [ff'][f'2f2][f'f] [f'2f2][f'2f2] | [=D0f'0f0d0][ff'][f2f'2][ff'][f2f'2] [ff'][f2f'2][ff'] | [f'2f2][f2f'2] D0< [d0f'0f0][ff'][f'2f2][ff'][f2f'2] | [ff'][f'2f2][ff'] [f2f'2][f2f'2] [f0f'0c0] C2[ff'][f'2f2] |
[f'f][f'2f2] [ff'][f2f'2][ff'] [f'2f2][f2f'2] | [e2E2f2f'2][ff'][f2f'2][ff'][f2f'2] [ff'][f2f'2][ff'] | [f2f'2][f2f'2] [f0f'0] [=D2d2][ff'][f2f'2][f'f][f2f'2] | [ff'][f2f'2][ff'] [f'2f2][f2f'2] [d0f'0f0] D2[f'f][f2f'2] |
[f'f][f'2f2] b=b_ba fecF | [C24F,24A,24] | [F,3A,3D3][B,3G,3E,3][C26A,26F,26] | [A,3F,3D3][B,3E,3G,3] |
[F,26A,26C26] | [A,3F,3D3][G,3B,3E,3][G,18B,18C18F18] | [G,8C8=E8B,8] | [D3F,3A,3][G,3B,3E,3_G,3][C26F,26A,26] |
[D3F,3A,3][B,3E,3G,3] |[B,26D26A,26F,26] | [D3A,3F,3][G,3E,3B,3][B,16G,16C16F16] |[B,16C16G,16=E16] |
[C16B,16G,16F16] |[=E34B,34][C34G,34] | D,,2D,,2 | [A,4A4D4] D,4 D,,2D,,2 D,2E,,4 |
E,,2 [E,4B,4E4A4] [E,,2A2B,2E2][E2E,,2B,2G2] | E,2C,,4C,,2 [G,4C4F4C,4] | [F2G,2C2] C,,2C,,2[C2G,2=E2] C,2F,,4F,,2 | [B4C4F4F,4] [F,,2B2C2F2]F,,2[F2A2C2] F,4 |
[A,10D10F,10][C6F,6A,6] | [D16B,16F,16] | [B,4F4C4G,4] | [F2C2G,2B,2][F4B,4G,4C4][F4G,4C4B,4][B,4C4=E4G,4] |
[C4=E4G,4B,4][C4E4B,4G,4][G,4E4B,4C4] |[=E2C2G,2B,2] [B,16C16E16G,16] | D,,2D,,2 | [A,4A4D4] D,4 D,,2D,,2 D,2E,,4 |
E,,2 [E,4B,4E4A4] [E,,2A2B,2E2][E2E,,2B,2G2] | E,2C,,4C,,2 [G,4C4F4C,4] | [F2G,2C2] C,,2C,,2[C2G,2=E2] C,2F,,4F,,2 | [B4C4F4F,4] [F,,2B2C2F2]F,,2[F2A2C2] F,4 |
[D8F,8A,8] [C8A,8F,8] | [F,16B,16D16] | [F4G,4C4B,4] | [F2G,2C2B,2][G,4B,4C4F4][B,6F6G,6C6] |
[B,4=E4C4G,4] [G,2E2C2B,2][B,4E4G,4C4][E4C4G,4B,4] |[=E2C2G,2B,2] [c'2G,2C2C2B,2E2][C2c'2] [=d'2D2][_E2e'2] | [=E2e'2][C2c'2] [G,2g2][e2E,2] D,,2[D2F2A2]D,2 | [F2A2D2] D,,2[D,2F2A2D2] D,,2[D,2F2C2A2] [D,,2F2D2A2]D,2 |
E,,2E,2[E2B,2]A2 E,,2E,2[E2A2B,2] E,,2[E,2E2][G2B,2] | E,,2 [B,2E2G2]E,2 C,,2C,2[C2F2G,2] C,,2C,2[F2C2G,2] | C,,2[=E2C2G,2C,2] [G,2E2C2C,,2]C,2 F,,2[C2B2F2]F,2 | [A2F2F,,2C2][F,2B2F2C2] F,,2F,2[F2C2A2] F,,2 [F2A2C2]F,2 |
D,,2[D2F2A2]D,2 [F2A2D2] D,,2[F2A2D2D,2] D,,2[F2C2D,2A2] | [F2D2D,,2A2]D,2 E,,2E,2[E2B,2]A2 E,,2E,2[E2A2B,2] | E,,2E,2[E2G2B,2] E,,2 [B,2E2G2]E,2 C,,2C,2[C2F2G,2] | C,,2C,2[F2C2G,2] C,,2[=E2C2G,2C,2] [G,2E2C2C,,2]C,2 |
F,,2[C2B2F2]F,2 [A2F2C2F,,2][F,2B2F2C2] F,,2[F,2F2][C2A2] | F,,2 [F2A2C2]F,2 D,,2[D2F2A2]D,2 [F2A2D2] D,,2[D,2F2A2D2] | D,,2[D,2F2C2A2] [D,,2F2D2A2]D,2 E,,2E,2[E2B,2]A2 | E,,2E,2[E2A2B,2] E,,2[E,2E2][G2B,2] E,,2 [B,2E2G2]E,2 |
C,,2C,2[C2F2G,2] C,,2C,2[F2C2G,2] C,,2[=E2C2G,2C,2] | [G,2=E2C2C,,2]C,2 F,,2[C2B2F2]F,2 [A2F2F,,2C2][F,2B2F2C2] | F,,2F,4[F4C4A4][B,8D8][A8F8] |C,0[C8F8]A8[D,8D8A8F8] |
[=D,10F10B,10A10]D10 | [=E,4C4E4G4] [C2G2E,2E2][A4F,4F4C4] |[F,4F4C4A4][G,8=E8C8G8] |[F6A,6C6A6] [C4A,4F4A4] |
[F16C16G16]< [C16G16F16] | [C24F,24A,24] | [F,3A,3D3][B,3G,3E,3] |[C26A,26F,26] |
[A,3F,3D3][B,3E,3G,3][F,26A,26C26] | [A,3F,3D3][G,3B,3E,3][C26A,26F,26] | [A,3F,3D3][B,3E,3G,3] |[F,26A,26C26] |
[A,3F,3D3][G,3B,3E,3][C26A,26F,26] | [A,3F,3D3][B,3E,3G,3][F,26A,26C26] | [A,3F,3D3][G,3B,3E,3] |[G,18B,18C18F18] |
[G,8C8=E8B,8] | [D3F,3A,3][G,3B,3E,3_G,3][C26F,26A,26] | [D3F,3A,3][B,3E,3G,3][B,26D26A,26F,26] | [D3A,3F,3][G,3E,3B,3] |
[B,16G,16C16F16] |[B,16C16G,16=E16] |[C16B,16G,16F16] |[=E16B,16][C16G,16] |
[B,18C18G,18F18] | [c11G11C11]c'''=b''=a''0g'' f'' =e'' | [=d''=a''] c'' =b'a'[c''0g'0]f'=e'd'c'bagf e0 [d_D,,] c2BD,,2 [_A,4A4D4] D,4 | D,,2D,,2 D,2E,,4E,,2 |
[E,4B,4E4A4] [E,,2A2B,2E2][E2E,,2B,2G2] E,2C,,4 |C,,2 [G,4C4F4C,4] [F2G,2C2] C,,2C,,2[C2G,2=E2] | C,2F,,4F,,2 [B4C4F4F,4] | [F,,2B2C2F2]F,,2[F2A2C2] F,4 D,,2D,,2 |
[A,4A4D4] D,4 D,,2D,,2 D,2E,,4 |E,,2 [E,4B,4E4A4] [E,,2A2B,2E2][E2E,,2B,2G2] | E,2C,,4C,,2 [G,4C4F4C,4] | [F2G,2C2] C,,2C,,2[C2G,2=E2] C,2F,,4F,,2 |
[B4C4F4F,4] [F,,2B2C2F2]F,,2[F2A2C2] F,4 | D,,2D,,2 [A,4A4D4] D,4 D,,2D,,2 | D,2E,,4E,,2 [E,4B,4E4A4] | [E,,2A2B,2E2][E2E,,2B,2G2] E,2C,,4C,,2 |
[G,4C4F4C,4] [F2G,2C2] C,,2C,,2[C2G,2=E2] C,2F,,4 |F,,2 [B4C4F4F,4] [F,,2B2C2F2]F,,2[F2A2C2] | F,4 D,,2D,,2 [A,4A4D4] D,4 | D,,2D,,2 D,2E,,4E,,2 |
[E,4B,4E4A4] [E,,2A2B,2E2][E2E,,2B,2G2] E,2C,,4 |C,,2 [G,4C4F4C,4] [F2G,2C2] C,,2C,,2[C2G,2=E2] | C,2F,,4F,,2 [B4C4F4F,4] | [F,,2B2C2F2]F,,2[F2A2C2] F, |","['Jazz', 'Pop', 'Electronic', 'Latin']",Electronic,2,Choose the most probable genre label of the provided score.
Electronic_Eurodance_Robert Miles_Princess Of Light.abc,"X:1
M:3/4
L:1/16
K:A
[E2F2A2D,,2]A,2 [E2F2A2]A,2 | [D2F2A2]A,2 [D2F2A2D,2]A,2 [E2F2A2D,,2]A,2 | [E2F2A2]A,2 [D2F2A2]A,2A,, [D2F2A2D,2]A,2 | [E2=G2B2E,,2]B,2 [E2G2B2]B,2 [E,2E2F2B2]B,2 |
[E,2E2=G2B2][B,,2B,2] [A2B2d2G,,2]D2 [A2B2d2]D2 | [=G2B2d2]DD, [G2B2d2G,2]D2 [E2F2A2D,,2]A,2 | [E2F2A2]A,2 [D2F2A2]A,2 [D2F2A2D,2]A,2 | [E2F2A2D,,2]A,2 [E2F2A2]A,2 [D2F2A2]A,2A,, |
[D2F2A2D,2]A,2 [E2=G2B2E,,2]B,2 [E2G2B2]B,2 | [E,2E2F2B2]B,2 [E,2E2=G2B2][B,,2B,2] [A2B2d2G,,2]D2 | [A2B2d2]D2 [=G2B2d2]D2D, [G2B2d2G,2]D2 | [E2F2A2D,,2]A,2 [E2F2A2]A,2 [D2F2A2]A,2 |
[D2F2A2D,2]A,2 [D2F2B2B,,2]F,2 [D2F2B2]F,2 | [D2F2B2]B,2 [D2F2B2]B,,[F,,2F,2] [B,2C2E2A,,,2]E,2 | [B,2C2E2]E,2 [A,2C2E2]E,2 [A,2C2E2A,,2]E,2 | [A2B2d2=G,,2]D2 [A2B2d2]D2 [G2B2d2]D2D, |
[=G2B2d2G,2]D2 [^G2^A2c2F,,2]C2 [G2A2c2]C2 | [F2^A2c2]C2 [F2A2c2F,2]C2 [D2F2B2B,,2]F,2 | [D2F2B2]F,2 [D2F2B2]B,2 [D2F2B2]B,,[F,,2F,2] | [B,2C2E2A,,,2]E,2 [B,2C2E2]E,2 [A,2C2E2]E,2 |
[A,2C2E2A,,2]E,2 [A2B2d2=G,,2]D2 [A2B2d2]D2 | [=G2B2d2]D2D, [G2B2d2]<G,2D2 [^G2^A2c2F,,2]C2 | [G2^A2c2]C2 [F2A2c2]C2 [Ac][FF,]C2 | [B,2^D2F2B,,,2]F,2 [B,2D2F2]F,2 [B,2C2F2][F,,2F,2] |
[C2^D2F2][F,,2F,2] [E2G2B2E,,2]B,2 [E2G2B2]B,2 | [G2B2e2]F2 [E,2G2e2B2][E,2E2] [B,2^D2F2B,,,2]F,2 | [B,2^D2F2]F,2 [B,2C2F2][F,,2F,2] [C2D2F2][F,,2F,2] | [B,,,2B,2^D2F2]B,2 [E2G2B2]B,2 [E2G2B2]B,2 |
[E2G2B2E,2]B,2 [F2^A2c2F,,2]C2 [F2A2c2]C2 | [F2G2c2][C,2C2] [G2^A2c2][C,2C2] [E2G2B2E,,2]B,2 | [E2G2B2]B,2 [G2B2e2]F2 [E,2G2e2B2][E,2E2] | [F2^A2c2F,,2]C2 [F2A2c2]C2 [F2G2c2][C,2C2] |
[G2^A2c2][C,2C2] [E2G2B2E,,2]B,2 [E2G2B2]B,2 | [^D2F2B2]C2 [B,,2D2B2F2][B,,2B,2] [C2^E2G2C,,2]G,2 | [C2^E2G2]G,2 [C2^D2G2][G,,2G,2] [D2E2G2][G,,2G,2] | [E2F2A2D,,2]A,2 [E2F2A2]A,2 [D2F2A2]A,2 |
[D2F2A2D,2]A,2 [=G2B2e2E,2]B,2 [G2B2e2]B,2 | [=G2B2e2]E2 [E,2G2B2e2][B,,2B,2] [A2B2d2G,,2]D2 | [A2B2d2]D2 [=G2B2d2]D2 [G2B2d2G,2]D2 | [E2F2A2D,,2]A,2 [E2F2A2]A,2 [D2F2A2][A,,2A,2] |
[D2F2A2D,2]A,2 [B,2D2F2B,,,2]F,2 [B,2D2F2]F,2 | [B,,2B,2C2F2]F,2 [B,,2B,2D2F2][F,,2F,2] [B,,2D2F2B2]E,2 | [B,2C2E2]E,2 [A,2C2E2][E,,2E,2] [A,,2A,2C2E2]E,2 | [A2B2d2=G,,2]D2 [A2B2d2]D2 [G2B2d2]D2 |
[=G2B2d2G,2]D2 [^G2^A2c2F,,2]C2 [G2A2c2]C2 | [F2^A2c2]C2 [F2A2c2F,2]C2 [B,2^D2F2B,,,2]F,2 | [B,2^D2F2]F,2 [B,2C2F2][F,,2F,2] [C2D2F2][F,,2F,2] | [E2G2B2E,,2]B,2 [E2G2B2]B,2 [G2B2e2]F2 |
[E,2G2e2B2][E,2E2] [B,2^D2F2B,,,2]F,2 [B,2D2F2]F,2 | [B,2C2F2][F,,2F,2] [C2^D2F2][F,,2F,2] [E2G2B2E,,2]B,2 | [E2G2B2]B,2 [E2G2B2]B,2 [E2G2B2E,2]B,2 | [F2^A2c2F,,2]C2 [F2A2c2]C2 [F2G2c2][C,2C2] |
[G2^A2c2][C,2C2] [E2G2B2E,,2]B,2 [E2G2B2]B,2 | [G2B2e2]F2 [E,2G2e2B2][E,2E2] [F2^A2c2F,,2]C2 | [F2^A2c2]C2 [F2G2c2][C,2C2] [G2A2c2][C,2C2] | [E2G2B2E,,2]B,2 [E2G2B2]B,2 [^D2F2B2]C2 |
[B,,2^D2B2F2][B,,2B,2] [C2^E2G2C,,2]G,2 [C2E2G2]G,2 | [C2^D2G2][G,,2G,2] [D2^E2G2][G,,2G,2] [=E2F2A2=D,,2]A,2 | [E2F2A2]A,2 [D2F2A2]A,2 [D2F2A2D,2]A,2 | [B,2C2E2A,,,2]E,2 [B,2C2E2]E,2 [A,2C2E2]E,2 |
[E,,2A,2C2E2A,,2]E,2 [A2B2d2=G,,2]D2 [A2B2d2]D2 | [=G2B2d2]D2 [G2B2d2G,2]D2 [B,2C2E2A,,,2]E,2 | [B,2C2E2]E,2 [F2^A2c2]C2 [C,2F2A2c2F,2]C2 | [E2F2A2D,,2]A,2 [E2F2A2]A,2 [D2F2A2]A,2 |
[D2F2A2D,2]A,2 [B,2C2E2A,,,2]E,2 [B,2C2E2]E,2 | [A,2C2E2]E,2 [E,,2A,2C2E2A,,2]E,2 [A2B2d2=G,,2]D2 | [A2B2d2]D2 [=G2B2d2]D2 [G2B2d2G,2]D2 | [G2^A2c2F,,2]C2 [G2A2c2]C2 [F2A2c2]C2 |
[F2^A2c2F,2]C2 [B,2^D2F2B,,,2]F,2 [B,2D2F2]F,2 | [B,2C2F2][F,,2F,2] [C2^D2F2][F,,2F,2] [E2G2B2E,,2]B,2 | [E2G2B2]B,2 [G2B2e2]F2 [E,2G2e2B2][E,2E2] | [B,2^D2F2B,,,2]F,2 [B,2D2F2]F,2 [B,2C2F2][F,,2F,2] |
[C2^D2F2][F,,2F,2] [E2G2B2E,,2]B,2 [E2G2B2]B,2 | [G2B2e2]F2 [E,2G2e2B2][E,2E2] [F2^A2c2F,,2]C2 | [F2^A2c2]C2 [F2G2c2][C,2C2] [G2A2c2][C,2C2] | [E2G2B2E,,2]B,2 [E2G2B2]B,2 [G2B2e2]F2 |
[E,2G2e2B2][E,2E2] [F2^A2c2F,,2]C2 [F2A2c2]C2 | [F2G2c2][C,2C2] [G2^A2c2][C,2C2] [E2G2B2E,,2]B,2 | [E2G2B2]B,2 [^D2F2B2]C2 [B,,2D2B2F2][B,,2B,2] | [C2^E2G2C,,2]G,2 [C2E2G2]G,2 [C2E2G2]G,2 |
[C2^E2G2C,2]G,2 [B,2^D2F2B,,,2]F,2 [B,2D2F2]F,2 | [B,2C2F2][F,,2F,2] [C2^D2F2][F,,2F,2] [E2G2B2E,,2]B,2 | [E2G2B2]B,2 [G2B2e2]F2 [E,2G2e2B2][E,2E2] | [B,2^D2F2B,,,2]F,2 [B,2D2F2]F,2 [B,2C2F2][F,,2F,2] |
[C2^D2F2][F,,2F,2] [E2G2B2E,,2]B,2 [E2G2B2]B,2 | [G2B2e2]F2 [E,2G2e2B2][E,2E2] [F2^A2c2F,,2]C2 | [F2^A2c2]C2 [F2G2c2][C,2C2] [G2A2c2][C,2C2] | [E2G2B2E,,2]B,2 [E2G2B2]B,2 [G2B2e2]F2 |
[E,2G2e2B2][E,2E2] [E2G2B2F,,2]C2 [F2^A2c2]C2 | [F2G2c2][C,2C2] [G2^A2c2][C,2C2] [E2G2B2E,,2]B,2 | [E2G2B2]B,2 [^D2F2B2]C2 [B,,2D2B2F2][B,,2B,2] | [C,,16C16^E16G16] |","['Ambient', 'Electronic', 'Blues', 'Classical']",Electronic,1,Choose the most probable genre label of the provided score.
Electronic_Freestyle_Will To Power_Baby_ I Love YouFreebird.abc,"X:1
M:3/4
L:1/16
K:Em
G,3[G2G2B2B2d2d2]DGB | F,3[D3D3F3F3A3A3]FA4[E2E2G2G2B2B2] |EGB eBG2 [E,2E,2E2E2B,2G2][D,5A,5D5F5] |[G,3G,3C3C3E3E3]E[C,C,] [D2D2][F,4F,4A,4A,4D4] |D[B,,B,,] [C2C2A,,2A,2E2][B,,2B,2D2F2] C,2[C10C10E10E10G10G10D,10A10] |
G6 |[B,4B,4D4D4G4]< D4[A,2A,2D2F2F2] | [G,12B,12E12] | [G2B2][F4A4]< [C4G4][EE]G7 |
CE [A,8^D8] | [GG]^DCA, =F,4 | [B,8G8] [D6D6] |[A,2A,2D2F2F2] [G,8B,8E8] |
eBG2<E2[F2A2] [C8E8] | [G4G4] G2E2 | [A,8^D8] [GG]DCA, | =F,14 |
[B,4B,4D4D4F4F4][B,2D2=F,2] [B,9^G,9] |[B,7E7E7] | [A,10A,10E10][A,3C3C3E3] |[A,3C3E3] [A,5C5E5][A,3C3E3] |
A,5[A,3D3D3F3F3] [D8B,8G8] | [D14A,14F14] |[A,3A,3C3C3E3E3][C3E3] | [CE][B,D][A,2C2] [B,8G8] |
[D8D8F8] [A,3A,3][A,3C3C3E3E3] |[A,3C3E3][A,3C3E3] [CE][B,D][A,2C2] | [B,8G8] [D8D8F8] | [A,3A,3][A,3C3C3E3E3][A,3C3E3] |
[A,3C3E3] [CE][B,D]A,2 [C3C3][G,3G,3C3E3E3] |E2 [D2D2][F,4F,4B,4B,4D4]D2 | [C2C2A,2E2][B,4D4F4][C10C10E10E10G10G10A10] | [G8B,8] |
[D8D8A,8F8] G14 |[B,2B,2E2E2G,2] | [A,8=F8] [C6C6] |[G,2G,2C2E2E2] [F,9A,9] |
[D2D2]g fdAd [D8B,8G8] | D4>[A,4A,4D4F4F4] | [E5G5][B,B,]EG B6 |[G,2B,2E2] A,4 [=F2F2]A2 |
[C4C4G,4E4] C2CE [F,8A,8] | [DD]EFG2EGE | [B,4G4] [D2D2]G2 [A,4F4] | [D2D2]F2 [E5G5][B,B,]EG |
B4 E2G2 [A,4=F4] | [C2C2]=F2 [G,4C4] [E8E8] | [D4D4] [F,2F,2A,2A,2D2]>g2 | fdAd [B,4G4] [D2D2]G2 |
[A,4F4] [D2D2]F2 [B,5G5] |[EE]GB e4>[E4G4B4] | [=F4A4] [CC]FA8 |[C6C6E6E6G6G6] [A,12A,12D12D12F12F12] |
[A,4C4=F4] | A,C=F2 [C4E4] [G,G,]CE6 | [F,12F,12A,12A,12D12D12] | D4>[B,4B,4D4G4G4] |
D4>[A,4A,4D4F4F4] [G,12B,12E12] | [G2B2][F2A2] | [C6G6][E10E10] | [G8G8A,8^D8] |
G^DCA, =F,4 [B,8G8] | [D4D4]>[A,4A,4D4F4F4] | [G,8B,8E8] eBG2<E2 |[F2A2] [C8E8] |
[G4G4] G2E2 [A,8^D8] | [GG]^DCA, =F,14 |[B,4B,4D4D4F4F4] |[B,2D2F,2] [B,9^G,9] |
[B,3E3E3A,3] ^G,4 E10 |[A,3A,3C3C3E3][A,3C3E3] | [C8E8] F8 | [D8D8B,8G8] |
[D8F8] [A,3A,3][A,3C3C3E3E3] |[A,3C3E3][A,3C3E3] [CE][B,D][A,2C2] | [B,8G8] [D8D8F8] | [A,3A,3][A,3C3C3E3E3][A,3C3E3] |
[A,3C3E3] [CE][B,D][A,2C2] [B,8G8] | [D8D8F8] | [A,3A,3][A,3C3C3E3E3][A,3C3E3][A,3C3E3] | [CE][B,D][A,2C2] [B,8G8] |
[D8D8F8] [A,3A,3][A,3C3C3E3E3] |[A,3C3E3][A,3C3E3] [CE][B,D][A,2C2] | [B,8G8] [D8D8F8] | [A,3A,3][A,3C3C3E3E3][A,3C3E3] |
[A,3C3E3] [CE][B,D][A,2C2] [B,8G8] | [D8D8F8] | [A,3A,3][A,3C3C3E3E3][A,3C3E3][A,3C3E3] | [CE][B,D]A,2 [C2C2]>[G,2G,2C2E2E2] [G,2C2E2]E2 |
[D2D2][F,4F,4B,4B,4D4]D2 [C2C2A,2E2][B,4D4F4] |[C10C10E10E10G10G10A10] | [G8B,8] [D8D8F8] | [A,3A,3][A,3C3C3E3E3][A,3C3E3] |
[A,3C3E3] [CE][B,D][A,2C2] [B,8G8] | [D8D8F8] | [A,3A,3][A,3C3C3E3E3][A,3C3E3][A,3C3E3] | [CE][B,D][A,2C2] [B,8G8] |
[D8D8F8] [A,3A,3][A,3C3C3E3E3] |[A,3C3E3][A,3C3E3] [CE][B,D][A,2C2] | [B,8G8] [D8D8F8] | [A,3A,3][A,3C3C3E3E3][A,3C3E3] |
[A,3C3E3] [CE][B,D][A,2C2] |","['Electronic', 'Ambient', 'Classical', 'Rap']",Electronic,0,Choose the most probable genre label of the provided score.
Electronic_Italian Disco_Miko Mission_Ive Been Thinking Of You (club Version).abc,"X:1
M:3/4
L:1/16
K:A
A,0B, D2<E2 D15 |c'3d'3 e'14 |d'c'2 |d'2e'5 g3b3 |d'3 e'4 a'4 |
c'24 | e'd'2c'2b3 b6 |a17 |a e'd'2c'3 |
b4< b4a16 |a e'd'2c'3a2 b32 | bb2b2 |c'2b2a3 f2a2 |
bb2b2c'2b2a5 |f2 b4 bc'2b2 |a3 f2a2 bb2b2 |c'2b2a5aa e' |
d'2^b2=b2a5 A2 |A2 ed2^B2=B2A7 |aa bb2b2 |a2a25 |
bb2b2c'2b2 |a3 f2a2 b2bb2 |c'2b2a5c'2 f'0 | f'4 c'c'2b2a3 |
f2a2 bb2b2c'2b2 |a5aa e'd'2^b2 |d'2a7AA | ed2^B2d2A3b4 |
b2 b2bb2a2a29 | e'e'2e'2f'2g'2 |a'3 e'2<e'2 e'e'2b'2 |a'3 g'2e'2 e'2<e'2 |
e'e'2e'2f'2g'2a'3 e'20 | e'e'2e'2 |f'3 g'2a'2 e' e'e'7 | b'4 b'2b'3 |
a'6 g'4 g'2 |e'5a e'd'2d'2 |c'3 b2a2 c'24 | e'd'2c'3 |
b4< b4a16 |a e'd'2c'3b2 b7 |a16 |a e' |
d'3 c'2a2 b32 | c'24 | e'f'2c'3b4< b4 |a16 |
aa e' |d'3 c'2b2 b0 b7 |a16 |a e'2<d'2 c'2 |
a2 b31 |f | ba2b2c'2b2a3 f2 |a2 b2ab2c'2b2 |
a3 c'2c'2 f'2a'g'2 |e'2f'2c'3 e'2c'2 | b2ab2c'2b2a3 | a2a2 e'3d'3^b2d'2 |
a5AA ed2^B2 |d2A3c'2>b2a2 | b2b2 b2b4a27 | e'e'2e'2f'2g'2a'3 e' |
e'3 e'e'2b'2a'3 g'2 |e'2 e'2<e'2 e'e'2e'2 |f'2g'2a'3 e'21 | e'e'2e'2f'3 g'2 |
a'2 e' e'e'7 | b'4 b'2b'3a'6 | g'4 g'2e'5 |a e'd'2d'2c'3 |
b2a2 c'36 | c'6ba27 |^e'2 d'56 | c'3[B,2E2][A,2E2][C11E11]A,11 B,10 |
C3[C3E3]A,3 | e'd'2c' [C2A,2]b2 b2[B,2C2]E2 [F,2C2B,2] | E2 A,2a3[F,3B,3C3][E3A,3] B,8 [F,8A,8C8E8] | [C2B,2F,2E2A,2]>a2[CEB,F,] e'd'0[F,3B,3C3E3] c'2 |
[C2B,2E2F,2A,2]b2 b4 [D3B,3^E,3A,3]a0E,2[B,2D2] |[D9B,9^E,9]E,2 | ^E,3 [D2A,2B,2]>[D2E,2B,2a2] =e'[D0B,0^E,0]d'3 c'2[D0E,0B,0]a2 b4 | [A,3C3^E,3]C2E,2[C9A,9]E,9 |
^E,2 B,3 [E,3A,3]B,2E,2 |[A,3B,3^E,3] [A,4B,4E,4] G0 [G=e']G2G [EB,] | [CA,]A2[A,0G0][E2C2][B,15E15C15A,15] | f'[B,2C2A,2e'2E2]c' |
[E2B,2A,2]b0[E2B,2C2A,2] b4 [F,2E2B,2] [C2A,2]a[B,2F,2C2] |[F,11C11B,11][A,11E11] e'0 | [CA,B,F,]a'2[B,2g'2]F,2[f'0C0F,0]B,3 e'0 [F,2E2B,2C2A,2]c'2 | b6aB,2[B,3A,3^E,3] |
[B,6^E,6] A,4>[E,4B,4]A,2 B,0< [E,0A,0][Da] =e' |B,0[D0^E,0d'0] [c'0E,0B,0] [D2A,2]a2 b4 | C2 [A,2^E,2]a[C0E,0]b2[C3E,3] C6 [E,6A,6] |[^E,2B,2]A,2 [E,3B,3A,3]B,2E,2[B,3A,3E,3] |
^E,4 [A,4B,4] c'2B,2C2=E2 [E3B,3A,3C3][C2B,2A,2] |[C11E11][B,11A,11] | [E4B,4C4A,4] e'A,0[C0E0B,0d'0]c' [C2A,2E2]b2 | b2F,2 C0< [A,0F,0B,0E0]aC2[A,2E2F,2][E9C9F,9A,9] |
[B,2A,2]F,2 [F,2A,2B,2]>a2B,F, e' |[d'0C0][A,3F,3] [c'0C0] [F,2A,2]b2 b2[^E,2B,2A,2] | [A,3B,3^E,3]a0B,2[B,9E,9A,9] |D2A,2 [D2A,2^E,2]>[a2B,2]E, =e'd'0[A,3B,3D3^E,3] c'0 D2 |
a2 b4 [CA,^E,]ab[E,2C2] |[C9A,9^E,9][E,2B,2]A,2 | [B,3A,3^E,3][B,2E,2]A,2[E,3B,3]A,3 [B,6A,6] E,6 |B,2C2E2 [E3B,3A,3C3][C2B,2A,2][C11E11B,11]A,11 |
[E4B,4C4A,4] e' |A,0[C0E0B,0d'0]c' [C2A,2E2]b2 b2F,2 | C0< [F,0A,0B,0E0]aC2[A,2E2F,2][E9C9F,9A,9] |[B,2A,2]F,2 [F,2B,2A,2]>a2B,F, e'[d'0C0][A,3F,3] [c'0C0] [F,2A,2] |
b2 b2[^E,2B,2A,2] [A,3B,3E,3]a0B,2 |[B,9^E,9]A,9D2A,2 | [A,2^E,2D2]>[a2B,2]E, =e'd'0[A,3B,3D3^E,3] c'0 D2a2 b4 | [CA,^E,]ab[E,2C2][C9A,9E,9] |
[^E,2B,2]A,2 [B,3A,3E,3][B,2E,2]A,2 |[^E,3B,3]A,3 [B,0A,0E,0] |","['Ambient', 'Electronic', 'Latin', 'Rap']",Electronic,1,Choose the most probable genre label of the provided score.
Electronic_Hands Up_89ers_Words (Original).abc,"X:1
M:3/4
L:1/16
K:C
[G,2E2C2C,2][G,2C2E2] | [G,2C2E2][CG,E]C,2 E[G,C][G,2C2E2] [G,2C2E2][G,2C2E2][G,2C2E2C,2] |[G,2C2E2][G,2C2E2][C2G,2E2C,2][G,2C2E2][G,2C2E2][G,2C2E2]C,2 |[G,2C2E2][G,2C2E2C,2][G,2C2E2][G,2C2E2][G,0C0E0]C,2[G,2C2E2] | [G,2C2E2][G,2C2E2C,2] [G,2C2E2][G,2C2G2C,2] [C2G2][C2G2] |
[E2C2G2C,2]G,2 G2C2 G,2[E2G2C,2c2] G,2 |C2E2[G2d2]C2e2E2 |[A,4A4]E2[a2c2e2]E2[A2c2a2e2] |E2[C2A2] A,2[A2d2] D2[F2A2] |
[f4d4] [c2e2]D2 [B0d0] G,4 D2 |G2 g2d2D2[G,2G2][G,2D2] |G2_B2g2D2G2[B2d2] |D2[A0^c0]A,4E2 A2a2 |
[E2A2]A,2 A2[f4D4]F2 A2 |f2 F2e2D2[G,4d4] |D2[G2B2]D2G2D2G,2 |[c2G2G,2d2]E2[G2c2e2]E2 C2G2 |
[G,2c2][C2e2] [f2F,2]C2 [F2A2][C2c2] [G,B] |dgd [DB]dgd[c4e4G,4]C2 |E2[D4d'4][e'4E4][a4A,4] |E2[G2A2]e2 a2C2 |
A,2D,2 A,2D2 [F2f2][f'4f4] |[e'4e4][d'4G,4d4]B,2G4 |g2[D2B2]G,2G,2G2 |_B2[d2B2]D2G2d2D2 |
[^c2A,2][E2A2] c2a2 E2A2 g2 |E2 [f4A,4] [D2A2]F2f2 |F2e2D2[G,4d4]B,2 |G2B3cG,2[D2d2]G,0d2 |
c2E2 [G2c2e2][G4c4e4][C2G,2E2] | [G2c2e2]G,2 G2[E4c4][F,4C4A4c4f4] |[G,4E4c4G4e4]d4[G,4D4B4G4][G4B4d4g4] |G,2[B2G2g2d2]D2[G2c2e2][G,2E2]G2 |
c2[G2c2e2][G,2E2][G2c2e2] [G,2C2E2][G,2G2] | [G,4D4G4d4B4g4] [G4B4d4g4] [G,2D2][B2G2g2d2] [G,2D2] |G,0[d2c2G2e2] [G,2E2][C2E2G,2] [C2E2G,2]GAc2 |d2e2E2[c4e4][A,4E4A4][A2c2e2a2] |
[E2C2][A,2C2E2][A2a2e2c2][C2E2][B2e2g2][B,2G2E2] | B2e2 [e2B2b2][B,2G2] B2G2E2 | B,4<[c4d4f4a4] C2A,2 c2 |[d2C2][F,0d0g0]c2G,2[B2d2g2]D2G,2 |
[F2G2]B2[D2d2][G,2g2]F,2C2 |[^G2c2f2]F2 F,2[G2c2f2] C2F,2 | [G2g2G,2][A2a2A,2] [B2b2B,2]C0[c2c'2] [d2d'2D2][e2e'2E2] [f2f'2F2] |[G2g2g'2]G2A2B2c2d2 |
B2G2D2G,4[c2e2G2] |E2[G,2d2]D2e2 E2[E4A,4A4] |C2 [c2e2a2]E2 A2[c2A,2e2] [E2A2] |A,2 D2[F2A2]F2f2[F2A2] |
e2D2[G,4B4d4]D2B,2 |G2g2D2G,2[G,2D2]G2 | _B2[B2g2] [D2G,2]G2 d2D2 | [A,2^c2]E2 A,2A2 a2A2g2 |
f2[F4A,4][D3A3]Ff2 |F2e2D2[d4G,4]B,2 |[B2G2]B2 c2G2 [G,2d2][d2E2G,2] | c2C2 E2G2 [C2E2][c2G,2] [E2G2c2g2] |
[C2G,2E2][G2c2g2][C2E2][G,2G2][A4c4f4][F,4C4] |[G,4E4c4G4e4][G4B4d4G,4D4][G2B2d2g2]D2 |G,2[G2B2d2][B2f2d2]G2D2[c4G4e4] | [G2c2e2][C2E2] G,2[G2c2e2] [C2E2][G2G,2] G,0 |
[D4G4B4d4] [G2B2d2][G2B2d2] [G,2D2][G2B2d2][B2G2f2] |[G,2D2][G4e4c4G,4]E2[c2e2c'2][E2G,2] |[G,2c2][C2e2][E2c'2][A,2c2e2]E2[e2c2] |[c2e2][C2A,2E2] [c2e2a2]E2 [A,2c2][e0G,0g0]B4 |
B,2 E2e2 B2E2 G,2 |F,2[A2d2f2]C2[A2F,2][d2f2][F2A2] |[d2C2][F,2d2]G,2G2[d2D2][G2B2d2g2] |D2[G2B2d2g2] G,2D2 [f2F,2][g2G,2] |
[^G,2g2][_b2B,2] [=B,2C2c'2][D2d'2] [E2e'2][F2f'2] [=g2G,2] |[a2A,2][b2B,2][C2c'2][D2d'2][e'2E2][f'2F2] |[G2g'2][G,2G2][A,2A2][B2B,2][C2c2][d2D2g2] |D2C2G,2G,2 [g2b2][D2b2d'2g2] |
G,2[g2d2] D2[c2d2] D2[d2g2] G,2 |[d2g2] [d2g2]D2[d2g2]G2D2[D2G2] |[G2d2G,2g2][G2d2g2][d2g2]G2[G,2D2][D2G,2][G2d2g2] |D2[G3d3g3]G,[d2G2g2] DG,[G2d2g2] |
DG,[G2d2g2] D2G,2 [G2d2g2]D2 [G2d2g2] |D2 G,2[G2g2d2]D2[G2G,2][D2F2f2d2]G,2 |e0[C4G,4E4c4][D4B4][G,4d4][D6G,6A6c6f6] |e0[G,8C8G8c8][d'4D4] |
[e'4E4][A,4a4]E4 |E2 e2C2 E2A,2A,2 |[A,4a4][f'4F4][E4e'4] |[D4d'4]D2G,2G2g2 |
[D2d2][G,2g2] G,4 D2_B,2 | _B2d2 D2[G,2^c2] A,2A2c2 |[^c2a2]E2A2g2E2[f2A,2] |F2[A,4a4][F4f'4][E4e'4] |
[D4d'4]D2 [g2G,2]G2b2 | c'2[D2d'2] G,2[E2d2A,2] c2E2 C2 |B0E2A,2c2E2[^G,2B2]E2 |[B,2e2]b2E2^G,2E2G,2 |
[c4c'4] [G,2E2C2]G,2 [d2d'2]E2 | [e'2e2]<G,2 [^F,4a4] F,2ea [c'3E3] |b[^F,2C2]a2[e2G,2]d2c4 |G,2[A2c2]C4G,2 |
E2C2 E2[G,2E2] C2E2 | G,2[D4d4B4][d2B2] [G,2D2][f2d2] [c2e2] |[c2e2][f2d2][G,2D2c2e2][B2d2][B2d2]f2 |[G,2D2][G,2e2][D2d2]G,2[c4G,4E4C4G4] |
G,2E2c2C2>E2G,2 | [A,2E2A2]C2 c2a8 |A2 [A2e2A,2][A2f2]F2D2A,2 |[F2A2]c2B2G,2g2D2 |
G2B2[D2G2]G,2 D2[D2G,2] | G2_B2 g2D2 G2d2 D2 |[^c2A,2] E2[A2e2][a2c2][E2A,2]A2 |[g2e2][A,2E2][A,4d4A4f4][D2F2][D2A,2] |
d2A2F2[D2G2B2]G,2G2 | [B2g2][G,2D2G2] [G,2B2]c2 [D2d2]G,2 G,0 | [d2E2]c2 C2C2 G,2[E4C4] |[E2d2][A,2e2]E2A2[c2a2][E2A,2] |
A2E2[C2A2][A2A,2d2e2][A4d4f4] | [F4D4] A2[D2F2d2] [A,2c2]G,2 | D2[G4B4d4g4][D2G,2] [G2B2d2g2]D2 [G,2G2] |[D2G,2_B2d2G2g2][G2B,2B2d2][G2B2d2][G2B2d2][B,2D2][B2G2d2] |
[_B,2D2]G,0[A2^c2]A,2[E2A2]c2E2 |a2A2 g2[E2f2] A,2F2 | [A2d2][A2d2] [A2d2][D2F2] [A2d2]A,0[G2B2d2] G,2 |[G2B2g2d2] D2G2[G,2B2][D2c2]G,0d2 |
D2[c2G,2]C2D2[G2d2][C2G,2] |[d2G2][G,2E2e2]C2[E0c0]G,2 [G,2C2]E2 | [c2G,2][E2d2] e0 E2[C2g2] C2[c14e14g14C,14C14c'14] |","['Electronic', 'Folk', 'Classical', 'Country']",Electronic,0,Choose the most probable genre label of the provided score.
Electronic_Deep Disco_Carol Douglas_Dancing Queen.abc,"X:1
M:3/4
L:1/16
K:F#m
^e' =e' d' ^b =b a =g^e=ed^B=BAG[E^E]D^B,=B,A,G,E,=E,D, | [A,2E2C2]<[A,2E2C2A2] [A3A,3E3C3][A3A,3C3E3][C6E6A,6A6] | [D2A,2F2]<[D2A,2F2A2] [A3A,3D3F3][A3A,3D3F3] |[A6A,6F6D6] [A,2E2C2]<[A,2E2C2A2] | [A3E3C3A,3][A,3C3A3E3][AA,EC][ac'e'a'] [a2c'2e'2a'2]>[g2b2e'2g'2] |
[FDA,gbe'g'][A,2D2A2F2][fad'f'] [A3A,3F3D3a3f3d'3f'3][A3D3A,3F3][A6D6F6A,6] | [A,2E2C2]<[E2C2A2A,2] [A,3A3C3E3][A3A,3C3E3] |[A6A,6C6E6] [A,2D2F2]<[D2F2A,2A2] | [A3A,3F3D3][A3D3F3A,3][D6A,6A6F6] |
[EB,G][B,2B2E2G2][CEA] [B,2B2G2E2][EAC][c5C5A5E5] | [G4B4E4B,4G4B,4E4e4g4b4] [B,ADFA,FDdfa]A,[B,ADFA,]A, A,A,[E10A,10C10A10E10C10A,10a10c10e10] | [B10E10B,10G10G,10B,10E10] |[B,2E2B2G2] [B,4E4B4G4] |
[B10^E10C10G10E10C10B,10][C2G2B2E2] | [^E4B4G4C4] [C3A3=E3F3C3A,3F3][E3C3F3A3][C10E10F10A10] | [B,3A3^D3F3D3B,3F3A3a3][F3D3B,3A3B3b3] |[A2B,2^D2F2c2c'2] [d2d'2][FDB,A][ee'] [F2D2A2B,2][f2f'2] |
[E2D2A,2e2e'2]<[A2A,2D2F2] [A3F3D3A,3][A3F3A,3D3][A6F6A,6D6] | [D2A,2E2]<[A,2A2D2F2] [A,3A3D3F3][A3A,3D3F3] |[A6F6A,6D6] [A,CE][A,2E2C2A2][A,CE] | [A,2A2C2E2][A,2E2C2]<[A2A,2C2E2][AA,CE][ac'e'a'] [a2c'2e'2a'2]>[g2b2e'2g'2] |
[FA,Dgbe'g'][D2A,2F2A2][DFA,][fad'f'] [A2D2F2A,2a2f'2d'2f2][D2F2A,2]<[A2F2A,2D2][F6A6A,6D6] | [A,3E3C3][C3A,3E3][A,4C4E4] |[A,2A2D2F2] [D4A4F4A,4] [A,3C3E3][C3A,3E3] |[A,4E4C4][D2A,2F2A2] [A4D4F4A,4] |
[CEA,A,ECCE][CE][CE][CE] [CE][CE][EA,CCE][CE] [CE][CE][CE][CE] | [CE][CE][CE][CE] [FA,DDFA,DF][DF][DF][DF] [DF][DF][A,FDDF][DF] | [DF][DF][DF][DF] [B,GEDF][DF][DF][DF] [CA,ECEA,CE][CE][CE][CE] | [CE][CE][CEA,CE][CE] [CE][CE][CE][CE] [CE][CE][CE][CE] |
[FCA,FA,CCF][CF][CF][CF] [CF][CF][A,CFC][CF] [CF]CC[CF][Aa] | [CF][C0F0][gG][CF][CF][Ee] [E,,3E,3G,3E3B,3d3D3][G,3B,3E3][E,3E,,3e3E3][E,,4E,4E4A,4C4e4E4] |[Aa][A2a2][g2G2][Ee] [E,,3E,3G,3B,3E3D3d3][G,0B,0E0][E,3E,,3E3e3] |[E,,10E,10E10A,10C10E10e10] |
[E,,3E,3G,3B,3E3E3e3][C0A,0F0][F,3F,,3F3f3][F,,10F,10A,10F10C10F10f10] | [E,3E3G,3B,3E3e3e'3][C0A,0F0][F3F,3f3f'3][F,10F10F10C10A,10f10f'10] | [A,ACEA,ECCE][CE][CE][CE][A,ECA] | [CE][CE][AECA,CE][CE] [CE][CE][CE][CE] [CE][CE][CE][CE] |
[AA,DFFA,DDF][DF][DF][DF][A,DFA] [DF][DF][ADFA,DF][DF] [DF][DF][DF][DF] | [DF][DF][DF][DF] [AA,CECA,ECE][CE][CE][CE][CA,EA] [CE][CE][AA,CECE][CE] | [CE][CE][CE][CE] [CE][CE][CE][CE] [A,FCA,FCCF][CF][CF][CF][CA,F] | [CF][CF][FA,CCF]C [CF][CF][CF][CF][Aa] [CF][C0F0][gG][CF][CF][eE] |
[E,,3E,3B,3D3G3E3E3G,3B,3D3d3][G,3B,3E3][D3B,3E,3E3G3E,,3e3E3][C4E4A4E,,4E,4E4A,4C4E4e4][Aa][a2A2] |[g2G2][eE] [B,3E,,3E,3D3G3E3G,3B,3E3D3d3][G,3B,3E3][D3B,3E3E,3G3E,,3e3E3][C4E4A4E,4E,,4E4A,4C4e4E4] |[e6E6] [E,,3E,3G,3B,3E3E3e3][A,0C0F0][F,3F,,3F3f3] |[F,,2F,2A,2F2C2F2f2]>F,,2A,,C, F,A,CA |
[B,3G3E3G,3E3B,3e3e'3][A,0C0F0][C3A,3F3f3f'3][A,10C10F10F10A,10C10f10f'10] | [c3C3A,3F3D3][D3d3][d10D10] | [EGBDE,B,EG,B,D][B,D][B,D][B,D] | [B,D][B,D][B,D][B,D] [B,D][B,D][B,D][B,D] [B,D][B,D][B,D][B,D] |
[CA,ECE]E[A,ECA][CE][A,CECE] [A,ACECE][CE][A,CECE][C0E0][AA,CE] [CE][CE][AEA,CA,ECCE][CE][aa'c'e'] | [a'ac'e'CE][CE][CE][CE] [FA,DD][DF][A,ADF][DF][DFA,DF] [ADA,FDF][DF][DA,FDF][D0F0][AFA,D] | [DF][DF][AA,FDDF][DF][ad'a'] [a'ad'DF][DF][DF][DF] [A,CECE][C0E0][A,ECA][CE][A,ECCE] | [AA,CECE][CE][CA,ECE][C0E0][A2C2A,2E2] [CE][CE][AECA,CE][CE][c'e'a'] [ac'e'a'CE][CE][CE][CE][gbe'g'] |
[A,FDgbe'g'DF][DF][A,DFA][DF][DA,FDF][fad'f'] [A,ADFad'ff'DF][DF][FDA,DF][D0F0][AA,FD] [DF][DF][AFA,DDF][DF] | [DF][DF][DF][DF] [A,CECE][CE][EA,AC][CE][CA,ECE] [A,AECCE][CE][EA,CCE][C0E0][E2A2C2A,2] | [CE][CE][AA,ECCE][CE][ac'e'a'] [aa'c'e'CE][CE][CE][CE] [FA,DDF][D0F0][ADFA,][DF][DA,FDF] | [AA,FDDF][DF][A,FDDF][D0F0][ADA,F] [DF][DF][DFAA,DF][DF] [DF][DF][DF][DF] |
[E2B,2G2]<[B2B,2G2E2] [B,2B2E2G2][E2A2C2]<[C2E2c2A2][CcAE][c'e'a'c''] | [E2G2B2B,2G2B,2E2c'2e'2a'2c''2]>[b2e'2g'2b'2] [A3A,3D3F3D3F3A,3b3e'3g'3b'3][A,3D3F3A3a3d'3f'3a'3][E10A10A,10C10E10C10A,10e10c'10e'10] | [BB,EGB,G,EEG][EG][EG][EG] | [EG][EG][EG][EG] [EG][EG][B2B,2G2E2E2G2][EG] [B,EBGEG][EG][EG][EG] |
[B^ECGECB,EG][EG][EG][EG] [EG][EG][EG][EG] [EG][EG][ECBGEG][EG] | [B^EGCEG][EG][EG][EG] [AFC=EFA,CFA][FA][FA][FA][CEFA] [FA][FA][CAEFFA][FA] | [FA][FA][FA][FA] [FA][FA][FA][FA] [AB,^DFDB,FAaFA][FA][FA][F0A0][FDB,ABb] | [FA][FA][B,A^DFcc'FA][FA] [dd'FA][FA][FA][F0A0][ee'] [ADFB,FA][FA][ff'FA][FA] |
[DEA,ee'EA][EA][A,FDA][EA][EA] [ADFA,EA][EA][EA][E0A0][A2A,2D2F2] [EA][EA][AFA,DEA][EA] | [EA][EA][EA][EA] [EDA,DA][DA][A,ADF][DA][DA] [ADFA,DA][DA][DA][D0A0][ADFA,] | [DA][DA][ADFA,DA][DA] [DA][DA][DA][DA] [A,CECE][C0E0][A,AEC][CE][CA,ECE] | [AEA,CCE][CE][EA,CCE][C0E0][A2E2A,2C2] [CE][CE][AA,ECCE][CE][ac'e'a'] [ac'e'a'CE][CE][CE][CE][gbe'g'] |
[FA,Dgbe'g'DF][DF][AA,FD][DF][DA,FDF][fad'f'] [ADA,Ffd'af'DF][DF][DFA,DF][D0F0][A2F2A,2D2] [DF][DF][FADA,DF][DF] | [DF][DF][DF][DF] [A,CECE][C0E0][AA,EC][CE][A,CECE] [A,2A2C2E2C2E2][CE][A,ECCE][C0E0][AA,CE] | [CE][CE][AEA,CCE][CE] [CE][CE][CE][CE] [FA,DDF][D0F0][ADA,F][DF][DA,FD] | [AFDA,DF][DF][A,FDDF][D0F0][A3D3F3A,3][A6F6A,6D6] |
[E10C10E,10A,,10][A,2A2D2F2] | [A,4F4A4D4] [E,10E10A,,10C10] |[A2A,2D2F2] [A,4D4A4F4] [CEA,A,ECCE][CE][CE][CE] | [CE][CE][A,ECCE][CE] [CE][CE][CE][CE] [CE][CE][CE][CE] |
[AFDA,A,FDDF][DF][DF][DF] [DF][DF][AFDA,DF][DF] [DF][DF][DF][DF] | [DF][DF][DF][DF] [CA,ECA,ECE][CE][CE][CE] [CE][CE][CA,ECE][CE] | [CE][CE][CE][CE] [CE][CE][CE][CE] [FCA,A,FCCF][CF][CF][CF] | [CF]C[A,FCCF]C [CF][CF][CF][CF][Aa] [CF][CF][gG][CF][CF][eE] |
[D3E,,3E,3G3B,3E3E3B,3G,3D3d3][D3E,3B,3E3G3E,,3e3E3][E4E,4E,,4A4C4E4A,4C4E4e4][Aa][A2a2] |[g2G2][Ee] [B,3E,,3G3D3E,3E3G,3E3B,3D3d3][G,3B,3E3][D3B,3E3G3E,3E,,3e3E3][C4E4E,,4A4E,4A,4E4C4e4E4] |[E6e6] [E,,3E,3G,3B,3E3E3e3][C0A,0F0][F,3F,,3F3f3] |[F,2F,,2A,2F2C2F2f2]>F,,2A,,C, F,A,CA |
[B,3G3E3E3B,3G3e3e'3][C0F0A0][A,3C3F3f3f'3][A,10C10F10A10F10C10f'10f10] | [c3C3A3F3B,,3D3A,3F3][D3d3F3A3][d10A10F10D10] | [E,16G16B16E16D16G,16B,16E16] | [A,2C2E2]<[A,2C2E2A2] [A3C3A,3E3][A,3A3C3E3][AA,EC][ac'a'e'] |
[a4a'4c'4e'4] [F2D2A,2]<[D2A,2A2F2] [A3F3D3A,3][A3F3A,3D3] |[FAA,D][bd'b'] [b'4b4d'4] [A,2E2C2]<[E2C2A2A,2] | [A,3A3C3E3][A3A,3C3E3][AA,EC][ac'e'a'] [a2c'2e'2a'2]>[g2b2e'2g'2] | [FA,Dgbe'g'][A2D2F2A,2][fad'f'] [A3F3A,3D3d'3a3f3f'3][A3F3D3A,3][A6F6D6A,6] |
[C2A,2E2]<[A,2C2E2A2] [A,3C3A3E3][A3C3A,3E3] |[AA,CE][c'ae'] [a'4a4c'4e'4] [A,2D2F2]<[D2A,2F2A2] | [A,3A3D3F3][F3D3A3A,3][A,DFA][d'f'a'] [a'4d'4f'4a4] | [EB,G][B,2E2B2G2][CEA] [B,2B2G2E2][CEA][c4A4C4E4][e'a'c''] |
[E2G2B2B,2G2B,2E2c'2e'2a'2c''2]>[b2e'2g'2b'2] [A3D3F3A,3A,3F3D3b3e'3g'3b'3][D3A,3F3A3a'3d'3f'3a3][E10A,10C10A10E10A,10C10a10c'10e'10e10] | [EGB,B,G,EEG][EG][EG][EG] | [EG][EG][EG][EG] [EG][EG][B,GEEG][EG] [EGB,EG][EG][EG][EG] | [^EBCGECB,EG][EG][EG][EG] [EG][EG][EG][EG] [EG][EG][C2E2B2G2E2G2][EG] |
[B^EGCEG][EG][EG][EG] [AC=EFFA,CAaFA][FA][FA][F0A0][CEFABb] [FA][FA][CAEFGgFA][FA] | [AaFA][FA][FA][F0A0][bB] [FA][FA][gGFA][FA] [B,B^DFDFB,AaFA][FA][FA][F0A0][DB,FBbB] | [FA][FA][B,B^DFcc'FA][FA] [dd'FA][FA][B,BDFFA][F0A0][ee'] [FBDB,FA][FA][ff'FA][FA] | [DEA,ee'EA][EA][DA,FA][EA][EA] [A,DAFEA][EA][EA][E0A0][A2A,2F2D2] [EA][EA][AA,DFEA][EA] |
[EA][EA][EA][EA] [DA,EDA][DA][AFA,D][DA][DA] [AFA,DDA][DA][DA][D0A0][AFA,D] | [DA][DA][A,ADFDA][DA] [DA][DA][DA][DA] [CEA,CE][CE][ACEA,][CE][CE] | [AA,CECA,ECE][CE][A,CECE][CE][A,ACE] [CE][CE][AA,ECCE][CE] [CE][CE][CE][CE] | [FA,DDF][DF][AA,FD][DF][DF] [AFA,DDF][DF][DF][D0F0][AA,FD] [DF][DF][AFDA,DF][DF] |
[DF][DF][DF][DF] [A,CECE][CE][A,AEC][CE][CA,ECE] [A,ACECE][CE][A,CECE][C0E0][A2E2C2A,2] | [CE][CE][AA,CECE][CE][ac'e'a'] [ac'e'a'CE][CE][CE][CE][gbe'g'] [FA,Dgbe'g'DF][DF][A,DAF][DF][DA,FDF][d'ff'a] | [AFDA,ad'ff'DF][DF][A,FDDF][D0F0][AA,FD] [DF][DF][FADA,DF][DF] [DF][DF][DF][DF] | [A,ECCE][CE][A,ACE][CE][CA,ECE] [AA,ECCE][CE][A,ECCE][C0E0][A,CEA] [CE][CE][AA,CECE][CE] |
[CE][CE][CE][CE] [FA,DDF][D0F0][FADA,][DF][DA,FDF] [ADFA,DF][DF][FA,DDF][DF][AA,DF] | [DF][DF][AA,FDDF][DF] [DF][DF][DF][DF] [EA,CCE][CE][A,CEA][CE][A,CECE] | [AA,CECE][CE][A,CECE][C0E0][A,CEA] [CE][CE][AA,CECE][CE][ac'e'a'] [ac'e'a'CE][CE][CE][CE][gbe'g'] | [FA,Dgbe'g'DF][DF][A,DFA][DF][DA,FDF][fad'f'] [ADFA,d'faf'DF][DF][DFA,DF][D0F0][AFDA,] [DF][DF][AA,DFDF][DF] |
[DF][D0F0][ADFA,][DF][DF] [A,CECE][CE][A,CAE][CE][CA,ECE] [AEA,CCE][CE][A,ECCE][C0E0][AEA,C] | [CE][CE][AEA,CCE][CE] [CE][CE][CE][CE] [FA,DDF][DF][DFA,A][DF][DA,FDF] | [A,DAFDF][DF][DFA,DF][D0F0][ADFA,] [DF][DF][AFA,DDF][DF] [DF][DF][DF][DF] | [A,ECCE][C0E0][EAA,C][CE][A,CECE] [A,EACCE][CE][A,ECCE][C0E0][A2A,2C2E2] [CE][CE][AEA,CCE][CE][c'e'a'] |
[ac'e'a'CE][CE][CE][CE][gbe'g'] [FA,Dgbe'g'DF][D0F0][A2D2F2A,2][DF][DA,FDF][d'fa] [FADA,d'af'fDF][DF][DFA,DF][DF][A,DFA] | [DF][DF][AFDA,DF][DF] [DF][DF][DF][DF] [A,CECE][CE][AA,EC][CE][CA,ECE] | [A,EACCE][CE][A,CECE][C0E0][A,CAE] [CE][CE][ACA,ECE][CE] [CE][CE][CE][CE] | [FDA,DF][DF][DFA,A][DF][DA,FDF] [FAA,DDF][DF][FA,DDF][D0F0][A2A,2F2D2] [DF][DF][AFDA,DF][DF] |
[DF][DF][DF][DF] [EA,CCE][CE][A,CEA][CE][CA,ECE] [A,EACCE][CE][A,ECCE][CE][A,ECA] | [CE][CE][AA,ECCE][CE][ac'e'a'] [ac'e'a'CE][CE][CE][CE][gbe'g'] [FA,Dgbe'g'DF][DF][A,DAF][DF][DA,FDF][fad'f'] | [AFA,Dfad'f'DF][DF][A,FDD][D0F0][FDAA,] [DF][DF][AA,DFDF][DF] [DF][D0F0][ADFA,][DF][D0F0] |","['Classical', 'Pop', 'Electronic', 'Soul']",Electronic,2,Choose the most probable genre label of the provided score.
Electronic_Hardstyle_Philippe Rochard_Under Pressure.abc,"X:1
M:3/4
L:1/16
K:Am
[G3A3d3][G11A11d11] |[G3A3d3][G11A11d11] | [E3F3A3][E11F11A11] |[E3F3A3] |
[E5F5A5][C2F2] [C2F2]<[C2E2] | [G3A3d3][G6A6d6][a2g2d'2][a3g3d'3] |[G3A3d3][G11A11d11] | [E3F3A3][E11F11A11] |
[E3F3A3][E5F5A5] |[G2A2d2] [GAd][A9B9e9] |[G3A3d3][G11A11d11] | [G3A3d3][G6A6d6] |
[G2A2d2][G3A3d3][E3F3A3][E11F11A11] | [E3F3A3][E5F5A5] | [C2F2][C2F2]<[C2E2][G3A3d3] |[G11A11d11] |
[G3A3d3][G11A11d11] |[E3F3A3][E11F11A11] | [E3F3A3][E5F5A5] | [C2F2][C2F2]<[C2E2][G3A3d3][G11A11d11] |
[G3A3d3][G11A11d11] |[E3F3A3] |[E11F11A11] | [E3F3A3][E5F5A5] [C2F2][C2F2]<[C2E2] |
[G3A3d3][G11A11d11] | [G3A3d3][G11A11d11] |[^F6D6A6]<[F6A6D6] |[A2D2^F2] [^C3=F3A3][C6F6A6] |
[^C3F3A3] [C2F2A2]D,,2 | A,,[A,2D2]D,2[A,2D2][A,D] G,D,[A,2D2] | G,[A,D][^F,,2E,,2] B,,[B,2E2]A,2[B,2E2][B,E] | A,D,[B,E]E, A,[B,E]D,,2 A,,[A,D]G,D, |
[A,2D2]D,[A,D] G,D,[A,2D2] G,[A,D]E,,2 | B,,[B,E]A,[B,E] A,[D,2E,2][EB,] A,D,[B,E]E, | A,[B,C]F,,2 C,[^G,2^D2][G,D] CC,[D2G,2] | CC,[^D2^G,2] CG,2_B,,2[D2G,2][DG,] |
C_B,,[^D2^G,2] CB,,[D2G,2] [G,C]G,E,,E, | B,,[A,2D2^F2][E,A,DF] E,E,,[A,2D2F2] [DF]A,D,[FD] | A,E,[^G,2E2] [EG,]E,[CDG,][G,D] D,[^DG,=D=G]D,[^G,2F2D2] |[E,2G2^G,2D2][G,3D3F3][=G3A3d3][G11A11d11] |
[G3A3d3][G11A11d11] |[E3F3A3] |[E11F11A11] | [E3F3A3][E5F5A5] [C2F2][C2F2]<[C2E2] |
[G3A3d3][G11A11d11] | [G3A3d3][G11A11d11] |[E3F3A3][E11F11A11] | [E3F3A3][E5F5A5] |
[C2F2][C2F2]<[C2E2][G3A3d3] |[G11A11d11] | [G3A3d3][G11A11d11] |[E3F3A3][E11F11A11] |
[E3F3A3][E5F5A5] | [C2F2][C2F2]<[C2E2][d3G3F3A3][d3G3F3A3] | [d3G3F3A3][G3A3d3F3][G2A2F2d2] [A3G3e3B3][A3e3B3G3] |[A3e3G3B3][G3A3B3e3] [A2B2e2G2][C22D22F22A22] |
[C2D2G2][CDG][D2E2A2] |[A2e2d2a2] |","['Ambient', 'Pop', 'Electronic', 'Rock']",Electronic,2,Choose the most probable genre label of the provided score.
Jazz_Vocal Jazz_Keely Smith_Just A Gigolo.abc,"X:1
M:3/4
L:1/16
K:Dm
[c2C,2][^C,c]dD,[_eE,][=E,e] [F,f] |[^f0F,0][G,g][^gG,][a2A,2] a2[A,2a2] [a8A,8] |a0[d0C,0A0]B,2B, EA^cea c' |f'[=b'a']^c''e'' a''=c'''6A3 |G0<E0[G,2C2A,,2=B,2] GGG2[G0B,0][D0^G,0G,,0=G,0]^F,2 |F,2G3F0<[D0B,0][G,,2A,2F,2] F2F2 |
F3[F3D3B,3D,,,3F,3]D,,3[f0^F,0B0]<[B0d0=F0]C7 | e5[G,,0d0] | [D2A,2]B,2e2 d3[C,0c0]C2^C | _E=E^F((3^G2B2c2)^c_e=ef gb=c'^c'_e' |
e' [B,C,]^f'^g'b' c'' [C,C,,]^c''_e''c'' =f''^f''g''2 | g''2 G,,2G,2 [g0B,0]<g0[Dd]B[g2F2]B2[B,2F2]G2G0[B,0D0G,0] | ^F,((3=F,2E,2_E,0)D, [^C,0=B,0]< [G0E0]G3F0[D0G,,0_B,0] [F,0G,0] |FF F2D,,,3 [f3B3d3] [F3^F,3] C3[d4F,4=f4B4][F4C4] |
[f5^F,5][C5d5=F5B5] e0G,,2B,2 |[D2F2B2]e2 [e0C,0]< [E0c0^G0B,0]E3[d0G0][E3B,3] |e5[d0C0][G2G,2A,,2]c6 |[c0^F,0=F0][C2^G,,2]c4 [B,3=G,,3F3] F,3B,0[B0F0D,0] |
B,0[E0C,,,0C,,0]G2^GA | B=Bd7^c4 |[^F,,0c0][c0F,0^G0E0]B,2c3c6 | [c0=B,,,0]<[D0^F0_E,0]A,9 |
c4[B0^C0_E,0][F0=C0] [B2B,2] |[A,0^C0B0]F2 _E,9 |[^C4B4A,,4A,,,4]E4[B2e2G2]E2c2 [G3g3B3c3][G3C3]_E,3 |[^F0F,0C0D,0][F2_E2C2A2]A,2 [^G2E2G,2] [C2F2][E2A2A,2]C2 |
[c0^F0] [_E2C2]D,7B4 |A0G,,3 A,B,D^F A FGA2Bd | ^fafg a bd'f'((3a'2c''2a'2)b'0[A,B,] D |^f'a'd'2b2a3g3B,,3 |
b0<d0[F2D2C2]a2c2 [B5g5]b2[c2_E,,2]B,,2 |G,2B,2[^C0=C0F0] B,4 | [A2C2][G3B,3][A0F0E0]D,2A,2[F6D6][A,6C6] |[G6D6] F |
G0 EAF=BGc[Ad][Be][cf]de [bf] [c'g] [d'a]bc'0d'0e'0[G,,,0G,,0][g'3a'3]a'4 |E7[=B,7F,7] [_E0=e'0]< E0 [F2f'2][d'2D2] | c'3C3 C,,3[^G0c0E0B,0] |A3 [e7g7^c7E7B,7A7] [f7G7D7A,7=c7] |
[G4B4_E4=B,4]^G,4^C,3[A0=C,0]<[_B,0=G,0D0]=E7 |C7 | A,0[G2c2E2A2]A,2[E3A3G3c3]A,2A,2[E4B4c4G4] |[B4E4]c4[A3C3G3]E3G,A0[G0E0G,0]^F, |
d0< =B0[G,0g0]^G4[F4G4B4d4]d3[_B2F2=G2] F, | G,F,[D,0d0B0G0]F,3[d4^F4c4][d3F3c3] | D,[B2d2]G2 D,[dGB]E,D, C,2<[d2B2]E3 A, |B,BC^CD F[dF]BDB,A, F,[dD,F][GB]D,3 |
[_e4F4=B4]^G4e2[F2G2B2]B, ^C[d_B=G][FD]F | D[d0G0][F0B0F,0] ^F,2<[F2d2]c2> A,2[C0d0][c3F3] | A,[B0F0G0B,0] D,2[dB]F,A,[E0B0]G,((3^F,2=F,2c2) |[BE,]D^Cd[=c2A2]C ((3C,2D,2d2) ((3E,2F,2c2) |
[EB] G,A,[B,B]c=B,0 C D_E0=E[_e0F0_B0]c3 |G,_e4[F4B4]d3[E3A3]A,2[dCAE] |C2B, [^c0A,0_E0] BB,A,G,A, [c4B4] | [G3f3] ^c2>A,,2 [G2e2c2]>G,2[e3^F3=c3] A,2 |
[^G,^F]cA,B, =B, C[F4e4]c4d3F3 | B,[dGAA,B]B,A, G,^F,[dBA,]GF, G,D,D,[dB][GA]D,2< D,2 |d3[A2B2G2]>A,2[D2d2]A2D2[D4F4A4]c4 |[c0F0][^C4G4][=cFDB] ((3A,2C4A,2) |
F,3[D0A0][C4F4][=B3D3]F2G,,2[E3F,3B,3] |G,,[F,2F2G,2B,2D2][DD,]G,[B,A,,] B,,[D,D][F,0F0]B,^GA, A | [cC][^cC]E[_E=E_eB] [c=EB,]^G[=c3=G3A,3D3] [E3A,3A3C3] [^G,0=B,0_E0G0] | [G3^C3E,3B,3E3]=C,,2 [^C3^G,3] [E,3B,3] C,2>=C2 |
[C,4F,,4] A4 A,4 [D3F,3][C3A,3]B,,,2[e5D5g5c5G5^G,5] |d4[G4B,,4D4^G,4][=G4c4A,,4E,4C4G,4][g3G,3E3e3][G3A,3][c3C3] |[e3^G3=B3F3]E3 [d3B3D3G3] F3[B0F0D0^F,0]G2[F,2B,2]G,,2[_B,0=G,,0=F,0] |[A,F,] B,DF[^F,0B0C0] D, c=fb[d'0^F,0C0] =F |
f'a'c''[DB,] [F,A,b']d'a'g' [F,G,,]g'f'b C,, | [E,2a2]<e'2 E,3 [B,2E2]>^G,,2^F,[D3=G,,3=F,3][B,3A,3] [G,,0A,0] |[B,,0B,0][D,D]F A3[F,3E3_e3][G3=B,3_B3E3][E3=B,3G3^C,3_B3] | [^G,,2^F,2][D3A,3=F,3B,3=G,,3][A,0B,0D0][G,,4F,4][B2^F,2d2=F2f2]C2 |
D,2[F2D2B2^F,2C2][=B,2^G,,2F,2A,2][_B,0=G,0G,,0=F,0] F, |A,B,C^C D0< _E0 =C,0 B,4=E4[E0B,0] [^G2B,2d2E2] B2 |[^G3d3B3B,3E3] [A,2=G2c2D2][E2A,,2G,2C2]<[^F,2^G,,2=B,2] _E3[=G,,2D2=F,2]_B,2 |[B,2^C2][E2A2][_e2=E2^G2_E2]=c2[eE][G=E]c^c[=c0_E0][B,0F,0=G0] [F3B,3E3] |
F,2F,3[^G4A,4^C4_E4]G,3[^F,0F0A,0C0E0] | [G2E,,2B,2] [G,2D2][B,,0^G,0c0]D2A2 [B,,2B2] G,2[A0A,,0^C0][E2=G,2] |A,,2[^C3F3_E,3A,3]E,2 [=C3=E3D,3G,3][a2A2] | [E^g] [C=B,][Aa][c'c] [^F,4D,4C4][C3F,3=F3]_b2 |
[a0d0B0A0]^G=G^F =F2G,A Bf[E2G2]Be_E | d2[G2B2D2]G,4B0<[^G,0E0^C0B,,0][A,2A2]B,,0[D3A,3F3]=G,2 |B,,2 [F2_E,2^C2B,2]<[F2=c2^C2][A3=C3] [^C0B0]< [F0B,0]E,2 | [G0D,0A,0C0E0]e2((3C2d2e2)[F,0a0][E=B,][_e0a0]=e |
Ad0[=B,E][F0G0] F,2[D0A,0]_B,AB A GBd0<[D0^f0]B,a f0 g |b=b[c'E,][_E_B,]d C,2[e3c3][=E3^G3B,3]B,2[^F3C3][A3A,3] |A,,2[^G,,4=B,4_E4]^F,4[D4=F,4=G,4][_B,4G,,4] [=E,4^C4^F,,4^G,4] [C,4B,4] | [D,4A,4F,,4] D2 [CA,]CD [DFB,C,] |
c2 [^G3E3] B,2^c2 [=c3A,,3] [C3=G3G,3][g2c2e2G2] | [E0G,0A,0C0g0] [G2c2e2]f [g0^G,,0f0F,0d0] =B4 [B2D2d2] [F2F,2G,2B,2]B, [=G,,2_B,2] | F,2_E,0<=E,0[F2B,2F,2G,2D2] [F0B,0G,0D0]G,F,_E,, ^F,4 D,,4 C,4 [C3F,3] | D,2 A,2^G,,^C, [D0B,0F,0D,0]< [=G,,0G,0][B,2F2G,2D2F,2]A, [D,0G,0B,0] D2_E =C,,0 |
[D,0E,0E0] G,,2[E,,0G,0]F,2 [F,2D,,2]C,,2< [B,2D,2G,,2] [F,2G,,,2]>B2 | [D0F,0A,0B,0]G^GGA [_EBF,=B,]Be_b [^C,3=B,3] g2C D0< [=G,0F,0A0f0a0_B,0d0] | [^C0_E,0a0] [A4d4f4] [D,4^F,4F4=C4] [=F3^F,3C3] |[F0D0B,0][_E,4G,4F,4]=E,4G,, [B,0E0D,0G,0] E,2>=B,,2 |
[E,0E0B,0] C,2>C,,2 [E,4B,,4^G,4D4] B,4 [d2B,2=B2E2G2][c3=G3][D3A,3] |[EA,,CG,][_E=B,^G,,]^F, [D4=F,4=G,,4] _B,4 [^F,,0^C0] [A,2=E,2]=C,2< [G,2C2=F,,2] _E,3 |c c0< [E0^G0B,0]c [c0=B,,0] [^F4_E4A,4] | [_E0^F0A,0]D [D0B0G0] =E,,4 [E,0D0G0B0B,0] |
[B0^C0] [G,4^F4A,,4] [C3=F3] G,2A,, [E3D,3] =C2C | [A^FC]^G[AD,]G2< [A2c2E2F,2C2F2]D,3[B3F,3G,,3D3=F3] [B,0A0D0] | [=B,A,]^G,((3=G,2^F,0_B,6)A,2 =F,2AG,, [B,0F,0] | [D2F2]>F,2 [B,,A] A,Bdf [D0C0]< F0 [G,0a0]b=bc' [F0^C0a0] |
G,^c2=c [F3^C3] G,3[c2^G2B,2B2][EF] [=c2A,2A2] [F2D2][A2D,2D2]C | [F3C3D3^G,,3] [A,2^F,2][_E0=B,0A0][=G,,0=F,0]=E2[_E3B,3]F,3 [D2F,2B,2]>G,,2 _B,,0< [D0B,0^C,0F,0] | [G,0D,0]C,D,_E,0<F0[B,0=E,0G,0][DF,] ^F,0< G,0 [A2B,2D2] [=FA,][B,G,]A,0<=B,0[cFDA]CB^C0 D0 [_eG=E_B] _EDC[=c2C2][G2=E2^C2]B2 | [^C2G,2A2] E2[CEE,]^F2[G0^G,0=B,0][=F,,0D0] [F3D,3] [=C2=G,2][_E2^C,,2^G,2G,,2][B,2F,2]C |
[D0C,0] [G,2B,2] E,2C,,2 CDF2 F0 [F,,4F,,4D,4] | [D3F,3] [C3A,3]c'2 [E2b2B,2A2]B [D3B,3] E,2A | [A,,2G,2]>e2 E0< [G,0A,0G0C0] [D4F4] [=B,4^G,4] | [^G,,0^F,0=B,0]D, [=G,,2_B,2=F,2]>d2 D0 [B,2A,2]>F2 |
[D,0^F0D0]< [^G,,0F,0D0] =G4 [G,,0A0B,0] [D4=F,4]F4 | [B,4B4D4] [^G,4F4] [B,4C,4=G4E4c4] B0< [^F,0^G,,0] [C4D4] | [A4B,4G,,4] A,,3[^G,,0^C,,0][=B,=G]_B B,,0 F,2[B,0^G0][_E3=B,3] |_E[^G,,=B,] [F,4D4_B,4]=G,,4 ^C,,F,0G,F,D, |
[D,,4^F,4] D,,,4 F,4 =F4 C4 [F,0D0] [B,2A,2]>((3e2F0D4) |d4 [B,4C,4] E4 [B,0d0E0^G0] | [D4c4A,4] G4 [d4f4F4B4^F,4] C4 b4 [=B,4g4_B4_e4=F,4=E4] | [_E0e'0=E,0] [_e4b4B,4] f'0 [f3D3E,3c'3A,3]F,,3[A,Gc''Ec'g'] [A,Ed'Ga'd''] |
[A,2_E2f''2c''2f'2G2][A,2E2f''2G2c''2f'2][d'2d''2^g'2A,2E2b'2=G2][A,2E2G2b'2d''2d'2]^g' [F0^C0=C0c''0a'0]< [=G,0c'0f'0] | [_E,,,4E,,4] [^C2=c'2F2C2] [f2c2]G,2 [^c4a4] [=C4f4F4^C4A4] G,4 | [^F,3a3E3] [C2f2A2d2]>^g2 [C3a3F,3A3] d2 f2[cfc']a [F,2A,,2]<b2=f2 | [^F,3=F3] C2>G,,2 [A,3A3B,3D3] F2>[^G,2G2][B,D]F [B,0=G0D0] [G,2F2]G,, |
[^F,2F2B,2D2]>D,2 [B,2=F,2F2] D2G,,2 [B,,0D0A0]< [A,0F0c0] | F0< [B0D0] CcBAB c0< [^C0F0] G,0 f=c'b2 _E,,4 | [D,,2F,2]>[a2f2] [F,3E3A,3g3] [C2e2]>f2d [_e0a0=B0F,0=E0] B,4e3 | [f4=B4] [E4B,4F,4] C,0< [B,,0^C,0] [D2F,2G,2_B,2] D,4<[=C,4C4F,4B,4G,4] |
[c2C2G2E2][^C0B,0A0][=C,0E0][G0A,0F,,0][^C4E4C,4] |[D,0A,0F0D0] F,,4 F,,4 |B,,,4[c4_E,4D4A,4^F4]A4 [B0C0D0]<[=F0D,0]G,4 | [F4C4]D4 [A8A,8^C8] [B,,8E8] |
[A,0^C0E0][E,8B,,8] [G,0=C0E0F,,,0][A,2F,,2]((3e2A4e2) |d agd'2c'aa' g' |d''2c'' a'a'' |","['Jazz', 'Latin', 'Soul', 'Pop']",Jazz,0,Choose the most probable genre label of the provided score.
Jazz_Brazilian Jazz_Sergio Mendes_The Trouble With Hello Is Goodbye (LP Version).abc,"X:1
M:3/4
L:1/16
K:D
[A,4D4F4D,,4D,4] A,4 | [A,4D4F4] A,4 [A,4D4F4] | A,4 [A,4D4F4] [D,,4D,4A,4] | [B,4G4E4E,4E,,4] B,4 [B,4G4E4] |
B,4 [B,4G4E4] B,4 | [B,4G4E4] B,4 [B,4G4D4G,4G,,4] | B,4 [B,4D4G4] B,4 | [B,4D4G4] B,4 [B,4D4G4] |
B,4 [B,6D6G6][A,74D74F74D,,74D,74] | [C2E2A,,2A,,2]E,2 [A,2e2]c2 C2B2 | A,2A2 [C4E4] A,2>E,2 | [C4E4] A,4 [G4B,4E,4B,4G4E,,4] |
G,4 [B,4G4G4B,4] [G,4G,4] | [G4B,4G4B,4] G,4 [B,4G4G4B,4] | G,4 [G4C4A,,4E,4C4A4C,,4C,4] A,4 | [C4G4C4A4] A,4 [D,,2D,,2D,2A,2D2F2]<[D2F2] |
[A,4A,4] [D4F4D4F4] [A,4A,4] | [D4F4A4] a2f2 [D2F2]e2 | [D,4d4] [B,5G5G,,5B5G,,5]D,3 | [B,8G8G,8] [^A,4C4F4F,4F,,4A4F,,4F,4] |
[^A,4B4] [C4F4c4] [A,4F,4e4] | [D4F4F,4B,,4B,,4d4] F,2>B,2 [D4F4] | F,4 [^G4E,,4G4E,,4] [B,4B,,4] | [E4^G4E4B4] E,4 [D,,FDD,A,,DFAd]A,15 |
[A,4A,,4B,4D4G4] G4 D4 | B,4 [F4D,4A,4D4F4D,,4] [A,4A,4] | [D4A,4F4D4] [F2A,2A2]B2 [A,,16E,16G,16B,16D16G16A,,16A,16G16B16d16] | [D2E2F2D,2D,,2F2E2A2]<D,2 D4 [F4E4A4F4] |
[D4D4] [A,4E4F4A4] [D4D4] | [A,,4E4A4F4] [D,4D4] [D,,4E4A4F4] | D6[G,,G,GD,B,G,,G,B][G5D5] | [D,,4A,4F4D,4F4A4] [D,4D4] [F,4E4F4A4] |
[A,4A,4D4] [D4D,4E4A4F4D,4] [F,4D4] | [A,4E4A4F4] [D4D4] [F4A4F4] | [D,,4D4] [E4A4F4] D4 | [C4A,,4C4A4A,,4] [E,4E,4] [A,4A,4] |
C2A2 [E,2e2]c2 A,2B2 | E2A5E,, [E,,4G4G4] | [E,4B,,4] [G,3E,3]B,5 | [^D4D,4D,4D4] G,3B,5 |
^D4 [E4E,,4E4E,4] [E,4G,4] | [G,3B,3]B,4 E2>E2 [B,,4G4] | [E,4G,4] [G,4B,4] B,4 | [C4A,,4C4A,,4] [E,4E,4] [A,3A,3]C5 |
C4 [A4A4] [E,4A,4] | [C4C4] [E2E2]>D,2 [D,,4F4F4] | [A,,4A,4] [D,4D4] F4 | [B,2D2G2A,,2B2]<G,,2G,2 D2E,G2 [G4d4A,,4c4] |
[A,4A4] [D,,4D4A4d4D,4] [A,,4A,4] | [D,4D4] [D4F,4F4] [d4A4] | [A,4A,4] D4 A4 | [D,,2F2D,2]A2 [A,,2f2]e2 D,2d2 |
A,4 [D4G4A4] F,4 | A,4 D4 [F,,4^A4A4F,,4] | [C,4C,4] [F,4F,4] [^A,4A,4] | [C4F4C4] [F,4^A,4] [F8C8F8] |
[D4B,,4D4F4B,,4] [F,4D4] | [B,2F2B2]>D2 D4 [F4F4B4] | [B,4D4] [D4F4B4] B2A2 | [B2G,,2A2d2G,2D2]<B2 [D,4G4] [G,4A4d4] |
G4 ^G,,2<B2 G4 | [^G,4d4] [G4B4] [D,4A4A4] | [A,4A,4] [D,,4D4D4] [F4F4] | [B,,,4B,,4B4] [B,,4F,4] [B,4B,4] |
D4 [G4G4E,,4] B,,4 | [G,2E,2]E2 [B,2G2]B2 [A,,4E4A4A,,4] | [E,4E,4] [A,4c4] [C4A,4] | [D,,2D2D2F2D,2]<d2 [D,4A,4] [F,4F4d4] |
[A,4A,4D4] [G,4B,4A,,4B4] D2G2 | [E,8A,,8c8][A,7C7] [A,2D2F2D,,2D,2]>A,2 | [A,2f2]e2 [A,2D2F2]d2 [D,2A,2]A2 | [A,4^D4F4D,,4] A,4 [A,4D4F4] |
^D,2>E,,2 [G2B,2E,,2]<E,2 [G,2g2]f2 | [B,2G2]e2 B,,2[G,2B2] [G,4E4B,4] | G,4 [B,3G3B,,3]E,2E,3 | [B,4G4G,,4] G,4 [B,2G2G,,2]D,D, |
G,4 [A,4C4E4E,4A,,4A,,4A4] [A,4E,4] | [C3E3A,3]E,4[FD,] [A,4D4F4D,,4] | A,4 [A,4D4F4A,4] D,4 | [B,2D2G2A,,2G2G,,2]A2 [B,2B2]d2 [B,2D2G2A,,2c2]>E,2 |
A4 [D2F2D,,2D,2]A,2 [A,2f2]e2 | [A,2D2F2]d2 [D,2A,2]>A2 [A,4^D4F4D,,4] | A,4 [A,4^D4F4] D,4 | [G,2G2B,2E,,2E,,2]B,,2 [G,2g2]f2 [G,2G2B,2]e2 |
[E,2B,,2][G,2B2] [G,4B,4E4] G,4 | [B,4G4] E,2A2 [B,4G4D,4G,,4G,,4G4] | G,2<D,2 [G,2B,2G2]<G,2 D,4 | [A,2C2E2E,2A,,2A,,2]<A2 [A,4E,4] [A,4C4E4A,4] |
[E,4D4] [A,4D4F4D,,4D,4d4] A,4A,3 | [A,3F3D3D3]D,4[B,D] [D4G4A,4A,,4G4B4A,,4] | B,2<A,2 [B,8D8G8A8c8] | [A,4D4F4D,,4D,4] A,4 [A,4D4F4] |
A,4 [A,4D4F4] A,4 | [A,4D4F4] [D,,4D,4A,4] [B,4G4E4E,4E,,4] | B,4 [B,4G4E4] B,4 | [B,4G4E4] B,4 [B,4G4E4] |
B,4 [B,4G4D4G,4G,,4] B,4 | [B,4D4G4] B,4 [B,4D4G4] | B,4 [B,4D4G4] B,4 | [B,6D6G6][A,10D10F10D,,10D,10] |
[A,4C4E4A,,4E,4] A,4 | [A,4C4E4] A,4 [D,,4D4A4d4D,4] | [A,,4A,4] [D,4D4] [D4F,4F4] | [d4A4] [A,4A,4] D4 |
A4 [D,,2F2D,2]A2 [A,,2f2]e2 | D,2d2 A,4 [D4G4A4] | F,4 A,4 D4 | [F,,4^A4A4F,,4] [C,4C,4] [F,4F,4] |
[^A,4A,4] [C4F4C4] [F,4A,4] | [F8C8F8] [D4B,,4D4F4B,,4] | [F,4D4] [B,2F2B2]>D2 D4 | [F4F4B4] [B,4D4] [D4F4B4] |
B2A2 [B2G,,2A2d2G,2D2]<B2 [D,4G4] | [G,4A4d4] G4 ^G,,2<B2 | ^G4 [G,4d4] [G4B4] | [D,4A4A4] [A,4A,4] [D,,4D4D4] |
[F4F4] [B,,,4B,,4B4] [B,,4F,4] | [B,4B,4] D4 [G4G4E,,4] | B,,4 [G,2E,2]E2 [B,2G2]B2 | [A,,4E4A4A,,4] [E,4E,4] [A,4c4] |
[C4A,4] [D,,2D2D2F2D,2]<d2 [D,4A,4] | [F,4F4d4] [A,4A,4D4] [G,4B,4A,,4B4] | D2G2 [E,8A,,8c8][A,7C7] | [A,2D2F2D,,2D,2]>A,2 [A,2f2]e2 [A,2D2F2]d2 |
[D,2A,2]A2 [A,4^D4F4D,,4] A,4 | [A,4^D4F4] D,2>E,,2 [G2B,2E,,2]<E,2 | [G,2g2]f2 [B,2G2]e2 B,,2[G,2B2] | [G,4E4B,4] G,4 [B,3G3B,,3]E,2 |
E,3 [B,4G4G,,4] G,4 | [B,2G2G,,2]D,D, G,4 [A,4C4E4E,4A,,4A,,4A4] | [A,4E,4] [C3E3A,3]E,4[FD,] | [A,4D4F4D,,4] A,4 [A,4D4F4A,4] |
D,4 [B,2D2G2A,,2G2G,,2]A2 [B,2B2]d2 | [B,2D2G2A,,2c2]>E,2 A4 [D2F2D,,2D,2]A,2 | [A,2f2]e2 [A,2D2F2]d2 [D,2A,2]>A2 | [A,4^D4F4D,,4] A,4 [A,4D4F4] |
^D,4 [G,2G2B,2E,,2E,,2]B,,2 [G,2g2]f2 | [G,2G2B,2]e2 [E,2B,,2][G,2B2] [G,4B,4E4] | G,4 [B,4G4] E,2A2 | [B,4G4D,4G,,4G,,4G4] G,2<D,2 [G,2B,2G2]<G,2 |
D,4 [A,2C2E2E,2A,,2A,,2]<A2 [A,4E,4] | [A,4C4E4A,4] [E,4D4] [A,4D4F4D,,4D,4d4] | A,4A,3 [A,3F3D3D3]D,4[B,D] | [D4G4A,4A,,4G4B4A,,4] B,2<A,2 [B,56D56G56A56c56] |
[C2E2A,,2A,,2]E,2 [A,2e2]c2 | C2B2 A,2A2 [C4E4] | A,2>E,2 [C4E4] A,4 | [G4B,4E,4B,4G4E,,4] G,4 [B,4G4G4B,4] |
[G,4G,4] [G4B,4G4B,4] G,4 | [B,4G4G4B,4] G,4 [G4C4A,,4E,4C4A4C,,4C,4] | A,4 [C4G4C4A4] A,4 | [D,,2D,,2D,2A,2D2F2]<[D2F2] [A,4A,4] [D4F4D4F4] |
[A,4A,4] [D4F4A4] a2f2 | [D2F2]e2 [D,4d4] [B,5G5G,,5B5G,,5] |D,3 [B,8G8G,8] | [^A,4C4F4F,4F,,4A4F,,4F,4] [A,4B4] [C4F4c4] |
[^A,4F,4e4] [D4F4F,4B,,4B,,4d4] F,2>B,2 | [D4F4] F,4 [^G4E,,4G4E,,4] | [B,4B,,4] [E4^G4E4B4] E,4 | [D,,FDD,A,,DFAd]A,15 |
[A,4A,,4B,4D4G4] G4 | D4 B,4 [F4D,4A,4D4F4D,,4] | [A,4A,4] [D4A,4F4D4] [F2A,2A2]B2 | [A,,16E,16G,16B,16D16G16A,,16A,16G16B16d16] |
[F0A,0D,,0] D,,4 D,0 A,,4 A,0 | f2e2 D2 d2AB,0 [D0G0]< A,,0 [A,,8B8] | [D0B,0] A,4 A,4 [F0D0B,0B,,0] | [F,0B0] B,4 [B,0D0F0] D2F,2 A0 |
B,2[B2D2] E,0< [A,,0E0] c4 A,0 A,,4 [C0E0A,0] | A,4 E,4 [F0D0]< [D,,0A,0] [d16F16] [D,,16D16] | [G0B,0D0] | A,,8 B,0< [g0A,0B0] G7 |
[G,,0G0] [B,6D6][D6B,6] | [G4B,4D4] [g2B2][B,4D4] |[A2f2] [G4B,4D4] [e0G0] [B,4D4] [D,,0D0F0]< [D,0A,,0A,0] | [d0F0]A2 |
F2 D15 |dfad' |","['Rap', 'Jazz', 'Blues', 'Folk']",Jazz,1,Choose the most probable genre label of the provided score.
Jazz_Vocal Jazz_Judy Garland_The Man That Got Away.abc,"X:1
M:3/4
L:1/16
K:F
[A,0E0F,,0A0E,0] [A,3_E3E,3][A0E0E,0]A,4[E,E]A, [D0D,0A,0] |F,, [_E0B,0C,,0] [C,4=E,4] D2[D0E,0B,0]C,4 |^C4=C,,2C [E0A0F,,0A,0C,0E,0] A3 [_E3E,3A,3] |[A4_E4E,4A,4][A0D0][D,4A,4][F,,C] E0< [=E,0G,,0C,,0C,0B,0] | [C,2D2] B,2[D0C,0B,0C,,0E,0][E,4C,4^C4B,4] |
C [F,0F,,0D0] [A,2D,2C2]F,, [_E3F,3E,3A,3] C3[=E4F,4C4A,4]E,4 |[C,0C0E,0][A,4G,4]F,,2< [C2D,2D2F,2A,2]F,,2 [_E0A,0E,0F,0] | C2F,F,,2< [E2C2G,2E,2A,2][F,,0C0G,0]<[A,0E,0C,0][F,,E,][G,C] [G,,3D3D,3F,3G,3B,3] |[DB,D,F,G,G,,] [^G,4=B,4_E4] [=G,,0C,,0=E0] [_B,2E,2G,2][C4G,4] |
C,,4[^G,2D2C2B,,2] [_E3=B,3G,3B,,3][=E4C4C,4=G,4] |[C,,0C,0E,0C0]B,5 [F0F,0F,,0C0C,0] [G3B,3D,3] |[A0F,,0C0E,0] [F2B,2D,2] F,,2C [F,,0C,0A,0F0] | [G3D,3B,3F,,3][A6F,,6C6E6E,6] |
[^C4A4F4G,4f4] =c4 [d'4^f4b4F,4d4] C4 [B0F0D0]D,F [=F0^F,0] | C0 D2<f2 [^F,0F0c0] C4 [F,0e0]< [D,0A0E0c0] C4 | ^F,4 [A4E4C4] [_e0c0F,0] F2 C2D,2 C2^G,,2 | [G,,5F,5B,5] C5[^g3A,3B,3D3c3c'3^f3]a2 [g5c5c'5D5B,5A,5]a5 |
[^g2c2c'2A,2D2B,2]a[gcDB,A,c'] a[e0c'0B,0][g4E4] [G3c3E3] B,3[c''2e'2] |[g'4b4][B,4E4][EbB,]ed'd B, [c'0E0c0]< [g0G,0C0A,0][c3c'3C3G,3E3]A,3 |[EA,Cc'G,c''g'][C3E3c'3G,3c''3A,3g'3][E2A,2G,2c'2g'2c''2][Eg'G,c'c''CA,][g'5E5c''5c'5C5A,5G,5][E0c''0A,0]C0[G,c'g'c''][A,C] | [E0C0^F,0^g'0c''0c'0]< [c''0=f'0] [c'0C0E0] |
[_E3^F,3C3e'3e3b3] [=F,2C2c'2c2a2] [f2B,2A,2][C2c2c'2F,2B,2f2A,2]a2 [c0c'0F,0f0]< [C0B,0A,0a0] | [c'0C0A,0f0a0]< [B,0c0G,0] [f0c0C0] [A,2B,2]cc c [c^G] [_EB,=E][c_EGB,]=E_E0[GB,]E [Gc] E | B, ^G0 E_EB,[Gc]=E0_E0B,[Gc][E=E]GB,_E[=E0G0] [_EB,] G =E _EGB,E0G4E4B,2>A2A =G | [E0A0F,,0A,0] C,4 [A,3_E,3E3][E4A,4E,4][D0A,0D,0] |
C [_E0C,0B,0] =E,4 [B,2E,2] D2[E,4C,,4B,4D4] |[^C0E,0B,0]=C,4C [F,0D0C,0F,,0A,0] [_E3F,3] [A,3^C,3] | C2[G,0E0C0A,0D,0][F,4C4C,4A,4]F,, [D2D,2F,2A,2] |[DA,D,F,] [_E,2C2A,2E2F,2][E,2E2F,2A,2]C2 [C3G,3=E3A,3E,3][C4G,4E,4C,4] |
F,, [D,4D4F,4B,4] [G,4G,,4] [_E3^G,,3G,3] [^C,,3=B,3][=C4=G,4C,4=E4C,,4] |[C4G,4]C,, [C0^C0] [^G,3B,,3] D2>[B,,2D2]G, [_E2=B,,2G,2B,2] |[=B,,^G,_E]B, [_B,2C,2=E2] =G,2C3C2CC0 C | F0 [C,4F,,4] [G3B,3] [F,,2D,2][A0E0C0E,0F,,0] |
[F0A,0C,0F,,0]((3F,,2F,,0G6) [B,2D,2]>F,,2 | [_E0C0A0]< =E,0E5[C2F2^C2]G,2 [b0^F,0B0] [=C4E4] | B3 [E2C2e2]>f2 d0<[^F,0B0][C0D,0]=F3 ^F,0<[D0=F0]C2e[cE]A | [^F,0A0] [E2C2]<D,2 [C2A,2]D,,,2 [D,0F,0_E0] C2[e2C2]F2 |
[_E0c0^F0] C2D,2 [c2c'2=f2a2D2C2B,2][D2c'2B,2][f2C2c2a2] [c'2D2C2c2B,2f2a2][D2c'2B,2C2f2][c2a2] | [c'4C4D4f4c4a4B,4] [D2B,2C2]Ecc [c2C,2E2] [^G2B,2]C,2 | [^C0B,0E0] G,4 [C4B,4] [C0B,0] G,2=C,[eE] | [d2=B2D2E,2G,2G2A,,2][d2G2B2D2G,2] [A,d'G,CbdagE] _B,[d'=bdgG,EA,C][EA,Cd'dbG,]g[ECA,c'cG,] [d'0d0C0b0g0A,0E0G,0] |
[C0E0][cgG,c'] [d4^f4F,4d'4E4C4] [^g0G0]< [=f0C0E0] | [^F,0^g0C0G0]< [D,0=f0][f3a3^F,3A3C3] [B,0D0=G,,0] [D,4=F,4] | [B,2A2D2A,2^G2F2] [E,=GD,][A2B,2D2][A,2F2] [AB,DA,] F[A2B,2D2A,2]F2 [^G,0B,0]< =B,0 [c4A4F4D4C4] =G,0 | A0 [FB,DA,]C,2 [B,0F0D0] A,4 [B,2C,2D2F2F,2][B,0F0F,0D0]C,5 |
FD [A,0F0C0F,,0C,0] [F,2C2A,2]>F,,2 [F,0F,,0A,0^C0C,0] | E,2F,, [C,3F,3F,,3A,3] [C3E3][C,3C3E,3G,3A,3] |[F,2A,2D2=B,2D,2_B,2]D,0_E,0 =E,0< [C0D0A,0F,0F0=B,0][F,^F,][^G,0A,0D0=F0A0][B,6C6=G6] | [^F,2b'2] [b2E2C2=f'2][b'bf'] [^F,3b'3E3b3] [C2=f'2][^g'_e']g [^F,4a'4=E4a4e'4] C4 [F,E] C |
[^C^Gc][DA^F,d]=C [dbF,=fBEC]^F,C[Ed=f][B^F,]b0[=fd][CE][B^F,]=f[dC]EB^F,bC [F,4A4d4a4C4=f4E4] [^F,0C0E0b0d0B0] =f5 |[^F,adC][AE=f][^F,bBd] [G,0D0=B,0b0B0] e4 [D0A,0C0] G, |D,G,, [F,4A,4E4G,,4C4] [F,4D4D,4A,4=B,4] | [D0F0c0B,0C,0]DFD0<[c0F0]DFDF D F DFDFD0[FC]DFDcFD c F D0< c0 FDF0G,0DFDFDF0 D [cFB,] |
Fc2D[^cC] [=C,0F,,0]< [d0D0A0A,0] [C3F3A3G3E3A,3F,3] |[D,0D0F0A,0C0][G0C0D0E,0E0]< [F,0F0A0D0C0] | [B0G0D0F0G,0] [E4c4A,4G4A4] [=B4d4^G4D4F,4B,4G,4F4] | [_E0e'0]< [^F,0e0=B,0_B,0] [E2B,2] =B,2F,2 [=e'0e0_E0_B,0=F,0] =B,4 |
[_E2=B,2] _B,2D,2G,, [B,0A0D0F,0F0]B,FB,[FD]B,[A0F0][D0A,0]B,[FD] B, [AFD] B,[AF]DB,[F0D0]<G,0B,[FD]B,B, [C,0B,0] | [A0^C0] E4 G,2>=C2 [F,,0F,0C,0A,0] D4 C4 | [F,4_E4C4A,4] ^C,4 [=E2=C2F,2D,2A,2][C,5C5F,5]A,4C | [F,4C4D4F,,4A,4D,4] [F,4_E4E,4A,4C4] [C2=E2G,2A,2E,2][C,4C4G,4A,4] |
F,, [G,,4F,4G,4D4B,4] [_E3^C,,3^G,,3G,3] =B,3[=E0=G,0=C0_B,0C,,0G,,0]E,4 |C3CC [C0^C0B,,0^G,0] D2<D2 [=B,3_E3G,3B,,3] |((3=B,2_B,0E6) C,2C,,2>C2CC C | [F,,4F4C,4A,4] [B,0F,,0G0]< [D,0^C0][A0=C0F,,0E0E,0] |
[F2B,2] [F,,2D,2]C [F4A,4C4F,,4C,4] [G4B,4F,,4D,4D4]<[A4C4E4F,,4E,4] | [f4c4^C4A4] [F4G,4] [d'0d0^f0b0F,0] =C4 | f''3 [F2C2]c'' b' ^F,0< [E0a'0C0]c''f'=f' f'0 [^F,3C3] E2>c'2 [a0=b0] | [^F,0D,0C0]c'ee C[Ae][cE][eA] [_e0F0c0F,0] C2<D,2 |
[c2_E2^F2F,2] CD,2 [=F,4D4A,4d'4B,4d4] b4 [d2d'2D2G,2B,2g2A,2b2]>c'2 | [d0d'0D0A,0g0G,0] [b4B,4] G,0 [DB,A,][dGF]dFc [d4E4B,4B4] [D4E,4G4] | [B,2A2^C2] [E2A,2][G2B,2G,2C2]E2 [D,0C0E0G,0] [B,2E,2]>[C2E,2C,2^G,2B,2] [E,=C,=G,C]C,,[d'd] [cc'] | [G,EdCd'A,g][dd'=bgEG,A,C][C2E2G,2g2c'2A,2c2] [G,3d'3E3d3C3b3A,3] g2>[c'2c2][gCE] A, [d'0E0d0G,0g0A,0C0] |
[E0C0G,0] A,2F^FG^G0A B0< =B0 [F,0c0]< [D,0C0]_B3 F4 [C4F,4E4] [b'4=f'4b4^F,4E4C4] | [^f'3F,3a'3D,3C3a3A,3] d'3[=F0D0D,0B,0G,,0G,0] | [G4B,4D4] E,4 [B,0A0D0F0F,0] [B,2F2D,2] D2[DB,]C,,, [B,4F4C,,,4F,4D4] | C,,4 C,,[G2B,2][E2^C2=C,,2]C,,, [A4B,4D4F4C,,4] |
C,,4 [F,,0C,0][F,6E6E,6][A,6C6] [_E4F,4A,4] | [_E,4C4] [D,0F,0A,0D0]G,, [C,,2=E,2B,2][_E4C,4=E,4][B,4C,,4] |[E,2B,2C,2C,,2D2] [B,2D2C,,2E,2]C,,,2 [^C0E,0^G,0]< [=C,,0B,0]E,2 | [E0F,0A,0C0F,,0E,0] [_E4E,4F,4] [A,4C4] [E4F,4] [E,0A,0C0] |
[D0F,0A,0] D,4 [_E0C,0=E,0B,0G,,0] C,,4 [E,4C,4B,4D4] | [^C0=C,,0E,0C,0B,0]< [C,0C0E,0] B,4 [F,,,6F,,6] |","['Pop', 'Folk', 'Jazz', 'Latin']",Jazz,2,Choose the most probable genre label of the provided score.
Jazz_Brazilian Jazz_Astrud Gilberto_Love Is Stronger Far Than We.abc,"X:1
M:3/4
L:1/16
K:Am
E4 c4 | B8< [C8A,8F8F8] | A,2C2 [F4C4A,4] | D4 [D4F4B,4G,4c4] B4 | [G,8E8E8B,8] G4 |
E4 [E4A,4] [C4C4] | A4 [E2G2]C2 [A,14D14D14F14] |[A,E]F | [B,8D8^G,8E8] [=G4^G,4] |
[B,4F4] [C4A,4E4E4]>A,4 | C4 E4 [E4B,4^G,4] | [D4A,4^F,4] [E8B,8^G,8] | [A,10C10E10]A3 |
E3 [C12F12A,12] | C2<F2 [G,8B,8D8F8] | [F4B,4] D4 | [B,12G,12E12] |
DEB,2 [E12A,12C12] | [B,E]CA,2 [A,8D8F8] | [D4F4B,4] [F4A,4D4] | [^G,8D8B,8] G,4 |
B,2D2 [E3A,3][B,2E2][C3A,3] | [E3A,3][B,2E2][C3A,3] ^C8 [A,8E8] | [^C4A4E4] [C4E4A,4] | [D12A,12F12] |
C4 [G,8B,8D8] | [G4B,4] D8< [B,8G,8E8] | G,B,E2 | [E8A,8C8] [A4E4C4] |
[E4A,4C4] [A,14D14F14] |A,2 [B,10^G,10D10] |^G,2 B,2D2 | [C8A,8E8] [A,4E4^C4] |
A,E^C4< [=C4A,4F4]A,2 | F8 [B,8F,8E8] | [E,8B,8E8^G,8F,8] | [G,6B,6E6]G,4B,3 |
E3 [E10A,10C10] |[B,2E2] C2B,2 [D12F12A,12] | A,2D2 | [B,8D8^G,8] [G4D4B,4] |
[^G,4B,4D4] [C8E8A,8] | [^C3E3]A,2B,C2 [=C12F12A,12] | C2F2 | [D8F8B,8G,8] [F,8^G,8B,8E8] |
[G,12B,12E12] | [E4G4] [A,8C8E8] | [F3A,3C3][E2A,2]D3 | [F12A,12D12B,12] |
D2A,2 [D8^G,8B,8] | [D8^G8B,8] [C6E6A,6] |[B,E]C A,4 B,2A,2 | [^C8E8A,8] A,B,=C^C2 |
DE2 [F5C5A,5]F3 | [G,4D4B,4F4] G,2<B,2 [G,7B,7E7] |B, GB,E2 B,4 | [F8A,8D8] ^G,4 [B,4D4] |
[^G4D4B,4] [C6E6A,6]A,B, | [C3A,3][^C3E3A,3]B,2 [=C8A,8F8] | [G,4B,4D4] [G4D4B,4] | [B,7G,7E7]G, EB,G,2 |
G,4 [^F,4A,4^D4]>B,4 | [^D4^F4] [F4D4B,4] [^G,4E4B,4] | E2B,2 [^G8E8] | [C8F8A,8] [D4B,4^G,4] |
[^G4D4B,4] [C8A,8E8] | [B,E]CA,6 [D8A,8F8] | [D8B,8^G,8] | [C4E4A,4] [E2C2][E2C2] [E2C2]A,2 |
CEA,2 [E4A,4C4] E2[A,2C2] | [A,4C4c4] [B8A,8C8]< [C8A,8F8F8] | A,2C2 | [F4C4A,4] D4 [D4F4B,4G,4c4] |
B4 [G,8E8E8B,8] | G4 E4 [E4A,4] | [C4C4] A4 [E2G2]C2 | [A,14D14D14F14] |
[A,E]F [B,8D8^G,8E8] | [G4^G,4] [B,4F4] [C8A,8E8] | [A,4E4^C4] A,EC2 | [C12F12A,12] |
C2F2 [D8F8B,8G,8] | [F,8^G,8B,8E8] [=G,12B,12E12] | [E4G4] | [A,8C8E8] [F3A,3C3][E2A,2] |
D3 [F12A,12D12B,12] | D2A,2 [D8^G,8B,8] | [D8^G8B,8] | [C6E6A,6][B,E]C A,4 |
B,2A,2 [^C8E8A,8] | A,B,C^C2DE2 [F5=C5A,5] |F3 [G,4D4B,4F4] G,2<B,2 | [G,7B,7E7]B, GB,E2 |
B,4 [F8A,8D8] | ^G,4 [B,4D4] [G4D4B,4] [C6E6A,6] |A,B, [C3A,3][^C3E3A,3]B,2 | [C8A,8F8] [G,4B,4D4] |
[G4D4B,4] [B,7G,7E7]G, | EB,G,2 G,4 [^F,6A,6^D6] |B,2 [^D4^F4] [F4D4B,4] | [^G,4E4B,4] E2B,2 [G8E8] |
[F5C5A,5]F3 | [G,4D4B,4F4] G,2<B,2 [G,7B,7E7] |B, GB,E2 B,4 | [F8A,8D8] ^G,4 [B,4D4] |
[^G4D4B,4] [C6E6A,6]A,B, | [C3A,3][^C3E3A,3]B,2 [=C8A,8F8] | [G,4B,4D4] [G4D4B,4] | [B,7G,7E7]G, EB,G,2 |
G,4 [^F,4A,4^D4]>B,4 | [^D4^F4] [F4D4B,4] [^G,4E4B,4] | E2B,2 [^G8E8] | [C8F8A,8] [D4B,4^G,4] |
[^G4D4B,4] [C8A,8E8] | [B,E]CA,6 [D8A,8F8] | [D8B,8^G,8] | [E4A,4C4] E2[A,2C2] [A,4C4c4] |
[B8A,8C8]< [C8A,8F8F8] | A,2C2 [F4C4A,4] | D4 [D4F4B,4G,4c4] B4 | [G,8E8E8B,8] G4 |
E4 [E4A,4] [C4C4] | A4 [E2G2]C2 [A,14D14D14F14] |[A,E]F | [B,8D8^G,8E8] [=G4^G,4] |
[B,4F4] [E21C21A,21] |","['Electronic', 'Rap', 'Ambient', 'Jazz']",Jazz,3,Choose the most probable genre label of the provided score.
Jazz_Smooth Saxophone_Exotique_Clocks.abc,"X:1
M:3/4
L:1/16
K:Ab
[C4E4A4A,,4] | [E4C4A4] [C4E4A4] [A2C2E2]A,,2 | [B,4A4E4E,,4] [B,2A2E2]E,,E, [B,2G2E2]>E,2 | [EGB,]FE2 [B,4F4D4B,,,4] [B,2D2F2]B,,,2 | [B,4C4F4D4B,,,4] [B,4F4C4D4] [C4A4E4A,,4] |
[C2A2E2]A,,2 [A4B,4E4E,4] [B,4E4G4] | [C4E4A4A,,4] [E4C4A4] [C4E4A4] | [A2C2E2]A,,2 [B,4A4E4E,,4] [B,2A2E2]E,,E, | [B,2G2E2]>E,2 [EGB,]FE2 [B,4F4D4B,,,4] |
[B,2D2F2]B,,,2 [B,4C4F4D4B,,,4] [B,4F4C4D4] | [C4A4E4A,,4] [C2A2E2]A,,2 [A4B,4E4E,4] | [B,4E4G4] [D4B4F4B,,,4] [D4B4F4] | [D4B4F4] [D2B2F2]B,,2 [A4C4F4F,,4] |
[A2F2C2]F,,2 [B,4A4E4E,,4] [B,4G4E4] | [B4D4F4B,,4] [D2F2B2]B,,2 [C4E4B4B,,4] | [D4F4B4] [A4C4F4F,,4] [A2F2C2]F,,2 | [A4B,4E4E,,4] [B,4G4E4] [D4B4F4B,,4] |
[D4B4F4] [D4B4F4] [F2B2D2]B,,2 | [C4A4E4A,,4] [C2A2E2]A,,2 [B,4A4E4E,,4] | [B,4G4E4] [F8D,,8B,8C8A,8] | [B,8G,8C8E8C,,8] [F8D8A,8B,,,8] |
[A,8B,8E8E,,8] | G,16 | [C4E4A4A,,4] [C2E2A2]>A,,2 | [C4A4E4] [C2A2E2]A,,2 [B,4A4E4E,,4] |
[B,2A2E2]>E,,2 [G4B,4E4] [G4B,4E4] | [D4B4F4B,,4] [D2B2F2]B,,2 [D4B4F4B,,,4] | [F4B4D4B,,4] [C4E4A4A,,4] [A2C2E2]A,,2 | [B,4A4E,,4E4] [E4G4B,4E,,4] [C4E4A4A,,4] |
[C2E2A2]>A,,2 [C4A4E4] [C2A2E2]A,,2 | [B,4A4E4E,,4] [B,2A2E2]>E,,2 [G4B,4E4] | [G4B,4E4] [D4B4F4B,,4] [D2B2F2]B,,2 | [D4B4F4B,,,4] [F4B4D4B,,4] [C4E4A4A,,4] |
[A2C2E2]A,,2 [B,4A4E,,4E4] [E4G4B,4E,,4] | [D4B4F4B,,,4] [D4B4F4] [D4B4F4] | [D2B2F2]B,,2 [A4C4F4F,,4] [A2F2C2]F,,2 | [B,4A4E4E,,4] [B,4G4E4] [B4D4F4B,,4] |
[D4B4F4] [D4B4F4] [D2F2B2]B,,2 | [A4C4F4F,,4] [A2F2C2]F,,2 [A4B,4E4E,,4] | [B,4G4E4] [D4F4B,4B,,,4] [D2F2B,2]B,,2 | [B,,4E4C4] [D4B,,,4B,4F4B,,4] [C4A4E4A,,4] |
[C2A2E2]A,,2 [B,4A4E4E,,4] [B,4G4E4] | [F8D,,8B,8C8A,8] [B,8G,8C8E8C,,8] | [F8D8A,8B,,,8] | [A,8E,,8B,8E8] [C4E4A4A,,4] |
[C2E2A2]>A,,2 [C4A4E4] [C2A2E2]A,,2 | [B,4A4E4E,,4] [B,2A2E2]>E,,2 [G4B,4E4] | [G4B,4E4] [D4F,4B,4B,,,4]>[C4C,,4] | [A,4F4D4D,,4] [F2A,2D2]D,,2 [A4C4E4E,,4] |
[C2A2E2]E,,2 [E,,2A2B,2E2]>E,,2 [G4E4B,4] | [C4E4A4A,,4] [C2E2A2]>A,,2 [C4A4E4] | [C2A2E2]A,,2 [B,4A4E4E,,4] [B,2A2E2]>E,,2 | [G4B,4E4] [G4B,4E4] [B,,,6B,6D6] |
C,,4< [A,4D4D,,4][E,2E,,2] | [=B,4A4E4=E,,4] [B,2_E2A2]=E,,2 [_E,,4_B,4A4E4] | [B,2B,2E,,2E,,2G2E2]B,2 [D4B4F4B,,,4] [D4B4F4] | [D4B4F4] [D2B2F2]B,,2 [A4C4F4F,,4] |
[A2F2C2]F,,2 [B,4A4E4E,,4] [B,4G4E4] | [B4D4F4B,,4] [D4B4F4] [D4B4F4] | [D2F2B2]B,,2 [A4C4F4F,,4] [A2F2C2]F,,2 | [A4B,4E4E,,4] [B,4G4E4] [D4B4F4B,,,4] |
[D4B4F4] [D4B4F4] [D2B2F2]B,,2 | [A4E4C4A,,4] [C2A2E2]A,,2 [A4B,4E4E,,4] | [E4G4B,4] [C8F8A8D,8] | [G8E8B8C,8] [F8A8D8B,,8] |
[B,4A4E4E,,4] [G4B,4E4] | [C4E4A4A,,4] [C4A4E4] [C2E2A2]>A,,2 | [A2C2E2]B,,2 [D4_G4E4=B,,,4] [D4E4G4] | [D4_G4E4] [D2E2G2]=B,,,2 [D4F4A4D,,4] |
[D2A2F2]E,,2 [=B,=E,,A]_G[E,,E]B, [G,,_B,D,]A,G,G,, | A,,,A,,A,B, ((3C2E2F2)GBe gfbe' | f'f'b' b'e''e''g''2g''g'' g''2 |","['Rap', 'Jazz', 'Blues', 'Ambient']",Jazz,1,Choose the most probable genre label of the provided score.
Jazz_Smooth Jazz_Boney James_Christmas Time Is Here (Album Version).abc,"X:1
M:3/4
L:1/16
K:Dm
A,4 C4 E4G3 e0 c'8 | [B,4^C4E4A4] e0 =c'8 | A,4 C4 E4G3 e0 c'8 | [B,4^C4E4A4] e0 =c'8 |
[e2E2G2A,2]c2 c4 [C2E2G2]A2 | [G,3^C3F3]=c3c3 [A4A4] | [e2E2G2A,2]c2 c4 [C2E2G2]A2 | [G,^CFA]=cf a8 |
[A2A,2D2]F2 F4 [^G,2^C2]E2 | [G2G,2C2]E2 E4 [^F,2=B,2]_E2 | [D2F,2B,2]F2 D4 [G,4B,4^C4F4] | [E,4A,4C4G4] e0 c'8 |
[e2E2G2A,2]c2 c4 [C2E2G2]A2 | [G,3^C3F3]=c3c3 [A4A4] | [e2E2G2A,2]c2 c4 [C2E2G2]A2 | [G,^CFA]=cf a8 |
[A2A,2D2]F2 F4 [^G,2^C2]E2 | [G2G,2C2]E2 E4 [^F,2=B,2]_E2 | [D2F,2B,2]F2 D4 [G,4B,4^C4F4] | [E,8A,8C8G8] c4 |
[c2_E2F2]^G4< [G4F,4C4E4]c2 | [E,4B,4_E4^G4c4] ((3c'2g2^c'2) =c'4 | [c2_E2F2]^G4< [G4F,4C4E4]c2 | [E,4B,4_E4^G4c4] ((3^c'2g2=c'2) c'4 |
[c2G,2C2E2]A2 A4 [G,2^C2F2]=c2 | [c2^F,2C2E2]A2 A4 [F,2C2_E2]B2 | [B2F,2B,2D2]G2 G4 [F,4=B,4_E4A4] | [E,4B,4D4] B4 [B,4^C4E4A4A4] |
[e2E2G2A,2]c2 c4 [C2E2G2]A2 | [G,^CFA]=cf a5g3 | [e2E2G2A,2]c2 c4 [C2E2G2]A2 | [G,^CF]=cf a3[^C3A3A3=c3f3][^C3F3A3=c3] |
[A2A,2D2]F2 F4 [^G,2^C2]E2 | [G2G,2C2]E2 E4 [^F,2=B,2]_E2 | [D2F,2B,2]F2 D4 [D,4B,4D4F4] | [A,4C4E,4] c4 [CEGG]Ac |
[G3A3c3e3A,3][E3G3A3c3][E3G3A3c3] E2<[C2E2G2A2] | [G,6B,6^C6F6A6]>[F6B6c6g6] | [G3A3c3e3A,3][E3G3A3c3][E3G3A3c3] [C4E4G4A4] | [G,12B,12^C12F12A12] |
[A3A,3D3]F3F3 [^G,2^C2]E2 | [G3G,3C3]E3E4[^F,3=B,3_E3] | [D3F,3B,3]F3D3 [D,4B,4D4F4] | [G4E,4A,4C4E4] c0 c'5Ac |
[G3A3c3e3A,3][E3G3A3c3][E3G3A3c3] [C4E4G4A4] | [B,7^C7F7A7G,7][B3c3f3a3][B,3C3F3A3] | [G3A3c3e3A,3][E3G3A3c3][E3G3A3c3] [C4E4G4A4] | [G,12B,12^C12F12A12] |
[A2A,2D2]F2 F4 [^G,2^C2]E2 | [G2G,2C2]E2 E4 [^F,2=B,2]_E2 | [D2F,2B,2]F2 D4 [D,4B,4D4F4] | [G4E,4A,4C4E4] c0 c'4 c4 |
[c2_E2F2]^G4< [G4F,4C4E4]c2 | [E,4B,4_E4^G4c4] ((3c'2g2^c'2) =c'4 | [c2_E2F2]^G4< [G4F,4C4E4]c2 | [E,4B,4_E4^G4c4] ((3^c'2g2=c'2) c'4 |
[c2G,2C2E2]A2 A4 [G,2^C2F2]=c2 | [c2^F,2C2E2]A2 A4 [F,2C2_E2]B2 | [B2F,2B,2D2]G2 G4 [F,4=B,4_E4A4] | [E,4B,4D4] B4 [B,4^C4E4A4A4] |
[e2E2G2A,2]c2 c4 [C2E2G2]A2 | [G,^CFA]=cf a5g3 | [e2E2G2A,2]c2 c4 [C2E2G2]A2 | [G,^CF]=cf a3[^C3A3A3=c3f3][^C3F3A3=c3] |
[A2A,2D2]F2 F4 [^G,2^C2]E2 | [G2G,2C2]E2 E4 [^F,2=B,2]_E2 | [D2F,2B,2]F2 D4 [D,4B,4D4F4] | [E,60A,60C60E60G60] |","['Pop', 'Classical', 'Electronic', 'Jazz']",Jazz,3,Choose the most probable genre label of the provided score.
Jazz_Vocal Jazz_Henry Mancini_Justine Visits Drogheda.abc,"X:1
M:3/4
L:1/16
K:C
[A,6F6C6F,,6][F6C6A,6C,6] | [G,6_B,6C6D6F6F,,6][A,6F6C6C,6] | [A,6C6F6F,,6][G,6E6C6C,6] | [F6A,6C6F,,6][A,4F4C4]F,2 |
[A,6F6C6F,,6][F6C6A,6C,6] | [G,6_B,6C6D6F6F,,6][A,6F6C6C,6] | [A,6C6F6F,,6][G,6E6C6C,6] | [F6A,6C6F,,6][A,4F4C4]F,2 |
[_B,,2F,2D2B,2]>B,,2 F,2[G,4C4E4B,,4]G,2 | [A,4F4C4A,,4] A,2[A,4D4C4F4D,,4]A,2 | [G,4_B,4F4D4G,,4] G,2[G,2B,2D2F2C,,2] C,2[B,2G,2] | [F,,4A,4C4F4] F,,2A,2 C2F2 |
[_B,,2F,2D2B,2]>B,,2 F,2[G,4C4E4B,,4]G,2 | [A,4F4C4A,,4] A,2[A,4D4C4F4D,,4]A,2 | [G,4_B,4F4D4G,,4] G,2[G,2B,2D2F2C,,2] C,2[B,2G,2] | [F,,4A,4C4F4] F,,2A,2 C2F2 |
[A,6F6C6F,,6][F6C6A,6C,6] | [G,6_B,6C6D6F6F,,6][A,6F6C6C,6] | [A,6C6F6F,,6][G,6E6C6C,6] | [F6A,6C6F,,6][A,4F4C4]F,2 |
[A,6F6C6F,,6][F6C6A,6C,6] | [G,6_B,6C6D6F6F,,6][A,6F6C6C,6] | [D6_B,6F,6B,,6][F,6C,6B,6D6G,6] | [F4A,4C4F,,4] F,2[A,2F2C2A,2] C2[F,2F2] |
^F2>E2 F2D2 F2A2 | d2^c2 d2B4A2 | G2>^F2 G2E4FG | ^F4 ((3E2F2E2)D2 F2A2 |
d2^c2 d2e2 d2e2 | ^f4 ((3e2f2e2)d4B2 | A2G2 ^F2G4((3E2F2E2) | D12 |
[B,4G4D4G,,4] B,2[A,4^C4E4G,,4]A,2 | [A,4^F4D4F,,4] A,2[B,,2B,2F2D2] B,,2B,2 | [G6D6B,6E6E,,6][A,4^C4E4A,,4]A,2 | [A,4^F4D4D,,4] D,2[A,2D2F2] D, A,2D2 |
[B,4G4D4G,,4] B,4<[^C4E4A,4G,,4] | [A,4^F4D4F,,4]>[B,4D4F4B,,4] B,2D2 | [G6D6B,6E,,6E6][^C6A,6A,,6] | [A,6D6^F6D,,6]D,A, D2F98 |
[G,4E4] C2[G,4C4E4]G,2 | [C6F6A,6][F,6B,6D6] | [G,4C4E4] G,2[G,2E2] C2G,2 | [A,4F4D4C4] A,4<[F,4D4B,4] |
[G,4C4E4] G,2[G,2E2] C2G,2 | [F6D6A,6C6][F,6D6B,6] | [G,4C4E4] G,2[G,2C2] E2G,2 | [A,4F4D4C4] A,4<[F,4D4B,4] |
[C12G,12C,12] |","['Jazz', 'Blues', 'Folk', 'Soul']",Jazz,0,Choose the most probable genre label of the provided score.
Jazz_Jazz_Dinah Washington_After Youve Gone.abc,"X:1
M:3/4
L:1/16
K:Eb
F6[D5d'5C5d5]G,5 D8 [C8b8F8] [G,8B8] |d'0D0[C0G,0g0d0]b6 b0< [B0D0F0C0] [G,7f7] |[ff'A,][F_Dc'] C3[F0C0A,0D0][e'0a0]g'0g5 | [A,4b'4] [F4_D4e'4b4] [A,4c''4] [D4c'4F4] g'4 | _d'0 [G,7^F7D7d''7] a'7[=e''0e'0][D9=b'9][E9G,9] |
[G,0C0]< [E,0B,0]A,,10 |E0[G,0E,0][C2B,2]G,0F,0C2F2E, G0 A,8 [G,8C8] E8 | A,0 E7 C7 G,6A,0F0=B,0[F,0E0]A,,8 |E, ^F,0 E4 G0 [=B,4G,4A,4] |
[F,0A,0F0] [=B,4E4] _D0< G,0 [A,6G6B,6] ^F6D0[A,0=F0]B,0F,8 |[G,8D8B,8]E,8 |F[CD] G2>B2 c2>[D2C2]F | c_d=d2f((3F2f0F6)[C2D2f2]F2_d=dF2 |
A,3 D7 B,7c'2[D2B,2G,2c2]=A,2g2 |_d'd0gb=d'2d2c'2 c'3 c3[g2b2][D0B,0]=E,0[_d0d'0]b0g2[d0d'0]<g0=d'2[d2c'2] |[_d3g3d'3]b2[c5g5][=D5c'5]C5 [G3=A,3] E2>A,2[GE] | [=A,3G3E3]E5[A,5G5] [D4G4E4] |
c3D0G0[E3g3]=A,2g3c3[G0D0]E2g2 |G2G5 [C7E7G7] |Eg [A,3E3] G3 [C3c3][g3c'3][Gf'][Ec'fC]A, [A,4G4E4f'4] [C4c'4] f4 | [G2C2E2f2]f'2[A,2_d'2]=d'8E0[G0A,0_d'0f0]f'0C |
d'4 F0 D6B6G,6B,,2B, | [C,2C2]>C2C, B,,3B,2B,,3B,3E2E,2 |[B,,2B,2]C4C,4[B,,4B,4][e0C0A,0][_D13e'13F13b13] | [f'4f4] [F4_D4A,4c'4] C4 D0< [^F0d'0=e'0=a'0] [G,0a0] g'7[D2_a2e'2e2][G,2E2] |
=a3 B,12 [C12E12e'12][e12F,12] | E3[A,3C3]ce3[E2f2] C2 |^fFG g GgGE=B, A,0 gGgG g | Gg[=B,GE_B,] g2<G2 =B,2< F2 f3f0F0[E0B,0]^F,0 _B,2 |
^f0<F0[c0e0]g2G2 =B,0< _B,0 =f3F2c2[E0=B,0f0][F2_B,2][F,2c2]e2^f0<F0c2e2gG =B, |g2[G2e2]c2f2f0F0[E0=B,0]e2c2 _B,2^f0<F0ceg2G2=f2g2G2e2[f2c2][B,9f9D9] c9 [F9e9G,9] |^F,G,2B,A, |C3B, C_D=DF D4 |
D4 B,4G,4 [c3c'3]=a2[D2C2]B,2c2c5 | D7 [B,7C7][E4B,4]=E,4 |=e'2_e'2[E2B,2_d'2]=E,2c'2b2 |=a2g2G [CE]_a2d g3[g2f2][G2E2]C |
e2c4EB, ^FG2B, | E=E2B, _DC2B,E, B,5 |A,3G,3 A,4 E3 C3 A,3=B2 |c2[E2_d2][=B,2_B,2]^F,2 =d2[Ff]gG =B, [_B,2F,2]<f2F2[=B,0=f0F0][_B,5E5]F,5 |
[E0^F0f0] [=B,3_d3]_B,3=F,2[D0F0g0G,0][G13=d13] [D12f12] C12 | E,0 =e4 B4E4 | D,0 f4 [=A,4F4] [C4c4] =e4 [E4F,4=B4] B,4 [E0f0] B3 F3d0E0[B,0_A0]B3_B3 |B,e9[E9G9]C9 |
[E0D0d0]< G0 B,7E0c0[^F2=A2]A,2_A,2[=A0E0F0]C3_A,3 |G,2 ^F,0<F0[E0C0]=A,0=F,3 [E3E,3]A,2B,4G,4B,,4 |c d0 B2=A2[F2B2]c2d2 C |e2=e2[D2B,2] E,2^Ffg2=f2G2 g2 G2f2^f0[=A,2F2][D2B,2] |
g2G2c3[G4E4]C4B2A |G2[G2E2][C2A2]B2[cGE]C E2 [G2C2][A,2_d2]E2G[C=d] | [A,3^F3] [D2=f2]>[^F2g2][DA,]C F3 A,3D3[C3=f3][^F2g2][D2A,2] C2<F2[D3A,3]C3b3B3 | [^F3A,3] [D3c'3]c2b0B0 D3D0C0=F0c'8c8 |
[B4b4][D4F4C4][G,4B,4][D4c'4][F4c4]C4G,4D4[C4F4c'4]c4[G,4B,4] |[DBb]CF D3 G,3 [C2F2c2c'2]>[D2d'2][dF]C[_d'G,] [=D0G,0] C4 c4 | C0< [F0c'0_D0] [c0A,0]b2f2[D0F0d0]A,2c2[A,0D0F0] |A4 G,0< _D0 F3B3G A3B2D2G,2 |
c14 |E0C0A, GAce =B, Bc=eg | e=e0a=b0 F,0 E B,f2[C0F0^F,0]g2a2[=F2C2] |c'2E0[=B,2d'2][^F,2_B,2]f2f'2=B,2[a2a'2][_B,2b2]a'2a2E0f'2[=B,2f2_B,2] |
[a2a'2][b'0b0][E0^F,0=B,0]_B,2a2a'2=B,0E0_B,0[=F,0b0]b'8 |E0=B,_B, gfd0B,c c'b2gf0 D | g'f'd'c' c''b'0^f'g'=f' c'''4 |[F4D4]C4 [F7D7] [G,6C6][D4C4]F4 |
[c''2c'2]d''2a'2=a'c''2[A,0D0B,0] c'2_a'=a'c''2 c'0 B, |a'=a' c''2 [B,c'] Db'2B,4[E2B,2] |b'((3d''2b'2g'0) B,2 =e'_e'2d'2E2 B,2_d'2[c'2E2] |b2a2[G2E2]=A,g2E2[Gf] e2=BE |
gecE =A7E3G3 |FE^F =A_de E0 [G=f] A,^f2_a E | =ab_a5G4[C4E4]c''2 E2 |a'c''a' f' C Ed'_d'2 G2 [E2c'2] C2=b2_b2 E2 G2 |
Ca2f0E2 [GC]f2F2[DCg]b2B2[G,0^F,0b0B0] |G6g6^F, =F,0 [e7E7] B7 |G,4E0=E0[d0B0f0G0]F4Dd | E0 e2=E[f2F2G2B2]_e2[D0d0]G2E2B2B,2E2G2_D G, =A, |
[_D4C4c4]F4 [B3D3B,3] F2A2A,=A, CD2=E^F G |=ABc_d =e^fga [FD] G,c'd'_e'=e' g' | EB,Ce'2c'2=a2gE0 C0 B,g'2e'0E0C8 B,8 |E0 A,G0AB=B0 C0< E0 A, |
_d=de=e [C2A,2] f^fg =a _E6[B,6=B,6][F,6_a6] |E0[=B,2_B,2]aAaAe=B, E0< B,0 [_B,^F,Beb]b[BE]e[=B,_B,]E2[Aa]e=B,_B, | [=B,_B,b]Be[b5B5]E5[=B,5e5]_B,5F,4[A2a2][E2=B,2]_B,2ebB[Bb]e[A2E2e2=B,2] [_B,a] |[bB]ebBeF0 [A3a3][F2D2]C ^f0< F0 d3g2G2g0[G4d4]C4 |
D4C4F4D[FC][^fF]_d =D[G,C]G2g2d2D[CB=Fb] [eG,] |D[=bc']c2D =A2 D2 F2 C2_d'0<d0=D2G,2[F0d'0B,0C0c'0]d2c'3D0[F3c3G,3][_B3b3D3] [G,3F,3B,3] |=A5D4B,4G,4B,G, | DC=B, [_B,C]F=E_E =E0 B,=AG^F G |
B,c2[D4B,4] =E,4[_E0C0A,0]G2AG | =E3_E0G2 [C2A,2]=E2F2G2B,2A2 |B2c2B,2=E_d2e2a2[_E2B,2]b2=E,2 |c'2E0G2[A,2e'2]C2g'2g2e'2c'2GE C2< ^f'2 f2c'2[E0c'0][G0C0][A,0=f'0f0] |
[E0b'0^f'0]< =B,0F,=f'EB, [^f'_d']c'E0B, | ^f2b2=fE0=B,0_B,0 ^F,fdc=B,0E0_B,=F, A_dG[=D8B,8]G,8E,8 |^F2F,2_D2=A,2G,0G3A,2=D2E, | ^F,3 F3 _D3 E2=F4[=A,4C4]F,3GB,_A0 =Ac2c2=E2=B,2 F, |
=B2G2F,B,F2D2_B,2 E3=B,0 C, | D2>=B,2 [G,0_B,,0] C2G,2D2 E2E0[^F,2=F2]C2=A,2 |G4F^FE[=A,C] _A =A=Bc E [CF,d] | =A,e2f gf6D[CF] |
f3FD C2<^f2F2[G2g2][=F2D2] C2[B2b2][Bb] B, D =E, |B,2=E,2[D2c'2]c2=b2[_B,2B2]D2 E,2 b2B,3[D3E,3_d3]d'3[E,3B,3c'3]=D2c2b4B4[A,4C4]_E4 |[C0E0]A, e0< ^f'0f3C e'[e2f'2]f'2E0[C0e0]A, |e'2e4^f'4[F4D4A,4]De3f'3[f'2D2F2A,2e2] |
e'2e0[D0A,0^F0f'0]e'2D0=F0[e0^f'0]C0G,5 | e'2D [e2e'2]>D2 [D4e'4] F4[C4G,4] | [D3F3] [C3G,3] e'2[Df']FCG, F3 [G,3D3] [C3e'3][F4D4]C4G,4D[CFe']G, | D0 [G,3F3] C3f'2A,0[F0C0_D0][g'0g0] f'3[a4a'4][D4e'4][F4A,4C4]B,4D0[F0b0A,0e'0b'0]C4B,4 |
_D0[F4A,4]c''4c'4[D4^F4][d'4a'4d''4]G,4[=e''4D4][E4G,4e'4=b'4] |c'''0[=E0_D0=b''0][G,0b'0c''0]^f''4D0[E4G,4]b''4[b'4e''4][_E0C0_B,0][=F,0b''0b'0]e''2^f''2 |a''0g''2C b''3[E0C0^f''0]B,2g''2e''2c''2 C |b'2E4 =B,4EC A,e''2C2A,2c''2 |
a'2C2[E2A,2]g'2=b'2E0_b'2B,2=B,2a'2_b'[B,=B,] a' |^f'2=f'E2 =B,e'2_d'=d' Eb2[E0B,0]_B,0F, |d'2d2=B,0b2g2B,0E0d0_B,g2[d2E2]=B,2_B,2 |=B2[D0_B,0]G, f2=e_eB,2 cd6 |
D0[B,2c2]G,2=B_B=A[DB,] G,2<^F2A2D0 B,2 G, |G2D2B,2 G,C2B,2=A,2F, | C=B,_B, =A,4F,4 G,,4F,G,, | =A,2B,C=B, _B,4[DB,] A2>^F2 |
G2=A2[D2B,2] =E,B2c [d0_E0C0]F,3 =B |c2d2[C2E2]e2f2E2g2=a | [G7E7] D7 [c'7=A,7] c6[c'4E4][G4D4c4]A,4[E0_d'0][d0G0]A, |d4d'4 [A,7d'7G7]d7D7[G0C0]B0 A, |
[G3E3][C3c3][GEe] CE[C3A,3g3][G2=A2]_a[EGAC]e E[GA,C]ebB3 | [G4E4] [A,4c'4C4] c4 G0< [D0C0] _d0< d'0A,3g2b2[=d2d'2][^FDe'e] [A,0F0]<D0=f3f'2D2[F2g'2][C2g2] G,2 [f'B,] |[F3D3][G,3C3]f'3f3 [F0D0] f'3 [G,3C3f3][D3d'3]F3C3G,3=e'DC | F3 D3[C3b3]G,3b0[C3F3D3]G,3D2C D3 F0<[C0d0]G,2D0[F4d4]C4G,3 |
D2C2C2[c'0f0][A,4_D4C4F4c4a4]b[BD]C | [A,4_D4F4c'4] C4 [c4f4] F0 D2 [C2A,2]EC D0 =E_E^F=DG0=F =A |GBc0B _d =Bec=e0_e ^fga2 =a2 |bc'E0 C0 B, g4 GAc e |
[^F,0=E0]=B,0Bce f[C=F][G,_e]=ea b[A,4^F4]_D4 |[g0G0]E0=A,_ac'e' [A0=E0]< B,0 =bc'e' g' Ee'g' b'4 |E0B,0 =B,3 ^F,3E0[b0b'0][e'0_B,0=B,0]=a'2f'2[B,0b'0E0][F,0b0]_B, |^f'2E0=B,0_B,0=b'4B,0E0_B,2b'f'=f' =B,3 |
^f'3_d'0[E0=B,0]_B,2c'2=D2[=F2b2]C2=a2b2[FD]C |c'3[D2=a2][CF]ffF D Cdd2F[DC] |ff[FB] B2dd2F2DCFF[DB]C | B2DG, FFB,2G,2C2B,G, |
CC[B,F] F2B,B,C, =EEG, |G,_D D2 ((3C,2=E,2E,2) CC2G,_E, ((3G,2A,2A,2) |B, =E,E,((3G,2G,2E,2)E,F,, ((3F,2F,2G,2) | G,A,A,2 B,3C4 |
[C,4B,4][E4A,4C4]F,3a | E0 C4 A,0 [F,4=a4]A4 E0 [C3c'3] [_A,0c0]F,3CA, [C4A,4][E4g'4g4e'4] | E7[=B,6_B,6][^F,6g'6e'6]g6[B,5E5][=F,5=B,5f'5f5] | E3 [^F3A,3] [_D3f'3]f2d'2=D0g'0=F0[d'0g0C0G,0]B,0 f'13 |
[F3D3] C0[=e2G,2=b2e'2]E4[C4c'4f'4][=A,4f4]F,4B,4E4b4[F,4e4e'4] |E0[=B,0f'0][A,0c'0]F,4_b4[E4=B,4d'4d4][F,4A,4g4][e'0g0e0E0][G9_b9] | E4 [B,4A4^f4] e4 | E7 g6 [B,6e6]_D0[E5=d5^F5][D5=A5] |
_D0< [E0d0]^F0=A2[E0c0]C4F,5B5[=F5C5]G,5 | B4 B,,4 [c2D,2]>e2A, f3E0[=E,0^f0][B,F] | ^FGgG gG2[E4B,4]=E,4B, | [=E,B,_E^f'] f0< _d'0g'4[=f'3g3] [G0E0^f0]< [A,0C0] [e'0f'0g'0]=f'g4>G4[CE] |
A2B2 Cc2D f12 F12 [D12A,12] | [G3D3A,3] a3 a'3[F,8=B,8=E8] |=B, B,4 E4 [F,4_b'4e'4b4] | [E4=B,4_b'4] [F,4b4e'4] ^f0< f'0 E[=F,=B,]g'g0f'3 [B,4E4f'4f4]F,4 |
_d'0< d0E0[F,0=B,0]_b0=d'2d2g2 [=B,2E2F,2]< _d'2 d2g2[E0_B,0][c'0g0][=E,4c4]C3 |EB,2=E ^F3G2E2=A2[B,0B0]_E2=E,2 |c2[E2B,2][=E,2_d2]B,0_e2=e0[_E2B,2]=E,2^f2[E,2B,2][_E2=f2]g2 |g2a2 C2<C2[E3F,3]A,3 [e'5e5] [E5C5a5c'5] A,5 F,4 |
E4 C4[A,4c'4]c4F,3 [C4e'4E4] [A,4e4] [F,4a4] [G0E0A,0C0g0][g'7e'7] |[e'4e4][G4E4][C4A,4]E4[G4C4A,4g4g'4]d'4b'4[^F4D4][A,4b''4] |[^f''4f'4][F4A,4]D4[_d'4d''4][A,4F4] =D3[b'4b4]F4[A,4D4] |[^f'0f0][A,5F5]D5 [F4_d'4] [A,4=D4_d4] |
[D3b3B3] A,2>A,2 ^F4 [B,,3E,,3]F,0D,4G,4 |^F,, =F,0 G,,2G,5B,,, | A,6A,,6A,,,2 =A,,3 A,3A,,,3 |[B,,4B,4]B,,13B,13 |
[A,0g0]< [_d0=A0^F0] D=d5 |[G0f0][F5c5D5][G,5C5] g3 f'3g''4 g'4 |=e''3g''3g'3c'''0_E,,,4 |","['Jazz', 'Rap', 'Rock', 'Latin']",Jazz,0,Choose the most probable genre label of the provided score.
Jazz_Cool Jazz_Miles Davis_My Ship.abc,"X:1
M:3/4
L:1/16
K:F
[F,,4D4] C,4 D3 C2F [c0D,,0]< [E0A0] | [C^F,]B=Bc2< [D2A2_B,2]D G,,2>D2B, C,,4 | E,4 [G4c4B,4D4] =B4 [A,4d4] [F4A4] D4 | [G4c4f4D4] [F4^f4F,4c'4C4e4] [c'0F0]< [f0_e0E0] C4 [d0A,0=F0A0] | D4 [A,0F0] D2>((3^G,2F0D6)c2 F |
^c0=c2d [A,,4G,4] E3 C2 [G,2=B,2]f | [Ed] [C^F,d'] b=b2[c'c] F,[d'd]D, [G,,2c'2] [a2c2]F,^G,0[c0A,0=F0A0]=G,2 |[G3E3][B3G,3] [^C0F0A0] F,6E[C_E,,E,]F | [C0G0A,0]< [D,,0E0][E4D,4C4]A,4 _E0< [=B,0G0][^G,0G,,0] |
D,2_E,2[=E,0G,0B,0]D2F,2D,2_E,2 |E,0G,4C,C0DC=B, C [F,,0C,0]A,4D4 |[C2F,2]A,2F2F0[C0^F,0]B=Bc3[F,4C4D,4] | G,,4 [E=B,] F,[da]fA [d0_B,0] [D4A4] |
[E0^G0] [B4^c4]B,4 [=G0D0=c0] A,4 DFAB | [^F,0C0]<=F0[^G4c4]FAc D0 [E4=B,,4] | [FA,] D^cdf [F0D0]< [g0^G,0]f2> [d2F2]D=c3 | [E3G,3][C3A,3]=B2A,,G,DG [_B0F0d0D,0]< C0 ^F,4 |
[c2A,2]d2B2 [c4D4A4] [C4F4B,4] [B0_E0B,0C0G0] ^G,4 [A,4=B,4=G,4] | [D4A4^F4] [B,4^G4=F4^C4] [G,4^F,4] [=G4=C4E4] [G,4A,4=F,4] | [E0G0A,0C0][F,4G,4] [G4^G,,4=B,4_E4]=G,4 [E0^G,,0=G0] B,2>_B,,2 =B,,0 | [C,4B,4] [F4D4] [A,0F0] F,,4 [=B,,0C,0] |
^G0A2c B0C,cBA B0 CB,2df a |[c'0B,0c0]C3C,2b aC,g3 | C3 B,2[B4d4F4][C4B,4][C0B,0] D2C, | [B4d4F4C4] B,4 [B0D0F0C,0] [B,4G4] [F0^C0G0]< [B,0G,0] |
C,2F2 [^C0E0A,0] [F,,4A4C,4] F0D4[D,4A,4] | [A,=B,,]Ad _e =e [G0^G,0D0f0]ed c [B0A,0] [EC]dc2 | E3 C3[A,2F,2C2]D,A4 [d'2d2]>E,2 | A,,2>[c'2e2] E [C0A,0G,0][=b3d3] [C0a0A,0c0] F,2D,2[db] |
[A,4C4] [c'4e4] [=B4d4G4E4] [D4C4] [B4G4D4] G,4 | [G0=B,0E0F,0] G,,4 [E0B,0] F,2>D,2 D0 [F,2_B,2G,2][C,0=B,,0] |C,,3B,0E^F ^G Bc0^c_e=e=g | e2F,,2E2[A,2F,2][C2d2]f [aE,,][c'2c2][F3^F,3]C3 |
ac' E4 [=B,4e4F,4a4]G,,3D |[C,,0F0][E,4B,4] [^C0B,0]<[A0E0]E,4 [F,,4F4] [=C4D4]C,3 | ((3A,2D2F2) [F0C0A0^F,0] c4 C4 | [D0A0d0] [A,4=B,,4] A,0< [D0A0d0] e0< [c0E0_B,,0^G0] G,4 |
[d0D0^G0] G,2>B,,2 [C0=G0c0]< A,,0 G,2D G,FA [B0F0] | [d0C0G0] [D,4^F,4] [c2A,2]d2B2 [c0_E0B,0^G0] | [B0^C0^G,0] ^F4 [=C0=F0=G,0A0] [G4B,4_E4] F,4 | [F0A,0D,0] C4 G,,0 [C4A,4] [F3D3G3] B,3=B,,2 |
C,2>F,,2 [A,0C,0E0A0]< _E0 [C4^F,4] ^G,,4 | [B,4D4F,4G,,4] B,2 C,cc [F,,0C,0]< [=B0D0A,0] G4 | [G4C4c4A,4] [D0_e0]< [=e0A,0] _E0< G0 f2f2 [G0f0]E2=e3 |B,,2[_e2^G,2B2]E2[d2A,2D2]B,,2[c0^C0F0A,0]E,0A3 |
[B0^C0][F4G,4] [=C0G0]< [c0G,0A,,0] | [^F,2B2=f2] [C2F2d2][B2F2f2C2^F,2]d2 [=F4B4f4C4] [^F,4d4] [B2=f2^c2F2B,2C2][B2f2F2c2][C2B,2]G,2 | [B0f0F0^c0C0] B,2[=C,2C,,2] [C,2C,,2]> G,,2 ^C2 [B,2E,2][=C,0C,,0]G,,2 |[C,4C,,4] [C2A,2G,2][C,2C,,2] [C,4C,,4] |
[G,0C0A,0][C,2C,,2] [D2B,2] F,2[C,0C,,0] [B,2F,2] D2C,,2 [G,0^C0B,0=C,0E0] | C^CDF [d0F,,0] =C,2<A,2 | [D0C0F,0A,0] c4 F0< [C0A0] ^F,4[^G,,4F,4] | F,2G,,2e'a' E2=B,2[F,g']d'f' C,,e'_e'2 |
[^CEB,]d'_e'd'c' =c' [C,F,,]bac'2 [f2D2A,2]C2a b | ^g0 [C^F,]=bc'c E4 [F,4C4] [A,4A4D4d4] |[A,4=B,,4D4] [E4C4][_B,,4^G,4] [D2F2B,,2] G,2[E2=G2]F2 | [G,0E0A0]< [C0A,,0] [E0C0] A,2G,2 [C0^F,0]< [B0d0=F0] D,2[^G2c2_E2] |
[C0d0F0]B2D,0[^G2_E2c2] [A2c2D2F2C2]B,2c2[A2F2] [B0=G0E0][B,2C2^G,2]B2[=G2E2] | [D0^F0A,0=B,0G,0]A2D2A2 [^C0=F0^G0_B,0] [G,2^F,2][C2=F2]G2 [A,0=C0=G0E0][F,2G,2][E2C2G2] | [F2A,2C2][G,2F,2][F2C2] [^G,,0_E0=G0]< [G,0=B,0]^F,2 =F,2^G,,2 | [F,0G,0F0]< [B,0G,,0D0]A,0B,,2B, D FA[Cc]A B ((3c2^c2_e0)((3=e2^f2B,2) g =C, |
abc'd'F,,0C,0[A,0c'0] A,4 [E4C4] F,4 | F2 [C2^F,2]^g'b'((3g'2f'2=f'2) C0<[^F,0_e'0]D,((3d'2^c'2=c'2)=b _ba0[=E0=F,0=B,0]((3d'2=g2B,4) |^gEafd2[D0A,0B,0]E,f =g fd0[B,D]dc=B2 _B |C0[F0A,0]F,0^G0d2A [Gd] [D0C0] AA,F2C,0 F0< C0 D,2>[D,,2C2^F,2] |
[C,2G,2B,2]^G,, [=B,,4D4A,4] [F0A,0d0D0f0A0] B4 | [e4g4c4D4G4^G,4] [f4c4D4][G,4F4]=G4 [d0G0A,,0]< [E,0E0D0=B0] | [G0c0] [A,4C4] [C0F0B0d0^F,0]D,4 [=F4^G4C4c4] | [^gc'Dc] [CB,]a2[g2c'2c2]a [A,2D2B,2][b4B4][^c2a2A,2]f2 |
[^G,0=g0G0^c0e0]B,,2 D,0 [A,4F,4] [e4g4A4=c4] [A,4f4] [c4A4] | [_E0^G,0=G,0=B,0]G4 [F0^G,0]< [B,0F,0]G,,4 [F0_B,0]<[D,0F,,0] | A,0C,4A,4 F,,4 | [B,0D0]C,2C,2A BB,0[D0d0]fac' |
C,0 b2^fa [B,0D0] g2d=f C,0 d2B2 [A0B,0] | D2c2 C,0 B2A2 [D2B,2] G2F2 [C,4D4] | [B,4^C4F4] =C,4 | [E0A,0C0] A2g2 [A,0f0]=B,,2 [e0A,0D0] F2f2 |
[G2^G,2] [D2d2]e2 A,,0 [E,c]d((3c2=B2A,0) [E0c0C0]a2a |D,4a4 C4A4A,4 [G3C3] [A,,2G,2]> ^C2 D0 | [g2e2c2E2A2][f2D2c2] e0< [C0A0]F2c2[c0F0]A,2 [A4F,4F4]<D,4 | [d0E0G0]<[=B0c0B,0][F2B2][D2G,2] _E0<[G0F,0]B,0=E3 |
[E0G,,0] =B,2>_B,,2 ^C,0< [F,0D,0] [B,4D4] C,,4 C,4 | E,0 C,,C^C [^F,,E,D]=FA2 [=cA,C,]G^GA0 D0 | c0 A,efc^ce a0 [=c'C] [D,^F,]g^g0a2 [E4F,4C4] | E [=B,F,^gg'] d'[f'd'aa'][a'a][d'f'][aa']d' [f'=g'] [F,0G,,0] ^g d'f'[ad'][f'a']a'[ad']f'a'[d'a] [_B,0D0E,0]< d'0 [a'a][=g'2g2] |
[f'2B,2f2] [d'2b2] C,2[e'2b2]e2 [d'2F,,2] [a2C,2][d2A,2]c'2c2 [E2c'2] [C2A,2c2F,2]a2 | [^F,2=F2C2a2]f2 [C2D,2^F,2] =f2d2 [A,0d0] =B,,2[D2A2] | A,2 [A2D2]F2D2 [F0D0B,,0^G,0]< [E0C0] G,2B,,2 | [D0G,0=B,0] A,,4 [F4A,4] [F,4C4]D4 [_B0F0d0C0] ^F,2>c2 |
D,3 d3[c4F4]D4G,,4[B4D4F4]G,,4[B,,0B,0A0D0F0]A,4 |^G,2 [=G4B,4][_E,4^C4G,4F4] F4 [D,4=C4A,4] | [D,0F0] [A,4C4] [G4D4B,4] [G,4C,4] [G4G,4] [B,4D4C,4] | [E0D0A0A,0] [F,,4C,4] D4 [A,4F,4] [B,0D0D,0G,,0] G,4 |
[c0G0E0E,0]< [=B0G0] [C,4D4F,,4A,4] [D4G4c4A,4] [F,3C3] D0 | e0< [A,0_E0]G0f2f2f2 f3[=e0B,,0] |F,2C2D3d3[_E,0c0F0][C0^C0]A2=B, | B,A,^G,=G,5 ^C5 |
B3[C0c0][G0A,,0]G,2[C2^C2] E2[f0B0]D,2 | [^F,0=f'0][F3^F,3=f'3C3][b3d'3f3][f'8b8F8f8^F,8][d'8C8] |[F0^C0B,0]<[F,0G,,0]=C,3 ^C,3_E,3 |[B,0G,0]E,3[C,,,4C,,4][^c0E0^G0]B,7 |
[^C0E0][^G8=c8] |F2[C2^C,,2]^G,,2F,G,[G_e] =CF2c2g6C6 |[_E0^G,0]^C,,G,,[F,0=C0G,0]G,2[G0e0]C F |[_E0^G0]F2E2C3 |
[G,0=B,0]F,,2 C,2[G2D2G,2] ^G,2B,2 D [Bd] |F2f[^gG] [=bB][e'd]f'0f g2 g'b'2d'' | e''2[g''0F,,0F,,,0] e''2[d''0f''0]F,,,10 |","['Jazz', 'Ambient', 'Latin', 'Rock']",Jazz,0,Choose the most probable genre label of the provided score.
Jazz_Contemporary Jazz_Keith Jarrett Trio_Falling In Love With Love (trio) .abc,"X:1
M:3/4
L:1/16
K:Dm
g0< [e0^C0c0] [F,0A0]a3a3 a14 [d14f14D14A14] |a2 |[a0E0C0][A,0G,0c0]b2B2[c'2c2]d2 [c0^g0]< [c'0A,0] D0< [B,0F,0]a3 | d'3[G3F,3d3D3][g2A,2]B,2g3[G2d2A,2D2]F,2 g3 [G3D3A,3] [d3F,3]g17[G17d17][D17A,17]F,17B,16 | [B0D0F0] G,7[c3F3D3A,3] |
[A,3c3F3]D3 [c0F0]< [D0A,0] [E0c0] B,8 | [c0C,0F0]< [D0B,0]d2[f3e3] | [a0^c0]< [F,0C0][e3A3c3E3][E3a3]d0[A0D0]a5 | [F0C0c0A0] |
g0< [^C0e0c0] [A0F,0]< [f0=B0] | [a0c0f0] D7a3a3 | a0< [e0A0]F5 a3 c3g3=B3 |[f3A3]G0[A0D0]E,8 |
ABAG A3B2 A8 | [^F4^C4] G,4 Bce g |[D,0A,0f0]F6[^C0g0][G3c3] |g3[g0c0][G0C0]g2G2 |
g0G5=B,5fe[G11D11][F,11A,11]_B,11 | [D0^F,0] A3=f2 |D0[A,0F,0]B,0d2c B2>F2D [E,2B,2]<D2 | F3[A,2E2F,2]C3 A,3G,2 |
G,2A,0G,2A,3 A,14 |AB |[c0D0A,0][B,4F,4] d3G2G3 | G12 |
D8 [E,8B,8] b8 [B8D8] [A,8B,8] F,8 | [c'4c4D4] A,4 B,4 [D10c'10] [A,10c10] B,10 |[^fcB,c'E]A2< g2[cfDc'E,]B, g2 |[dd'B,][DE,][DE,e'e]B, [E0F,0a'0]< [C0A,0a0] =b0 e'7 [A0^c0] e C |
g3[^c3A3]E2 [f3D3A3] [d3F,3][e3C3][F3F,3][c3A3][F3d3F,3][=C3A3] | [A12F12F,12C12] [E,0^C0] [G3A,3] | E2>_E,2 [C0D0F0A0F,0] A4 | [A,10D10][a0^c0C0F,0]A2 |
[a3^c3A3]E3[D0g0]A0 d2f2g2 [a0D0] [d8A8E,8]B,8 | [a0^c0] [G,8E8A8C8]e7 a'4 | [f'4C4G,4] [^C4a4] F4 =c''4 [C4^C4F4] [g'4G,4=c'4] [d''0E0]< [^F,0C0] [a'4d'4] | [^F,0E0=f''0] [f'4c''4C4] [b'0D0]< [F,0b0G,0] B,15 |
[=B4^G4] [G,4B,,4] D4 [G4d4G,4] [E4B,,4] | [c0B,0C,0F0] D7C2 | [C0C,0]=B,,2C C4 C2DCB, | C4 C2DC=B, C4 |
C2D0C=B, C2D0C F,,0 B,2>C2 D4 | F,8< B,,8 | [A0D0A,0] B,2>B2 | c2>[D2A2] G,2<D2D5 |
D8B,8 D4 E,4 | [^c'2c2]>d2d' [f2f'2]>[g'2D2g2][B,A,]^f' [^g0g'0] d'[a2d'2] | f'3 f3[f'5f5] D8 A,8 | D4 [E,4B,4] [c'0c0a0] =b3[c'0c0]a[D_B,] |
c'3 a2>c2a [E,2D2]< [b2B2][Bb] [F,4E4] [A4a4^C4] | e3 A2>g2[A,DF,] f3A5 | E7 [B,7F,7][D4A,4]e3 |f^fECA, g2>a2A a3 A2> g2 E A, |
a8A8[E4^C4]F,4 | a2>^g2 A,0< [C0F,0a0]b c'3a0D3E,2 |ba g Da2ba g E ^Ca8 | E4 [^C4B,4] [g3G3]f0[C2E2]G,2 |
e2d2^C2 G,2=c2e2[D,A,]d2A A, | F2>D2 [F0^C0]GFE F3 =C0< [D,0A,0] | F3D5 D4 |A,B,2<C2CDC CDE |
D((3E2F2D4)^F,2=FG2 ^FAFD ((3G2A2B2) |DA, c^c_e2[DB,]=E, efg | [^g2^C2] E A,b2((3g2a0=b6)e2=c11 | [A,4E4C4] G,4 |
[C0F0^F,0] B,3[^g0G0]d3 [a2=f2A2] =g2[^f0c'0c0]<[d0a0][A,0D0=F,0][^g0c0c'0]^fa3=b2 | [a3d3D3][f3A3]B,3[f9D9F9]d9 | [D7E,7]D A,2< [^g'2g2]aa' | [D0A,0]< [B,0c''0c'0] =b'3[A,0a'0D0][_B,2a2]=b2f'3[A,3D3]f3_B,3 [D3f'3A,3f3] B,3d'2[D2d2A,2]B,2 |
[d'3A,3D3d3]B,3 [^c'0D0] [A,6c6]<[=c'6D6c6][B,9E,9] | [d4^G4E4B,4] [G4^c4E4] B,4 | c0< [D0G0A,0] |[B3F3G,3]C2E0[A,3E,3]C3 [A,2C2G,2G2]_E,[A,0C0F0]F,5 |
[C0A,0] [E,4E4] [G0^C0A,0] [E,4E4] | [F,0F0C0A0] D3F,,2a3 [a0^C0]< [F,0c0] [A3E3]e2[a9D9]d9f9 | a0Dba g |a2ba D [E,g]a2b0 a g0a4 |
[^F0^C0]G,8 [=F0C0=C0] G,4 | [^g3G3] d3f3[d0A0a0][^F,0=f0C0E0][b3B3][^F,CE]=Bc [F,0d'0C0d0E0] [c4c'4] | [D0F,0B0]< [b0B,0] G,0f7 [e0^G0F0]< [E0c0=B0]d0[F0D0][GB] | =B,2>_B,2 [B0B,0D0] F4 C,2>C,2 [E3e3^G3^c3] B,3 |
[e2B,2^G2E2]^c =C,2>C,2 [A3E3c3] F2 A,2[E2c2][FA,]A | C,4 C,4 [^G4B,4c4e4E4] C,3 |C,4[^G0C,0B,0e0E0]c4[B,2C,2] | d'c'[a2C2][F,DA,] f((3b2a2f4)cA,[gf] |
fdB G0< ^G,0 D0A3e =G,0< A,0 [CE]G2G4 |e2[^F,2E2]C2F3F3c0D4[B,4A,4] |AF3D F2>D2A, | _E2>D2=E, E2>C,,2G c4 |
c4 [D4A,4] B,4 A2>B2[A,D] | f6<f6 | [D7E,7]^C [d'2g2d2]>[=c'2c2]g | [g3d'3d3][c'3E3F,3C3][g2c2A,2][a3A3]^c2 a3 A3[C3E3] A,2 |
e((3^c2A4E2)C3 =C,2D[D,A,] | C2F,2F,2F, E,F,2A,8 |[DC]F, E3E2 |F2[G2F,,2] E2>C2 D2>D,2F,, |
A,3A,5 [=B,,4E,,4] G,4 | A2>G2 [A0^C0F0] G,4 c8 | A,4 D4 [E,4B,4] [^C6B,6F6G,6] |AB0[A0A,0]D, E,[e2A2F2]^C2[d2A2F2]=C2e0[A0F0]D0CF0[A0d0] ^C |
[^c2g2A2]E2f2[_E2A2][c2g2=E2A2][f6D6] | [g2G2c2A2e2][A2f2][F2g2][_e2B2b2][=B2f2]^f2[e0a0B0]A [e0^G0][=g3_B3][d3G3] |[f3B3][G0F0]d2 [d2D2B2F2G2][B2F2]B,2[D3^F3A3A,3] | ^F3 [F,0D0]<B0[D5=F5]G,5 [d0G0B0E0D0] F2>B,2 |
[c3E3] G3 C2[G0d0E0]D _E0[^G2e2]=eE[=BA] [c3=g3A3] G3[f2c2F2A2] |E0e2[F8A8c8]C8[G2^G,2E2C2B,,2] |[E3C3][G,3A,,3] [C3E3G,3] A,,3[F2^F,2B,2][C2D,2][F,2D,,2_E2]B,2 [F,3E3D,,3] B,3 |[D2F,2][B,2G,,2][G,,0F,0][B,3D3] [G,,0F,0] A,3D,0[F,3D3B,3] |
[B,0F,0]D,3 F,0 =B,,3[E,4G,4C,4]C,,5 | [^g'3g3D3A,3] [F,2B,2]>[a2D2][a'A,]B, [D3F,3A,3] [c'3c''3B,3][d''2A,2D2B,2d'2][e'2F,2] |[D3c''3][F,3A,3][B,3c'3] [D3a'3] [A,3a3F,3] B,6<[c''6c'6D6]A,9B,9 | [D2^g2G2B,2E,2]>A2B,E, [E,3D3] [B,2c2c'2]>[d'2d2D2E,2][B,=g] |
[D4E,4][c'3B,3]c3 [a3E,3A3] [D3B,3]F,5[c'5E5c5g5][A,5C5] | [F,0^g0G0E0]< [^c0A,0][A,AF,][=Ca] F,0< [C0A,0c'0E0c0] d3[d'0F,0C0d0][E=g]A, [c'3C3E3] [A,2g2c2][a2A2F,2][E2C2g2]A,2 |[c'3F,3][E3C3c3]A,3 [F,3a3E3]A3c'9[C9E9c9F,9]A,8 | E0 [^c3g3e3] A3[F2a2=c2][d2f2][F4a4c4][f4d4] |
[a4F4c4f4] d4 [g0^c0E0] [e2A2]>_E2 [F4f4=c4a4d4] | [g4^c4e4] [E4A4] F0 [a2e2=c2d2]>[g2E2][=Bd]e D3[d0A0_B0][a4e4] |[D5E,5B,5] [^C0=C0F0] G,11 |[=b2G,2E2_b'2C2A,2=b'2][c''0c'0G,0E0C0]<[A,0d'0] |
[C3^c''3][c'3E3^F,3g'3][d''2E2F,2d'2][=C0g'0] e'2[F,11C11E11a11]a'11 | [G0D0^G,0B,,0]A3[D2C2=B,,2]F2 |[B0D0][B,0C,0]F2 C,,4B,,[^G,0E0^C0]E,2=C,0=B,,5 | D7E2 |
F6G A6 |B2 c2d2 e2f2 | [g0G0F,0][E4e4]C4 [a0^c0C0e0E0] A2[a0c0]A7 |a0[f3D3d3]^G,3A3a3[c3e3C3E3]=G,2 [a2C2e2E2] [G,2c2][E2a2G,2C2] |
[a0C0_e0]< [=E0A0^F,0][Cb][BF,]E[C2F,2E2][cc'] [c'3D3c3A,3] [=F,3g3B,3][d'0D0F,0][B,0A,0g0]d5 | [GgDd]F,4B,3 [D4B4F4C4] | [F4B,4G,4F,4] D4 [G,3D3] [D,3B,3][G,0F,0F0][DB,] | D,0 G,6<[G,6E6][B,9E,9] |
[D3F,3A,3] [B,3b3B3][D0c0c'0][F,0A,0]B,0d[c4c'4] [D3b3] [E,3B3]B,2[c0c'0][B,0E,0D0]=b | [c'4c4] [E,3D3] [c'2c2B,2]>[d2d'2E,2]DB, [E,0e0] [e'4D4] B,4 | [^C3a'3E3] a3 F,3[a'5C5E5]a5A,5 [D0a'0F,0]< [A,0d'0a0] | [^C3E3c3] [A3F,3] A,3[c5C5][E5A5] |
[F,0D0] [F4C4A,4] A4 [^C0c0E0F,0g0A0] e3[D5a5=c5d5]f5 | ^C3 [E,0G0] A,3[^F5=F,5]A5 [c0e0g0A0] F3f3[G8=c8a8f8d8] |E,2[G3A,3][C3F,3] | _E,3[=E,0B,0][A4D4]E4E,,4G,A, |
B,C_E((3=E2^F2G2)ABc^c_e =eg0[F0C0]G,=fe |^c3[=c0^C0][F0G,0]B((3=c2B2A2) ^C2< G2F D,0 [=CA,] |EGE2 A,FD3D3^C2 A,2 D, |EA^c e0[D,=CA,][f2g2]e2f2d |
E0<=B,0F,0B2B4D_B, ABd | ^f((3a2f2g2)((3a2b2F,2) D d'f'a' | [D4c''4B,4A,4] c'4 D3 [=b'3b3] [A,3_B,3][b'0b0][D0E,0] B,4 | B,2<[^g'2D2]g3[f'0f0] [_E0A,0] =G4A, [G0^g'0g0]b2[f'4f4][=G0D0]^G,4 |
D [^g'0D0b0G,0=G0] a'2[E0f'0][A,4G,4][f0C0]A, | [^g'3C3E3g3] =G,2 A,2[f'0f0^F,0C0]=F4[^F,0=F0C0]D0[F,0g0B,0A,0d'0] |^g=gfB, D0 d2g2f2d2B2 |A2cD B3D4[E,0B,0D0] |
D0B,2 c''a'b'0<[D0A,0]F,0g' e'd'5 |DA,B, c'abgD edc2A | BF6[_E2=E,2E2]D2C2 | B,2[G,2D,2]< ^G,2[A,2C,2F,,2] C2^C2 |
C3 C,4[D,C,] A,2>C,2C | [^C,0C0] =C2DD, C,3 C3[A,0A,,0] F,2>F,,2 [E0E,0G0^C0A,0] |C,0D, [E,0F,0C0A0] [F3D3]C2[D2A2F2]F,2[C3A3][D3F3]F,3 [D3A3F,3C3] | F3E4C4A,4[C0_e'0a'0a0=E0]F,0[A,0^f'0] e'2[a'Ca_e'=F,][=EA,]e'2 |
[a'a_e'C] [=EF,A,]e'2[g'2C2E2g2][F,2d'2A,2][A,3F,3][f3f'3c'3] [a'0A,0D0E,0]< [d'0a0] B,8 | [^C0a'0c'0]< [G,0a0e'0E0] =c''7 | [a'7C7f'7] [^C7F7G,7]=c'6[d''0^f'0d'0E0][C0F,0a'0] |[G0=B,,0][^G,6B,6]D5 |
[C,4C4A4] E4 [B8D8C,8F8]B,8 | [^G,0^C0]< [E,0=C,0C,,0] |[d'5f5B5b5] [=B4^g4f'4] [b4d'4] | [=B4d'4] [_b4g4] [c7e'7b7e7]c3C,2 |
C3C,,3 [C,,3C3][C8C,,8] |[G0B,0B,,0]D5G,5 [=B,,4F,4] [A4A,4D4] F4 | B8 [D8B,8C,8] F8 E0< [C,0^C0] B,0F,8 | E0<C0F,,3C,3[g3C3e3^c3A3] |
[e3c3a3][E3A3][a3c3A3E3e3] [c3a3e3A3E3][a3E3c3e3]A3 |[a0F,0][c3e3]A3[C0a0] a2 [A2E2]b2c2 | c'2[c0c'0f0]F,2d'0D3 [B3f3] G3 d3D3 |A3[B3F,3] [B0C,0]<[F,,0F0] |
C,,9F,,,4 |A,,2 |","['Jazz', 'Latin', 'Pop', 'Folk']",Jazz,0,Choose the most probable genre label of the provided score.
Jazz_Vocal Jazz_Katie Melua_The Closest Thing To Crazy.abc,"X:1
M:3/4
L:1/16
K:E
[B,2E,2][G,2G,2] [G,4E4] | [B,2B,2]F,2 [F,4B,4D4] [f2G,2B,2E2]e2 | [e4G,4B,4E4] [G,4B,4E4] [G,2B,2E2]f2 | [f2A,2C2E2]e2 [A,4C4E4e4] [A,4C4E4] |
[A,4C4E4] [G,4B,4E4B4] [G,4B,4E4] | [B2F,2B,2D2]B2 [f2F,2B,2D2]d2 [E4G4B4] | [D4F4B4] [D4F4B4] [E4G4B4] | [E4G4B4] [E4G4B4] [E4G4B4] |
[A,2E2][C2C2] [C2A,2E2]C2 [C2A,2E2]C2 | [G,2E2][B,2B,2] [B,2G,2E2]B,2 [B,2G,2E2]B,2 | [B,4G,4E4] [C2C2G,2E2]C2 [C2G,2E2]C2 | [G,2E2][B,2B,2] [A,2E2][C2C2] [C2A,2E2]C2 |
[C2A,2E2]C2 [C2A,2E2]C2 [G,2D2][B,2B,2] | [B,2G,2D2]B,2 [B,2A,2D2]B,2 [B,2A,2D2F2]B,2 | [B,2G,2E2]B,2 [B,2G,2E2][B,2B2] [B,2F,2D2B2]B,2 | [B,4F,4D4B4] [E4G4B4] [D4F4B4] |
[D4F4B4] [E4G4B4] [E4G4B4] | [E4G4B4] [E4G4B4] [A,2E2][C2C2] | [C2A,2E2]C2 [C2A,2E2]C2 [G,2E2][B,2B,2] | [B,2G,2E2]B,2 [B,2G,2E2]B,2 [B,4G,4E4] |
[C2C2G,2E2]C2 [C2G,2E2]C2 [G,2E2][B,2B,2] | [A,2E2][C2C2] [C2A,2E2]C2 [C2A,2E2]C2 | [C2A,2E2]C2 [G,2D2][B,2B,2] [B,2G,2D2]B,2 | [B,2A,2D2]B,2 [B,2A,2D2F2]B,2 [B,2G,2E2]B,2 |
[B,2G,2E2][B,2B2] [B,2F,2D2B2]B,2 [B,4F,4D4B4] | [G,2E2]B,2 [G,2E2]B,2 [G,2E2]B,2 | [G,2E2]B,2 [G,2E2]C2 [G,2E2]C2 | [G,2E2]C2 [G,2E2]C2 [A,2E2]C2 |
[A,2E2]C2 [A,2E2]C2 [A,2E2]C2 | [F,2D2]B,2 [F,2D2]B,2 [F,2D2]A,2 | [F,2D2]A,2 [G,2E2]B,2 [G,2E2]B,2 | [G,2E2]B,2 [G,2E2]B,2 [G,2E2]C2 |
[G,2E2]C2 [G,2E2]C2 [G,2E2]C2 | [A,2E2]C2 [A,2E2]C2 [A,2E2]C2 | [A,2E2]^B,2 [A,2E2]B,2 [A,2E2]B,2 | [G,2E2]B,2 [G,2E2]B,2 [G,2E2]C2 |
[G,2E2]C2 [A,2E2]C2 [A,2E2]C2 | [A,2E2]^B,2 [A,2E2]B,2 [A,2E2]B,2 | [A,2E2]^B,2 [G,2E2]=B,2 [G,2E2]B,2 | [G,2E2]C2 [G,2E2]C2 [F,2D2]B,2 |
[F,4D4] [B,4B,4E4G,4]>E4 | [B,4D4F4] [B,2D2F2][FB,D]F [B,2B2E2G2]B,4 |[B2B,2] [G2B2e2]B,2 [E2G2B2]B,2 | [E,4A,4=D4] [E,2A,2D2]E2 [E,2A,2^B,2]E2 |
[E,2A,2][^B,2B,2] [E,4G,4]<[=B,4B,4] | [E,8G,8B,8] [E4G4B4] | [D4F4B4] [D4F4B4] [E4G4B4] | [E4G4B4] [E4G4B4] [E4G4B4] |
[A,2E2][C2C2] [C2A,2E2]C2 [C2A,2E2]C2 | [G,2E2][B,2B,2] [B,2G,2E2]B,2 [B,2G,2E2]B,2 | [B,4G,4E4] [C2C2G,2E2]C2 [C2G,2E2]C2 | [G,2E2][B,2B,2] [A,2E2][C2C2] [C2A,2E2]C2 |
[C2A,2E2]C2 [C2A,2E2]C2 [G,2D2][B,2B,2] | [B,2G,2D2]B,2 [B,2A,2D2]B,2 [B,2A,2D2F2]B,2 | [B,2G,2E2]B,2 [B,2G,2E2][B,2B2] [B,2F,2D2B2]B,2 | [B,4F,4D4B4] [E4G4B4] [D4F4B4] |
[D4F4B4] [E4G4B4] [E4G4B4] | [E4G4B4] [E4G4B4] [A,2E2][C2C2] | [C2A,2E2]C2 [C2A,2E2]C2 [G,2E2][B,2B,2] | [B,2G,2E2]B,2 [B,2G,2E2]B,2 [B,4G,4E4] |
[C2C2G,2E2]C2 [C2G,2E2]C2 [G,2E2][B,2B,2] | [A,2E2][C2C2] [C2A,2E2]C2 [C2A,2E2]C2 | [C2A,2E2]C2 [G,2D2][B,2B,2] [B,2G,2D2]B,2 | [B,2A,2D2]B,2 [B,2A,2D2F2]B,2 [B,2G,2E2]B,2 |
[B,2G,2E2][B,2B2] [B,2F,2D2B2]B,2 [B,4F,4D4B4] | [G,2E2]B,2 [G,2E2]B,2 [G,2E2]B,2 | [G,2E2]B,2 [G,2E2]C2 [G,2E2]C2 | [G,2E2]C2 [G,2E2]C2 [A,2E2]C2 |
[A,2E2]C2 [A,2E2]C2 [A,2E2]C2 | [F,2D2]B,2 [F,2D2]B,2 [F,2D2]A,2 | [F,2D2]A,2 [G,2E2]B,2 [G,2E2]B,2 | [G,2E2]B,2 [G,2E2]B,2 [G,2E2]C2 |
[G,2E2]C2 [G,2E2]C2 [G,2E2]C2 | [A,2E2]C2 [A,2E2]C2 [A,2E2]C2 | [A,2E2]^B,2 [A,2E2]B,2 [A,2E2]B,2 | [G,2E2]B,2 [G,2E2]B,2 [G,2E2]C2 |
[G,2E2]C2 [A,2E2]C2 [A,2E2]C2 | [A,2E2]^B,2 [A,2E2]B,2 [A,2E2]B,2 | [A,2E2]^B,2 [G,2E2]=B,2 [G,2E2]B,2 | [G,2E2]C2 [G,2E2]C2 [F,2D2]B,2 |
[F,2D2]B,2 [G,2E2]B,2 [G,2E2]B,2 | [G,2E2]C2 [G,2E2]C2 [A,2E2]C2 | [A,2E2]C2 [A,2E2]B,2 [A,2E2]B,2 | [G,2E2]B,2 [G,2E2]B,2 [G,2E2]C2 |
[G,2E2]C2 [A,2E2]C2 [A,2E2]C2 | [A,16C16E16] |","['Rock', 'Jazz', 'Country', 'Soul']",Jazz,1,Choose the most probable genre label of the provided score.
Pop_Classic Italian Pop_Matia Bazar_Souvenir (1998 Digital Remaster).abc,"X:1
M:3/4
L:1/16
K:Em
[c0a0] =F,,4 C,4 | A,8 c12 =f12 | d'8> [c'8e8] | [b0d0] A,,4 E,4 B,4 | [c'4e4] c16 a16 |
=F,,0 [c4a4] F,4 A,4 | C3c0=f a12 d'12 | c'2c2 [A,,0d0] b4 E,4 | C4 [e4c'4] c16 |
a16 | G,,0 [a2c2]D,2 ^a0 [d2=A,2]^A,2 [=f0A0D0] | =F4 A4 | [d4^a4] [d'4=f4] f'4 a4 |
D,,0 e'2 g2A,,2 =F,0 [f'2a2]A,2 [f0d'0] D4 [a4f4] | [=F0e0A0] f4 [g0e0] | [=f4a4] [a0c0] ^D,,2^A,,2 [D,0=d0] a2 |G,2 ^A,0< ^D0 [A0d0] g4 [A,4=F4] [D4G4] |
g4 [a4c4] | [^a2d2]=a^a [=a0D,,0] D,4 [A0g0] | d4 a4 [A16d16f16] | [D4^A4C,,4] [c4^D4G,,4] [C,24G24A,24] |
G,,4 | D,4 A,4 ^A,4 | [=F0D0] d4 ^A,4 =A,4 | G,4 [=F4C4^G,,4] [=G4^D,4] |
[C4^D4] [=D2^A,2]^G,,2 [A,4=F4=G,,4] | ^A4 ^D8 [D0A,0] | F,,4 =F0 ^C,4 [C0^A,0] | [C0^G,0]F,,2 [^D0C0] =F,,4 G4 |
^C4 ^G,4 [=G,4D4E,4E,,4] | G,4 C4 G,4 | [G,4^D,4D,,4=D4] G,4 C4 | G,4 A, D,,0< D0 G32 |
F188 | ^g3=f3 |B42 | a e^cA22E21 |
F, A,0< D0 F0 A7 | [B,3F3][=F3B,3][B,2^F2] ^G32 | B,32 | aaff b |
bf10 | aaff bbf10 | aaff bbf227 |f3 e |
dBA B25 |f3 ed^cB c57 |f3 e |dBA B25 |
f3 ed^cB c22 |F[^c2f2] |[^c2f2][c5f5] bbff b |bf10 |
bbff bbf10 | bbff bbf10 | bbff b |bf10 |
bbff bbf10 | bbff bbf10 | bbff b |bf227 |
f3 edBA B25 |f3 e |d^cB c57 |f3 edBA B25 |
f3 e |d^cB c22 |F[^c2f2][c2f2][c5f5] | bbff bbf10 |
bbff bbf10 | bbff b |bf0 |","['Pop', 'Folk', 'Electronic', 'Rock']",Pop,0,Choose the most probable genre label of the provided score.
Pop_Baile Pop_Wanessa_Amuleto Protetor.abc,"X:1
M:3/4
L:1/16
K:Gm
[A4C4F4G4F,,4F,4] [A4c4] | B2A2 G2F2 [G,,16G,16B,16D16F16G16] | [C4F4G4F,,4F,4] c4 B2A2 | G2F2 [F16B,16D16G16G,,16G,16] |
[C4F4G4F,,4F,4] | c4 B2A2 G2F2 | [B,16D16F16G16G,,16G,16] | [C4F4G4F,,4F,4] c2c2 |
B2A2 G2F2 [G,,20G,20B,20D20F20G20] | c4 B2A2 | G2F2 G20 | c4 B2A2 G2F2 |
G20 | c4 | B2A2 G2F2 G20 | c4 B2A2 |
G2F2 G148 | c4 | B2A2 G2F2 G116 | c4 B2A2 |
G2F2 G20 | c4 B2A2 G2F2 | G20 | c4 |
B2A2 G2F2 G20 | c4 B2A2 | G2F2 G212 | c4 B2A2 G2F2 |
G116 | c4 | B2A2 G2F2 G20 | c4 B2A2 |
G2F2 G20 | c4 B2A2 G2F2 | G20 | c4 |
B2A2 G2F2 G148 | c4 B2A2 G2F2 | G20 | c4 |
B2A2 G2F2 G20 | c4 B2A2 | G2F2 G20 | c4 B2A2 G2F2 |
G84 | c4 B2A2 G2F2 | G20 | c4 |
B2A2 G2F2 G20 | c4 B2A2 | G2F2 G15 |","['Rock', 'Pop', 'Soul', 'Classical']",Pop,1,Choose the most probable genre label of the provided score.
Pop_Classic Italian Pop_Lucio Dalla_Anna E Marco.abc,"X:1
M:3/4
L:1/16
K:Bb
[B4d4]>F4 [B4d4]<[A4e4] | [d8B8] | d4<[A4e4] [B6d6] |F2 [d4B4]<[A4e4] | [B0d0] d4<[A4e4] |
[B0d0]F2 B2d2 | e2F2 B2e2 d2F2 | B2d2 e2F2 B2d2 | e2G2 c2e2 f2G2 |
c2f2 e2G2 c2e2 | f2G2 c2e2 [c2E,2]C2 | E2G2 c2C2 G2c2 | [c2F,2]C2 F2A2 c2F2 |
[C2A2]c2 B,,2F,2 B,2[d2d2D2] | [E2e2]F,2 B,2[E2e2] [D2B,,2d2]F,2 | B,2D2 [B,,0B,0B,,0F0B,0D0F0D0] [A,4A,,4C4F4A,,4A,4F4C4] | [G,32G,,32B,32D32] |
[E,,14E,14G,14C14E14] |[G,18C18D18G18] | [F,0C0A,0F,,0A,0F0C0] F10 |C6 [F,22B,22C22D22] |
[C0D0]B,6 | [G,6C6E6][G,4C4E4] |[G,6C6E6] [A,6F6B,6D6] |[F4A,4D4B,4][D6A,6F6B,6] |
[G,6C6E6][G,4C4E4][G,2C2E2] | [G,4C4E4] [F,6B,6D6]F,6 | [F,12B,12B,12D12D12] | [F,8B,8D8] |
[G,0C0E0][G,8C8E8] |[F8G,8C8E8][G,4C4E4] |[G,2D2] [F,4C4] [E,6G,6C6] |[G,0C0E0] [E,2G,2]E,2 |
[F,4A,4C4] F,2[A,10C10] | [F,0B,0D0]<[F,0B,0E0] | [F,0B,0D0]F,2 | [F,2D2B,2]B,,2 [D4F,4B,4] [F,4A,4C4] |
[G,6B,6D6][G,4B,4][G,2B,2] | G,,4 B,4<G,,4 | [D8B,8] [E,16G,16C16E16] | [E,0G,0C0F0E0][E,6G,6B,6C6] |
[B,4D4] [F,6A,6C6][F,0A,0C0] | F,2[A,12C12] |[A,6C6] | [F,32B,32D32] |
[A,8C8F8] | [F,8A,8C8] | [F,0A,0C0]F,2 [A,8C8] | [G,0C0E0][C6G,6] |
[G,4C4] C,,6 |C,2 [G,8E8C8] | [A,6C6F6][A,4C4]A,6 | [A,8F8C8] |
[F8A,8C8] [G,8C8E8] | [G,2C2E2]G,4G,2 | [G,0B,0E0F0] | [A,8C8] |
C8 [G,6B,6F6E6] |E,4[G,2B,2] E,4 | [A,16C16F,16] | [B,2D2][B,2C2] B,2F,,2 |
[B,4C4] [F,2F,2F,,2][C4F4B4]C,2 | [F,,2F,2][F,,0F,0c'0b'0f'0][C,2F,2] F,,4 | [B,4B4F4D4]>B,4 [D8F8] | [B,4E4G4C4]>B,4 |
[E8G8] [D0B,0F0A0] | B,2[A4f4d4][d6F6A6] | B,2[E4G4c4]B,2 [E4c4G4] | [E4B,4] [F,6B,6D6]F,6 |
[F,12B,12B,12D12D12] | [F,8B,8D8] | [G,6C6E6][G,8C8E8] |[F8G,8C8E8][G,4C4E4] |
[G,2D2] [F,4C4] [E,6G,6C6] |[G,0C0E0] [E,2G,2]E,2 | [F,0A,0C0] F,2[A,10C10] | [F,6B,6D6][F,6B,6D6] |
[F,0B,0D0]F,2 | [F,0B,0D0]B,,2 [D4F,4B,4] [F,4A,4C4] | [G,0B,0D0][G,4B,4][G,2B,2] | G,,4 B,4<G,,4 |
[B,8D8] [E,16G,16C16E16] | [E,0G,0C0E0F0][E,6G,6B,6C6] | [B,4D4] [F,0A,0C0][F,6A,6C6] | F,2[A,12C12] |
[A,6C6] | [F,0B,0D0] | [G,0C0E0] |[G,8C8E8][G,8C8F8E8] |
[G,4C4E4][G,2D2] | [F,4C4] [E,6G,6C6][G,0C0E0] | [E,2G,2]E,2 [F,4A,4C4] | F,2[A,10C10] |
[F,0B,0D0]<[F,0B,0D0] | [F,0B,0D0]F,2 [F,2D2B,2]B,,2 | [D4F,4B,4] [F,4A,4C4] [G,6B,6D6] |[G,4B,4][G,2B,2] G,,4 |
B,4<G,,4 [B,8D8] | [E,16G,16C16E16] | [E,0G,0C0F0E0] |[E,6G,6B,6C6] [B,4D4] |
[F,6A,6C6][F,0A,0C0] | F,2[A,12C12] |[A,6C6] [F,0B,0D0] | [F8A,8C8] |
[F,8A,8C8] [F,6A,6C6] |F,2 [A,8C8] | [G,6C6E6][C6G,6] | [G,4C4] C,,4>C,4 |
[G,8E8C8] [A,6C6F6] |[A,4C4]A,6 | [A,8F8C8] [F8A,8C8] | [G,8C8E8] |
[G,2C2E2]G,4G,2 [G,16B,16E16F16] | [A,8C8] C8 | [G,0B,0F0E0]E,4 |[G,2B,2] E,4 [A,16F,16] C16 |
[B,2D2][B,2C2] B,2F,,2 [B,4C4] | [F,2F,2F,,2][C4F4B4]C,2 [F,,2F,2][F,4F,,4b'4f'4c'4] |[C,2F,2] F,,4 [B,6B6F6D6] |B,2 [D8F8] |
[E4G4C4]>B,4 [E8G8] | [D4B,4F4A4] B,2[A4f4d4] |[d4F4A4]> B,4[E4G4c4] |B,2 [E0c0G0] [E4B,4] |
[B2d2]F2 B2d2 e2F2 | B2e2 d2F2 B2d2 | e2F2 B2d2 e2G2 | c2e2 f2G2 c2f2 |
e2G2 c2e2 f2G2 | c2e2 [c2E,2]C2 E2G2 | c2C2 G2c2 [c2F,2]C2 | F2A2 c2F2 [C0A0] |
[B,0F0D0B0]B,2 [D0F0] | [B,4E4C4G4]>B,4 | [E8G8] [D4B,4F4A4] | B,2[A4f4d4][d6F6A6] |
B,2[E4G4c4]B,2 [E0G0c0] | [E4B,4] [B,4B4F4D4]>B,4 | [D8F8] [B,6E6G6C6] |B,2 [E8G8] |
[D4B,4F4A4] B,2[A4f4d4][d6F6A6] | B,2[E4G4c4]B,2 | [E4c4G4] [B,4E4] [B,29D29F29B29] |","['Classical', 'Pop', 'Country', 'Folk']",Pop,1,Choose the most probable genre label of the provided score.
Pop_Pop House_Jens O_To The Beat (Club Mix).abc,"X:1
M:3/4
L:1/16
K:D#m
[D3F3f3][D3F3f3] |[D2F2f2] [F3A3a3][F3A3a3][E2G2g2] [G3B3b3] |[G3B3b3][E2A2a2] [E4G4g4] [A,4A4a4] | [D3F3f3][D3F3f3][D2F2f2] [F3A3a3] |[F3A3a3][E2G2g2] [G3B3b3][G3B3b3] |
[E2A2a2] [E4G4g4] [A,4A4a4] [D3F3f3] |[D3F3f3][D2F2f2] [F3A3a3][F3A3a3] |[E2G2g2] [G3B3b3][G3B3b3][E2A2a2] [E4G4g4] | [A,4A4a4] [D3F3f3][D3F3f3] |
[D2F2f2] [F3A3a3][F3A3a3][E2G2g2] [G3B3b3] |[G3B3b3][E2A2a2] [E4G4g4] [A,548A548a548] | [D3F3f3][D3F3f3] |[D2F2f2] [F3A3a3][F3A3a3][E2G2g2] [G3B3b3] |
[G3B3b3][E2A2a2] [E4G4g4] [A,4A4a4] | [D3F3f3][D3F3f3][D2F2f2] [F3A3a3] |[F3A3a3][E2G2g2] [G3B3b3][G3B3b3] |[E2A2a2] [E4G4g4] [A,4A4a4] [D3F3f3] |
[D3F3f3][D2F2f2] [F3A3a3][F3A3a3] |[E2G2g2] [G3B3b3][G3B3b3][E2A2a2] [E4G4g4] | [A,4A4a4] [D3F3f3][D3F3f3] |[D2F2f2] [F3A3a3][F3A3a3][E2G2g2] [G3B3b3] |
[G3B3b3][E2A2a2] [E4G4g4] [A,612A612a612] | [^Bb][dd'][^^ff'][bb'] [Bb][dd'][ff'][bb'] [Bb][dd'][ff'][bb'] | [^Bb][dd'][^^ff'][bb'] [Aa][^^cc'][ee'][aa'] [Aa][cc'][ee'][aa'] | [Aa][^^cc'][ee'][aa'] [Aa][cc'][ee'][aa'] [Gg][^Bb][dd'][gg'] |
[Gg][^Bb][dd'][gg'] [Gg][Bb][dd'][gg'] [Gg][Bb][dd'][g17g'17] | [^^F8f8] | [^^F3f3][G3g3][F2f2] [E8e8] | [G3g3][^^F3f3][E2e2] |
[D8d8] [D3d3][E3e3] |[^^F2f2] [E3e3][F3f3][G2g2] | [^^F4f4] [E4e4] [F8f8] | [^^F3f3][G3g3][A2a2] |
[E8e8] [^^C3c3][D3d3] |[E2e2] [A3a3][G3g3][^^F2f2] | [E3e3][^^F3f3][G2g2] [A3a3][^B3b3] |[^^c2c'2] [A3a3][^B3b3][c440c'440] |
[Aa][Bb] [c6c'6] |[G2g2] [B3b3][c3c'3][d2d'2] | [^^c4c'4] [g4g'4] [A6a6] |[Aa][Bb] [c4c'4]>[G4g4] |
[B3b3][^^c3c'3][g2g'2] [f3f'3][e3e'3] |[^^c4c'4]< [d4d'4][dd'][ee'] | [f8f'8] [e3e'3][g3g'3] |[b2b'2] [a4a'4] [e4e'4] |
[d6d'6][dd'][ee'] [f10f'10] |[b3b'3][a3a'3] | [g3g'3][f3f'3][e4e'4][d3d'3] |[e3e'3] [f3f'3][g3g'3][a4a'4] |
[g3g'3][b3b'3] [a3a'3][g3g'3] |[e2e'2] [f3f'3][e3e'3][d12d'12] |[=e0e'0][^e3e'3] |[d3d'3] [^^c3c'3][a3a'3][g8g'8] |
[^^g0g'0][a2a'2] [^g2g'2][f2f'2] | [g2g'2][a2a'2] [b8b'8] | [^^c3c'3][g3g'3][e2e'2] [d14d'14] |[ee'][ff'] |
[g3g'3][b3b'3][a2a'2] [g4g'4] | [^^c4c'4] |","['Blues', 'Latin', 'Soul', 'Pop']",Pop,3,Choose the most probable genre label of the provided score.
Pop_Metropopolis_Polly Scattergood_I Am Strong.abc,"X:1
M:3/4
L:1/16
K:C
[C0E0A0A,,0A,0] |C0<^C0D2[=C2A,2]D5 C0 | [A,26A,,26E,26] |A,6 [^F,0^D0A,,0E,0][G,4E4] |
^F,2^D2[G,2E2]G A,GA,G | A,GA,G A,GC0^C2D2 [=C4A,4] | D4 C0 [A,26A,,26E,26] |A,6 |
[C0E,0A,0A,,0] |[E,6A,6] [C0E0A0A,,0A,0] |C0<^C0D2[=C2A,2]D5 | [C0F,0A,0F,,0] |
[F,6A,6] | [C0E,0G,0C,0] |[E,6G,6] [B,0^G,0E,,0E,0] |[^G,6B,6] |
[C0E0A0A,,0A,0] |C0<^C0D2[=C2A,2]D5 C0 | [A,,4A,4E,4]>[C4E4]A A,,4 | [E4C4] A,4<[C4E4E,4] |
[C4E4A,,4] A,2[E2C2]A [A,,4E,4] ^C0 | A,0 D4 C4 ^C0< A,0 D4 | C4 ^C0< A,0 D4 =C4 ^C0 | A,0 D4 [G,4C,4] [C0E0G0c0] G,4 |
C,2[G,4C4E4]C,2 [G,4E4] C4 | C,2[G,0E0C0]G4C, [E4C4G,4] [E,0G,0] | [G,0B,0E0G0B0] E,2[G,4B,4E4] |E, B,4 [G,4E4] E,2[B,4G4E4]G,4 |
E, [G,4B,4E4] [A,,0A,0]< [C0E0A0c0A,0] | E,2[A,4C4]E4E, [E4A,4] | C4 E,2[A0C0E0]A,4E, | [C4A,4E4] [F,4F,,4] [A,4C4] F4 [F,0A0c0] |
[C4F4]A,4F, [A,4C4F4] | [F,2G2B2][A,0F0A0]C [F2A2][F,CG] [C4F4] A,4 C,0 | G,4 [G,0E0C0G0c0] C,3[G,4E4C4] |C,2 [E4C4G,4] C,3[G,4G4E4C4] |
C,2 [G,4C4E4] [E,0G,0] | [B,0G0B0G,0E0] E,3[E4G,4B,4]E, [B,4G,4E4] | E,2E0[B,4G4G,4]E, B,4 | [E4G,4] [A,,0A,0]< [E0A,0A0c0C0] E,2 |
[A,4C4E4]E,2 [A,4C4E4] | E,2[C0A0A,0]E4E, [E4A,4C4] F,0 | F,,4 [A,0A0c0] [C4F4] F,2[A,4C4F4] |F, [A,4C4F4] F,2[A,0F0]<[C0A0] |
F,2 [C4A,4F4] [F,0F,,0] [A,4C4] | F4 F,2[A,4C4F4]F, [A,0C0] | F0 f''((3e''2d''2c''2)b'a' [g'0F,0]f'e'd'0[CF]A,0((3c'2b2a2)((3g2f2e2)d c0< [G0c0] | F,0 BAG2F2 [G,4C,4] [C4E4] G,4 |
C,2[G,4C4E4]C,2 [G,0E0E0G0c0] C4 | C,2[G,2E2C2] [A2c2E2]>C,2 [E4C4G4c4G,4] [C,0C0G,0] | [G,0C0E0c0e0] [E,2E2][B0d0][G,4C4E4] |E, [A,0F0F0A0c0] C4 F,2[A,2F2C2] |
A2FF, [F2C2A,2][G2c2] [G,4C,4] [C4E4] | G,4 C,2[G,4C4E4]C,2 [G,0E0E0G0c0] | C4 C,2[G,2E2C2] [A2c2E2]>C,2 | [E4C4G4c4G,4] [C,0C0G,0]< [G,0C0E0c0e0] |
[E,2E2][B0d0][G,4C4E4]E, [A,0F0F0A0c0] C4 | F,2[A,2F2C2] A2FF, [F2C2A,2][G2c2] | [G,4C,4] [C4E4] G,4 C,2[G,4C4E4] |C,2 [G,0E0E0G0c0] C4 C,2[G,2E2C2] |
[A2c2E2]>C,2 [E4C4G4c4G,4] [C,0C0G,0]< [G,0C0E0c0e0] | [E,2E2][B0d0][G,4C4E4]E, [A,0F0F0A0c0] | C4 F,2[A,4F4C4]F, | [F4C4A,4] [G,0G,,0]< [G0B0] [G4B,4D4] G,2 |
[B,4D4G4]G,2 [B,4D4G4] | G,2[D4B,4]G4G, [G4B,4D4] G,0 | G,,4 [G0B0] B,4 [D4G4] G,2[B,4D4G4] |G, [B,4D4G4] G,2[B,4G4]D4 |
G,2 [D0B,0G0]C ^C0 [D6A,,6] |C0[A,9c9A,,9]A A, |AA,A A,AA,A A,AA,A | A,AA,A A,AA,A A,AA,A A, |
AA,A A,AA,A A,AA,A | A,2C0^C2D2 [=C4A,4] D4 | [C0E,0A,0A,,0] |[E,6A,6] [C0E0A0A,,0A,0] |
C0<^C0D2[=C2A,2]D5 | [C0F,0A,0F,,0] |[F,6A,6] | [C0E,0G,0C,0] |
[E,6G,6] [B,0^G,0E,,0E,0] |[^G,6B,6] | [C0E0A0A,,0A,0] |C0<^C0D2[=C2A,2]D5 |
[^F,0^D0A,,0E,0][G,4E4]F,2D2[G,2E2]G A, |GA,G A,GA,G A,GA,G | A,GA,G A,GA,G A,GA,G | A,GA,G A,GA,G A,GA,G ^C0 |
[A,,0A,0] D4 C4 ^C0< A,0 D4 | C4 [G,4C,4] [C0E0G0c0] G,4 | C,2[G,4C4E4]C,2 [G,4E4] C4 | C,2[G,0E0C0]G4C, [E4C4G,4] [E,0G,0] |
[G,0B,0E0G0B0] E,2[G,4B,4E4] |E, B,4 [G,4E4] E,2[B,4G4E4]G,4 |E, [G,4B,4E4] [A,,0A,0]< [C0E0A0c0A,0] | E,2[A,4C4]E4E, [E4A,4] |
C4 E,2[A0C0E0]A,4E, | [C4A,4E4] [F,4F,,4] [A,4C4] F4 [F,0A0c0] |[C4F4]A,4F, [A,4C4F4] | [F,2G2B2][A,0F0A0]C [F2A2][F,CG] [C4F4] A,4 C,0 |
G,4 [G,0E0C0G0c0] C,3[G,4E4C4] |C,2 [E4C4G,4] C,3[G,4G4E4C4] |C,2 [G,4C4E4] [E,0G,0] | [B,0G0B0G,0E0] E,3[E4G,4B,4]E, [B,4G,4E4] |
E,2E0[B,4G4G,4]E, B,4 | [E4G,4] [A,,0A,0]< [E0A,0A0c0C0] E,2 |[A,4C4E4]E,2 [A,4C4E4] | E,2[C0A0A,0]E4E, [E4A,4C4] F,0 |
F,,4 [A,0A0c0] [C4F4] F,2[A,4C4F4] |F, [A,4C4F4] F,2[A,0F0]<[C0A0] |F,2 [C4A,4F4] [F,0F,,0] [A,4C4] | F4 F,2[A,4C4F4]F, [A,0C0] |
F0 f''((3e''2d''2c''2)b'a' [g'0F,0]f'e'd'0[CF]A,0((3c'2b2a2)((3g2f2e2)d c0< [G0c0] | F,0 BAG2F2 [G,4C,4] [C4E4] G,4 | C,2[G,4C4E4]C,2 [G,0E0E0G0c0] C4 | C,2[G,2E2C2] [A2c2E2]>C,2 [E4C4G4c4G,4] [C,0C0G,0] |
[G,0C0E0c0e0] [E,2E2][B0d0][G,4C4E4] |E, [A,0F0F0A0c0] C4 F,2[A,2F2C2] | A2FF, [F2C2A,2][G2c2] [G,4C,4] [C4E4] | G,4 C,2[G,4C4E4]C,2 [G,0E0E0G0c0] |
C4 C,2[G,2E2C2] [A2c2E2]>C,2 | [E4C4G4c4G,4] [C,0C0G,0]< [G,0C0E0c0e0] | [E,2E2][B0d0][G,4C4E4]E, [A,0F0F0A0c0] C4 | F,2[A,2F2C2] A2FF, [F2C2A,2][G2c2] |
[G,4C,4] [C4E4] G,4 C,2[G,4C4E4] |C,2 [G,0E0E0G0c0] C4 C,2[G,2E2C2] | [A2c2E2]>C,2 [E4C4G4c4G,4] [C,0C0G,0]< [G,0C0E0c0e0] | [E,2E2][B0d0][G,4C4E4]E, [A,0F0F0A0c0] |
C4 F,2[A,4F4C4]F, | [F4C4A,4] [G,0G,,0]< [G0B0] [G4B,4D4] G,2 |[B,4D4G4]G,2 [B,4D4G4] | G,2[D4B,4]G4G, [G4B,4D4] G,0 |
G,,4 B0 B,4 [D4G4] G,2[B,4D4G4] |G, [B,4D4G4] G,2[B,4G4]D4 |G, [G0G0c0]< [D0B,0G0] [G,4C,4] [C4E4] | G,4 C,2[G,4C4E4]C,2 [G,0E0E0G0c0] |
C4 C,2[G,2E2C2] [A2c2E2]>C,2 | [E4C4G4c4G,4] [C,0C0G,0]< [G,0C0E0c0e0] | [E,2E2][B0d0][G,4C4E4]E, [A,0F0F0A0c0] C4 | F,2[A,2F2C2] A2FF, [F2C2A,2][G2c2] |
[G,4C,4] [C4E4] G,4 C,2[G,4C4E4] |C,2 [G,0E0E0G0c0] C4 C,2[G,2E2C2] | [A2c2E2]>C,2 [E4C4G4c4G,4] [C,0C0G,0]< [G,0C0E0c0e0] | [E,2E2][B0d0][G,4C4E4]E, [A,0F0F0A0c0] |
C4 F,2[A,2F2C2] A2FF, | [F2C2A,2][G2c2] [G,4C,4] [C4E4] G,4 | C,2[G,4C4E4]C,2 [G,0E0E0G0c0] C4 | C,2[G,2E2C2] [A2c2E2]>C,2 [E4C4G4c4G,4] [C,0C0G,0] |
[G,0C0E0c0e0] [E,2E2][B0d0][G,4C4E4] |E, [A,0F0F0A0c0] C4 F,2[A,4F4C4] |F, [F4C4A,4] [G,0G,,0]< [G0B0] [G4B,4D4] | G,2[B,4D4G4]G,2 |
[B,4D4G4] G,2[D4B,4]G4G, | [G4B,4D4] G,0 G,,4 B0 B,4 [D4G4] G,2 |[B,4D4G4]G, [B,0D0G0] d''((3c''2b'2a'2)g'f' [e'0G,0] |d'c'b0[DG]B,0((3a2g2f2)((3e2d2c2)B A0< [G0G0c0] G,0 GFE2D2 |
[G,4C,4] [C4E4] G,4 C,2[G,4C4E4] |C,2 [G,0E0E0G0c0] C4 C,2[G,2E2C2] | [A2c2E2]>C,2 [E4C4G4c4G,4] [C,0C0G,0]< [G,0C0E0c0e0] | [E,2E2][B0d0][G,4C4E4]E, [A,0F0F0A0c0] |
C4 F,2[A,2F2C2] A2FF, | [F2C2A,2][G2c2] [G,4C,4] [C4E4] G,4 | C,2[G,4C4E4]C,2 [G,0E0E0G0c0] C4 | C,2[G,2E2C2] [A2c2E2]>C,2 [E4C4G4c4G,4] [C,0C0G,0] |
[G,0C0E0c0e0] [E,2E2][B0d0][G,4C4E4] |E, [A,0F0F0A0c0] C4 F,2[A,2F2C2] | A2FF, [F2C2A,2][G2c2] [G,4C,4] [C4E4] | G,4 C,2[G,4C4E4]C,2 [G,0E0E0G0c0] |
C4 C,2[G,2E2C2] [A2c2E2]>C,2 | [E4C4G4c4G,4] [C,0C0G,0]< [G,0C0E0c0e0] | [E,2E2][B0d0][G,4C4E4]E, [A,0F0F0A0c0] C4 | F,2[A,4F4C4]F, [F4C4A,4] [G,0G,,0] |
[G0B0] [G4B,4D4] G,2[B,4D4G4] |G,2 [B,4D4G4] G,2[D4B,4]G4 |G, [G4B,4D4] G,0< G,,0 [B2d2g2][B2g2d2] [G0B0]< B,0 | [D0G0] [B2g2d2][B2g2d2] G,0 [g2B2] d2[B0g0d0][B,2D2G2] [B2d2g2][B0g0d0]G, [B,0D0G0] |
[B2d2g2][B2g2]d2 G,0 [B2g2] d2[B0g0d0][B,2G2]D2 [g2B2] d2[g0B0]<d0G,2 | [D0B,0G0] [g2d2B2][B2g2]d2 [C,32C32E32G32c32] |","['Pop', 'Soul', 'Rock', 'Ambient']",Pop,0,Choose the most probable genre label of the provided score.
Pop_C-Pop_CoCo Lee_Before I Fall In Love.abc,"X:1
M:3/4
L:1/16
K:Ab
[E4A,4C4A4] [CEA,]CEA | [G2E2B,2C2]>F2 [E2C2B,2]E2 [D2F2D,2]A,4 |F,2 [A4A,4] [B4G4E4] | [A,2C2F2e2A2c2a2F,2]A,2 [ceFCA]c[eA,]a [B,2g2G2e2B2E,2]G,f |
[e2B2G2B,2][G,2e2] [A,2D,2D2F2f2]F,2 A,2D,2 | [B,8C8=D8G8] [G,6C6F6] |[C2G,2] [B,8=E,8B,,8C8] | [G,4C4=E,4E4]>[C4G,4] [A,,8C,8C8G,8F,8] |
[G8=D8B,8G,8] | [=E4B,4C4E,4] [F4E,4C,4B,4=D4] [=A,6C6E,6E6] |[=A,2C2] [B,8=D8G8G,8] | [G,4C4F4]>[C4G,4] [B,8=E,8B,,8C8] |
[C4=A4G4A,4]>[C4A4G4A,4] | [=D8=A8F8A,8] [B,6G6G,6D6] |[B,2G2=D2G,2] [B,8D8=A8] | [A4F4A,4D4] [A4E4D4A,4] [F4G,4D4E,4] |
[A,4E4E,4C4] [D,4A,4C4A4F4] C4 | [E,2G,2D2E2]E,2 [E,4G,4D4E4] [G,4E4C4B4] | [E4G,4C4] [C,4F,4A,4E4] [F,4A,4] | [F,4B,4D4A4] [D4B,4F,4] [E4D4A,4] |
[E4D4G,4E,4] [B4A,4C4_G4] [G4B4C4A,4] | [E,4_G,4C4G4] [C4E,4G,4] [D,4A,4C4F4] | [C4F4D,4A,4] [E,4G,4D4E4] [G,4D4E4] | [G,4C4B4E4] [B4E4C4G,4] [C,4F,4A,4E4] |
[A,4F,4E4] [F,4B,4D4A4] [D4A4F,4B,4] | [D16A,16] | [A,2C2F2e2A2c2a2F,2]A,2 [ceFCA]c[eA,]a | [B,2g2G2e2B2E,2]G,f [e2B2G2B,2][G,2e2] [A,2D,2D2F2f2]F,2 A,2 |
D,2 [B,8C8F8G8] | [G,4C4F4]>[C4G,4] [B,8=E,8B,,8C8] | [G,4C4=E,4E4]>[C4G,4] | [A,,8C,8C8G,8F,8] [G8=D8B,8G,8] |
[=E4B,4C4E,4] [F4E,4C,4B,4=D4] | [=A,4C4=E,4E4]>[A,4C4] [B,8=D8G8G,8] | [G,4C4F4]>[C4G,4] | [B,8=E,8B,,8C8] [C6=A6G6A,6] |
[C2=A2G2A,2] [=D8A8F8A,8] | [B,4G4G,4=D4]>[B,4G4D4G,4] [B,8D8=A8] | [A,4D4E4A4] [A4E4A,4D4] | [D4E4A,4] [EA,E,A,,C][ECA,E,A,,][EA,CA,,E,] [A,4C4A4F4] |
C4 [E,2G,2D2E2]E,2 [E,4G,4D4E4] | [G,4E4C4B4] [E4G,4C4] [C,4F,4A,4E4] | [F,4A,4] [F,4B,4D4A4] [D4B,4F,4] | [E4D4A,4] [E4D4G,4E,4] [B4A,4C4_G4] |
[_G4B4C4A,4] [E,4G,4C4G4] [C4E,4G,4] | [D,4A,4C4F4] [C4F4D,4A,4] [E,4G,4D4E4] | [G,4D4E4] [G,4C4B4E4] [B4E4C4G,4] | [C,4F,4A,4E4] [A,4F,4E4] [F,4B,4D4A4] |
[D4A4B,4F,4] [E4A,4D4] [D4A,4E4] | [A,4C4E4] [A,4E4C4] [=E3D3A,3][A,2C2_E2] |[E,G,B,E][E,4B,4G,4]< [F,4A,4C4F4][F,2A,2] | [A,4=E,4C4] A,4 [_E,4A,4C4] |
[E,4A,4C4] [A,4C4=D,4F4] [C4A,4] | [=E4A,4D4D,4] [D2E2A,2A2]D,D [A,4D4E4] | [=E4D4A,4] [_E,4A,4D4E4] [E3E,3D3A,3][G,5E,5F5D5] | ((3A,2B,2C2) [A,4C4A4F4] |
C4 [E,2G,2D2E2]E,2 [E,4G,4D4E4] | [G,4E4C4B4] [E4G,4C4] [C,4F,4A,4E4] | [F,4A,4] [F,4B,4D4A4] [D4B,4F,4] | [E4D4A,4] [E4D4G,4E,4] [B4A,4C4_G4] |
[_G4B4C4A,4] [E,4G,4C4G4] [C4E,4G,4] | [D,4A,4C4F4] [C4F4D,4A,4] [E,4G,4D4E4] | [G,4D4E4] [G,4B,4E4G4] [B,4G4E4G,4] | [A,4C4F4] [C4A,4] [B,8F8D8F,8] |
[A16B,16E16] | [E4A,4C4A4] | [CEA,]CEA [G2E2B,2C2]>F2 [E2C2B,2]E2 | [D4D,4F4]<A,4 [A,4C4E4] |
[B8G8E8]< [B,8A,8F8A8] |","['Folk', 'Pop', 'Rock', 'Latin']",Pop,1,Choose the most probable genre label of the provided score.
Pop_Europop_Master Blaster_Hypnotic Tango.abc,"X:1
M:3/4
L:1/16
K:Bb
[F2B2] D2[F4B4][F2B2] | D2[F4B4][F2B2] D2[F2B2] | [F,2C2A2][F2A2] C2[F4A4][F2A2] | C2[F2A2] [G,2D2B2][G2B2] D2[G2B2] |
[F,2C2A2][F2A2] C2[F4A4E,4B,4G4][E2G2] | B,2[E4G4][F2A2] C2[F4A4] |[F2B2] D2[F4B4][F2B2] | D2[F2B2] [F,2C2A2][F2A2] C2[F4A4] |
[F2A2] C2[F2A2] [B,2D2G2][GB][A,CF] | D2[G4B4B,4D4G4][F2A2] C2[F4A4] |[E2G2] B,2[E4G4][F2A2] | C2[F132A132] |
[G2B2d2] G,2[G4B4d4][G2B2d2] | G,2[G4B4d4][G2B2d2] E,2[G4B4d4] |[G2B2d2] E,2[G4B4d4][^F2B2d2] | D,2[^F4B4d4][F2B2d2] D,2[F4B4d4] |
[F2B2d2] G,2[F4B4d4][F2B2d2] | G,2[F4B4d4][G2B2e2] E,2[G4B4e4] |[G2B2e2] E,2[G4B4e4][F2B2d2] | F,2[F4B4d4][F2B2d2] F,2[F4B4d4] |
[G2B2e2] C,2[G4B4e4][G2B2e2] | C,2[G4B4e4][G2B2e2] F,2[G4B4e4] |[G2B2e2] F,2[G4B4e4][A2c2f2] | F,2[A4c4f4F,4A,4C4][A2c2f2] F,2[A2c2f2] |
[F,2B,2D2][F2B2] D2[F4B4][F2B2] | D2[F2B2] [F,2C2A2][F2A2] C2[F4A4] |[F2A2] C2[F2A2] [G,2D2B2][G2B2] | D2[G2B2] [F,2C2A2][F2A2] C2[F4A4E,4B,4G4] |
[E2G2] B,2[E4G4F,4A,4C4][F2A2] | C2[F2A2] [F,2B,2D2][F2B2] D2[F4B4] |[F2B2] D2[F2B2] [F,2C2A2][F2A2] | C2[F4A4][F2A2] C2[F2A2] |
[B,2D2G2][GB][A,CF] D2[G4B4B,4D4G4][F2A2] | C2[F4A4][E2G2] B,2[E4G4] |[E2G2] B,2[E2G2] [G,2B,2E2][E2G2] | B,2[E4G4][E2G2] B,2[E2G2] |
[F,2A,2C2][F2A2] C2[F4A4][F2A2] | C2[F2A2] [G,2B,2E2][E2G2] B,2[E4G4] |[E2G2] B,2[E2G2] [C2F,2A,2][F2A2] | C2[F4A4][F2A2] C2[F2A2] |
B,2[F2B2] [D2B,2][F2B2]<B,2[F2B2B,2] | C2[D2F2B2] B,2[F2B2] [D2B,2][F2B2]<B,2 |[F2B2B,2] C2[D4F4B4][F2B2d2] | B,2[F4B4d4][F2B2d2] B,2[F4B4d4] |
[F2A2c2] F,2[F4A4c4][F2A2c2] | F,2[F4A4c4][G2B2d2] G,2[G4B4d4] |[G2B2d2] G,2[G4B4d4][G2B2e2] | E,2[G4B4e4][F2A2c2] F,2[F4A4c4] |
[F2B2d2] B,2[F4B4d4][F2B2d2] | B,2[F4B4d4][F2A2c2] F,2[F4A4c4] |[F2A2c2] F,2[F4A4c4][G2B2d2] | G,2[G4B4d4][G2B2d2] G,2[G4B4d4] |
[G2B2e2] E,2[G4B4e4][F2A2c2] | F,2[F4A4c4][G2B2d2] G,2[G4B4d4] |[G2B2d2] G,2[G4B4d4][G2B2d2] | E,2[G4B4d4][G2B2d2] E,2[G4B4d4] |
[^F2B2d2] D,2[F4B4d4][F2B2d2] | D,2[^F4B4d4][=F2B2d2] G,2[F4B4d4] |[F2B2d2] G,2[F4B4d4][G2B2e2] | E,2[G4B4e4][G2B2e2] E,2[G4B4e4] |
[F2B2d2] F,2[F4B4d4][F2B2d2] | F,2[F4B4d4][G2B2e2] C,2[G4B4e4] |[G2B2e2] C,2[G4B4e4][G2B2e2] | F,2[G4B4e4][G2B2e2] F,2[G4B4e4] |
[A2c2f2] F,2[A4c4f4F,4A,4C4][A2c2f2] | F,2[A2c2f2] [F,2B,2D2][F2B2] D2[F4B4] |[F2B2] D2[F2B2] [F,2C2A2][F2A2] | C2[F4A4][F2A2] C2[F2A2] |
[G,2D2B2][G2B2] D2[G2B2] [F,2C2A2][F2A2] | C2[F4A4E,4B,4G4][E2G2] B,2[E4G4F,4A,4C4] |[F2A2] C2[F2A2] [F,2B,2D2][F2B2] | D2[F4B4][F2B2] D2[F2B2] |
[F,2C2A2][F2A2] C2[F4A4][F2A2] | C2[F2A2] [B,2D2G2][GB][A,CF] D2[G4B4B,4D4G4] |[F2A2] C2[F4A4][E2G2] | B,2[E4G4][E2G2] B,2[E2G2] |
[G,2B,2E2][E2G2] B,2[E4G4][E2G2] | B,2[E2G2] [F,2A,2C2][F2A2] C2[F4A4] |[F2A2] C2[F2A2] [G,2B,2E2][E2G2] | B,2[E4G4][E2G2] B,2[E2G2] |
[C2F,2A,2][F2A2] C2[F4A4][F2A2] | C2[F2A2] B,2[F2B2] [D2B,2][F2B2]<B,2 |[F2B2B,2] C2[D68F68B68] |[G2B2e2] E,2[G4B4e4][G2B2e2] |
E,2[G4B4e4][F2B2d2] F,2[F4B4d4] |[F2B2d2] F,2[F4B4d4][G2B2e2] | C,2[G4B4e4][G2B2e2] C,2[G4B4e4] |[G2B2e2] F,2[G4B4e4][G2B2e2] |
F,2[G4B4e4][A2c2f2] F,2[A4c4f4F,4A,4C4] |[A2c2f2] F,2[A2c2f2] [F,2B,2D2][F2B2] | D2[F4B4][F2B2] D2[F2B2] | [F,2C2A2][F2A2] C2[F4A4][F2A2] |
C2[F2A2] [G,2D2B2][G2B2] D2[G2B2] | [F,2C2A2][F2A2] C2[F4A4E,4B,4G4][E2G2] | B,2[E4G4F,4A,4C4][F2A2] C2[F2A2] | [F,2B,2D2][F2B2] D2[F4B4][F2B2] |
D2[F2B2] [F,2C2A2][F2A2] C2[F4A4] |[F2A2] C2[F2A2] [B,2D2G2][GB][A,CF] | D2[G4B4B,4D4G4][F2A2] C2[F4A4] |[E2G2] B,2[E4G4][E2G2] |
B,2[E8G8][F,10A,10C10] | [F,2B,2D2][F2B2] | D2[F4B4][F2B2] D2[F2B2] | [F,2C2A2][F2A2] C2[F4A4][F2A2] |
C2[F2A2] [G,2D2B2][G2B2] D2[G2B2] | [F,2C2A2][F2A2] C2[F4A4E,4B,4G4][E2G2] | B,2[E4G4F,4A,4C4][F2A2] C2[F2A2] | [F,2B,2D2][F2B2] D2[F4B4][F2B2] |
D2[F2B2] [F,2C2A2][F2A2] C2[F4A4] |[F2A2] C2[F2A2] [B,2D2G2][GB][A,CF] | D2[G4B4B,4D4G4][F2A2] C2[F4A4] |[E2G2] B,2[E4G4][E2G2] |
B,2[E2G2] [G,2B,2E2][E2G2] B,2[E4G4] |[E2G2] B,2[E2G2] [F,2A,2C2][F2A2] | C2[F4A4][F2A2] C2[F2A2] | [G,2B,2E2][E2G2] B,2[E4G4][E2G2] |
B,2[E2G2] [C2F,2A,2][F2A2] C2[F4A4] |[F2A2] C2[F2A2] B,2[F2B2] | [D2B,2][F2B2]<B,2[F2B2B,2] C2[D2F2B2] | B, |","['Rock', 'Pop', 'Soul', 'Country']",Pop,1,Choose the most probable genre label of the provided score.
Pop_Neo-Synthpop_Dark Distant Spaces_Losing You.abc,"X:1
M:3/4
L:1/16
K:C#dor
G,G, | [C20E20G20C20] [E20G20] C,20C,20 | [C,4C4C,4] [E4C4E4] G4 G4 | [G0E,0]< [D0G0] [E,0D0] B,20 B,20 | [D4B,4D4] [B,4G4] G4 |
[G0C0]< A,0 [G0C0A,0] [F,2F,2][CFC][FA,]A, A,20 [F20A,20F20] [C20C20] | [^G,,0F0]< [C0G,,0] [F16G16C16] [D16G16] D16 | C4 C4 [D4D4] | [C20E20G20C20] [E20G20] C,20C,19 |
[C,0E0C,0] E4 [G4C4] [G4C4] | [G23D23E,23] [G23D23] [E,22B,22] B,22 |[GD][DGB,]B, | [G0F,0]< A,0 [G0F,0] [C2A,2] C2[CA,C][A,F]F [F20F20A,20C20] [A,20C20] |
[^G,,0G0] [C23G,,23] G22 [C22F22D22] [F22D22] |[^G,,GG,,][FCGFC]DD | [C0E0C0] [E20C,20] G0 [G20C,20] | [E4G4E4] [G4C4C,4] [C4C,4] |
[G23E,23] [D23B,23] [G23E,23] [D22B,22] |[B,D][B,DG]G | [G0F,0]< [A,0G0] [A,2F,2C2]C2[CA,][CA,F]F [C19C19A,19F19] [A,19F19] |F[CFC] |
[A,0C0]< [G,,0A,0] [C12G,,12] [F12G12F12] G12 | [G,,0D0]< [B,0G,,0] [G4D4B,4] G4 A,,0< [G0A,,0] [G0E0C0]< [E0C0] B,,4 [F4B,,4F4D4] D4 | [C0E0] [G20C20E20G20] C,20 C,20 | [E0G0E0] G4 [C,4C4] [C4C,4] |
[E,23G23] [D23E,23G23] [D22B,22] B,22 |[B,G][B,GD]D | [G0F,0]< A,0 [G2F,2A,2] [C2C2][CA,C][A,F]F [F19C19F19] C19 A,18 A,18 |F[A,FA,]CC |
[F0A,0]< [G,,0F0] [A,4G,,4] [C4C4] [G7G7][^DD] | [D0G,,0]< B,0 [D0G,,0] [G4B,4G4] [A,,0E0]< C0 [A,,0E0] [G4C4] G4 [B,,0F0B,,0] [F4D4] D4 | [G0_B0^D,,0D,,0G0B0]< [D,0D0] [D,0D0] |[_BFB][FD]D |
[^G,0G,,0]< [^D0G,0G,,0] [D12_B12] =G12 [G12B12] | [_B12G12B12] [G12^D12C12] D12 C12 | [F,0F,,0]< [_B0F,0F,,0] [C4B4^D4] [C4D4] [^G4C4G4] C4 D4 D4 d4 d4 | [_B4C4^D4B4] [C4D4] [C0D0] [DC^G] G2<C2C3 [c4c4] |
[G,,0C0]< [A,0G,,0] [C0A,0] F8 A8 [F8A8] [A4C4] [F4A4] [C4F4] | [D0G,0]< [G,,0D0G,0] [B,0G,,0G0] [B,8G8] [D3B,3] [D3B,3G3] G2[G,G,] | [C20E20G20C20] [E20G20] C,20C,19 | [C,4C,4C4] E4 [G4C4] [E4G4] |
[G0E,0]< D0 [G0E,0] [B,20D20] B,20 | [D4B,4D4] [B,4G4] G4 | [G0C0]< [A,0G0] [C0F,0A,0] F,2[CF][CFA,]A, [A,20F20A,20] F20 C20 C20 | [^G,,0F0]< [C0G,,0] [C16F16G16] [D16G16] D16 |
C4 C4 D4 D4 | [C20E20G20] [C,20C20E20] [G20C,20] | [C,0E0C,0] E4 [G4C4] [G4C4] | [G23D23G23] D23 [E,22B,22] [E,22B,22] |
[GD][GDB,]B, | [G0F,0]< [A,0G0] [F,0C0A,0] C2[CA,][CA,F]F [A,20F20F20A,20] C20 C20 | [^G,,0G0]< [G,,0G0] [C23F23] [D22C22] [F22D22] |[^G,,2G2C2]G,,2[GCDF][FD] |
C0 [E20C20E20][C,0G0]C,0G19 | [E4G4E4] [G4C4] [C,4C4C,4] | [G23E,23D23] B,23 [G22E,22] [B,22D22] |[B,D][GB,DG] |
[G0F,0]< A,0 [G0A,0F,0] C2 C2[CA,][CA,F]F [C19A,19C19A,19] F19 F18 |[FCF]C | [A,0C0G,,0]< [A,0C0G,,0F0] G12 [F12G12] | [G,,0D0]< B,0 [G,,0G0D0B,0] G4 [A,,0G0E0]< A,,0 [G0E0] [C4C4] [B,,4F4] D4 [B,,4F4] D4 |
[C0E0] G20 [C20E20] [C,20G20] C,20 | [E0G0E0] [G4C,4] [C4C,4] C4 | [E,23G23] D23 [E,22G22] [B,22D22] B,22 |B,[GB,G]DD |
[G0F,0]< [A,0G0] [A,2F,2] [C2C2]C[A,A,C][FF] [F19C19F19] [C19A,19] A,18 |[FA,F]A,CC | [F0A,0]< [G,,0F0] [A,4G,,4] C4 C4 G7 G7^DD | [D0G,,0]< B,0 [D0B,0G,,0] [G4G4] [A,,0E0]< [C0A,,0] [E0G0C0] G4 [B,,4F4D4] B,,4 [F4D4] |
[^D,,0G0_B0]< [D,,0G0B0] [D0D,0]< [D,0D0] |[_BF][FBD]D | [^G,0G,,0]< ^D0 [G,0G,,0] [_B12D12=G12] [B12G12] | _B12 [G12B12G12^D12] [C12D12] C12 |
[F,0_B0F,,0F,0]< [F,,0C0B0^D0] [C4D4] [^G4C4G4] [C4D4] D4 d4 d4 | [_B4C4] [^D4B4] [D4C4] [C0D0C0] [D^G] G2<[C2C2] c4 c4 | [C0G,,0A,0G,,0]< [C0A,0] [F8A8] [F8A8] [A4C4] [F4A4C4F4] | [D0G,0G,,0]< [D0G,0G,,0B,0] [G0B,0G0] [D3B,3] D3 [B,2G2] G2[G,G,] |
[E0C0]< [G0E0] [G0C0C,0] C,8 C, C,[G,G,][FCF]CA,A, | [E0C0E0] [C6G,6] G,6C0[C,,0C0C,,0] [D0C0D0] [ECG] [GE][DD]CC | [D0E,,0]< G0 [D0G0E,,0]< [B,0E,0] B,0E,6E,E, [B,3D3B,3] D3 G2 G2[G2E2G2][EC]C | [D0G0D0] [G10B,10] B,10[GD][GD][B,B,] |
[G0F,0F,,0G0]< [F,,0A,0F,0C0] [A,2C2]C[A,A,C][FF] [C7F7] [F7C7A,7] A,6[F,F,] | [C7F7] [A,6C6] [F6A,6][F,F,] [F4A,4] [F4A,4] [C4C4] | [F0^G0]< [G,,0G0F0] [G,,0D0C0] [C16D16] | C4 C4 [D4D4] |
[E0C0]< [G0C,0] [E0C0G0C,0] [C,C,][G,G,][FCF]CA,A, | [C7E7E7C7] G,6 G,6[C0C,,0][C0C,,0] [D0C0]< [D0E0C0] [GEG][DD]C2C | E,,0< [E,0G0D0] [E,,0E,0D0] G6B,6B,6[E,E,] [D3B,3D3] [B,3G3] G2[GEG][EC]C | [D7B,7] [D7B,7] [G6G6][^F5^C5^D5][C5F5D5][_B5D,5D,5B5] |
[D0A0D,0D,0D0A0] [F10C10] [F10C10][DD] | [D0F0]< [A0D0] [A0F0C0D,,0]< [D,,0C0][D,D,] | [A0C0]< G,,0 [A0C0]< [G,,0F0] F12 | [F7D7E,,7D7E,,7] [F6^G,6B,6] [G,6B,6][D0E0][B,5E5D5G,5G,,5B,5][G,0G,,0] |
[E,0G0] [D11E,11] [G10D10B,10] [A,,10B,10A,,10][E,E,] | [A,,7D7D7A,,7] [G7B,7] [G6B,6][A0E0A,,0A,,0][E5A5]^C5C5 | [^F0D0D,0A0]< [F0D0A0] D,8 [D,D,]A,A,[GDG][DB,]B, | [^F0D0]< [F0D0A,0] A,6[D0D,,0D0]D,, E0< [D0F0D0E0] [AF] A[EE][DD] |
[E0^F,,0A0E0F,,0]< [A0^C0] F,0< [C0F,0][F,F,] [C3E3A3] [C3E3] A2[A2F2][DAFD] | [E0A0^C0]< [E0A0C0][AEA][EC]C | [A0G,,0]< [G,0A0G,0G,,0] [B,2D2] [B,2D2][DB,D]B,GG [D7G7] [G7D7B,7] B,6[G,G,] | [G7D7B,7D7] [G6B,6]G,G, [G4B,4G4] [B,4D4] D4 |
[G0_B0B,,0] [B16G16B,,16] [D16E16D16] E16 | D4 D4 [E4E4] | [^F0D0]< [A0F0] [A0D0D,0]D,8 [D,D,][A,A,][GD][DGB,]B, | [^F0D0] [A,6F6] [A,6D6][D0D,,0D0]D,, E0< [D0F0D0E0] [AFA][EE][DD] |
[^F,,0F,0E0]< [F,,0F,0] [E6A6] [^C6A6C6]F,F, [E3C3A3] [E3C3] A2[AF][FAD]D | [E7^C7] [E6A6C6] A6[^G5^D5][D5G5F5]F,5[=c5F5F,5c5] | [E,0B0]< [E0E,0B0] [E0G0] [D10G10]D10[EE] | [E0G0E0B0E,,0G0]< [D0B0] [E,,0D0][E,E,] |
[G0B,0]< [A,,0G0B,0] [D4A,,4] D4 A7 A7[FF] | [E0A,,0^C0E0] [A,,4C4] A4 A4 [^F0B,,0D0B,,0] [F4D4A4] A4 [G4C,4E4C,4] [G4E4] | [F,,0A0]< [c0F,0] [F,,0A0] [c22F,22F22]F22 |[cGc]GEE |
[F0_B,,0B,0B,0B,,0F0] [c12A12] [c12A12] | [c12A12] F12 [A12c12F12D12] D12 | [G,0G,,0]< c0 [G,0G,,0] [D4c4F4] [D4F4] [_B4D4] [B4D4] [F4F4] f4 f4 | [c4D4F4c4] [D4F4] [D0F0]< [_B0D0] [F2B2]<D2D3 d4 d4 |
[A,,0D0B,0]< [A,,0D0B,0] [G8B8] G8B7 [B4D4] G4 [B4D4] G4 | [E0A,0A,,0]< [E0A,0] A,,0< [^C0A0][C0A0] [E3C3E3] [C2A2] A2[A,A,] | [D20^F20] [A20D20] [F20A20D,20]D,19 | [D,4D,4D4] [^F4A4D4] [F4A4] |
[A0^F,0E0]< [^C0A0] [F,0E0] C20 | [E4^C4E4] C4 A4 A4 | [A0D0]< B,0 [A0D0] [G,2B,2] G,2[DGD][GB,]B, B,20 [G20B,20G20D20] D20 | [_B,,0G0] [D16B,,16] [G16B16D16] [E16B16] E16 |
[D4D4] [E4E4] | [D20^F20] [A0D,0] D20 [F20A20] D,20 | [D,0^F0]< [D,0F0] [A4D4] [A4D4] | [E23A23^F,23A23] [E22F,22] ^C22C22 |
[AE^C][AE]C | A0< [G,0B,0] [A2G,2B,2D2]D2[DB,D][B,G]G [G20B,20] [G20B,20] [D20D20] | [_B,,0B0D0] [B,,23B23] [G23D23] [E22G22E22] |[_B2B,,2][D2B,,2B2][G2D2E2][GE] |
[^F0D0][A0F0][A0D0D,0]D,7 [D,D,][A,A,][GD][DGB,]B, | [^F0D0] A,6 [F6A,6D6][D0D,,0D0]D,, [E0D0E0] [FD] [AAF][EE][DD] | [E0^F,,0]< [^C0A0E0F,,0] [A0C0] F,6F,6F,F, [C3E3A3] [C3E3] A2[A2F2][AF][DD] | [E0A0]< [^C0E0A0] C10[AE][EAC]C |
[A0G,,0]< G,0 [A0B,0G,0G,,0] [D2B,2] D2[DB,][B,DG]G [D7G7D7] G7 B,6 B,6[G,G,] | [G7D7B,7D7] [G6B,6][G,G,] [G4B,4] [B,4G4D4] D4 | [G0_B0B,,0B0G0]< [B,,0D0E0] [D16E16] | D4 D4 E4 E4 |
[^F0D0]< [A0F0] [D0A0] D,8D,7 [D,D,][A,A,][GD][DGB,]B, | [^F0D0] A,7 [F6A,6D6][D0D,,0][DD,,] [E0D0E0] [FD] [AAF]EE[DD] | [^F,,0F,0E0F,,0]< [F,0E0] [A6^C6] [A6C6][F,F,] [C3E3A3] [E3C3] A2[A2F2A2]FDD | [E7^C7] [E7C7] A6A6[^D0F0^G0G0D0][F5F,5]=c5[c5F,5] |
[E,0B0]< E0 [B0E,0G0E0] [D10G10] D10[EE] | [E0G0E0B0G0E,,0]< [D0B0] [E,,0D0]E,E, | [B0D0A,,0B0] [D12A,,12G12] G12 | [E7^F,,7] [G6E6F,,6] [_B,6G6^C6] [B,6C6][E0F0E0][C5F5B,5][B,,0C0B,0B,,0] |
[B,,0E0]< [A0B,,0] [E0A0] ^C10 C10B,,B,, | [A7^F7] [^D7A7D7F7] ^C7 C6B,,B,, [F4D4] [D4F4] [C4A4] [C4A4] | [G,,0A0G,,0] [A8D8] [^F8B,8] [F8D8B,8] F4 [D4A4] [F4D4] [A4B,4] B,4 | [B13A,,13^C13A,,13] [B13C13] E13 E13 |
[B,,25B25^D25^F25^C25][F25D25B,,25][B25C25] |","['Jazz', 'Pop', 'Electronic', 'Blues']",Pop,1,Choose the most probable genre label of the provided score.
Pop_Dance Pop_Britney Spears_OopsI Did It Again.abc,"X:1
M:3/4
L:1/16
K:Ebdor
[C,,6C,6][C,,26C,26] | [C,,6C,6][C,,24C,24] |[G,,,4G,,4]< [C,,4C,4] |[C,,26C,26] |
[C,,6C,6][C,,26C,26] | [C,,18C,18] |[c'2g'2c''2] [c'12g'12c''12] | [A,,,16A,,16] |
[G,,,16G,,16] | [C,,32C,32] | [A,,,16A,,16] | [G,,,16G,,16] |
[F,2A,2C2F2A2c2C2][F2A2c2] | [F2A2c2][F0A0c0E0] [F2A2c2]C0[F2A2c2] [F2A2c2D2][F2A2c2] | [G,2^B,2D2G2B2d2][G2B2d2] [G2B2d2][B,0G0B0d0] [G2B2d2][G2B2d2] | [G2^B2d2][G2B2d2] [A,2C2E2A2c2e2][A2c2e2] [A2c2e2][A2c2e2] |
[A2c2e2][A2c2e2] [A2c2e2][B,,,8B,,8B8d8f8] |[B,,,4B,,4][B,,,2B,,2] [G,,,4G,,4] | [C,,2C,2G2c2e2G,2G2c2][G2c2e2] [G2c2e2G,2E2G2][G2c2e2] [G,,,2G,,2G2^B2d2G,2D2G2][G2B2d2G,2E2G2] | [G2^B2d2G,2F2G2][G2B2d2G,2E2G2] [C,,2C,2G2c2e2][G2c2e2] [G2c2e2][G2c2e2] |
[B,,,2B,,2F2B2d2F,2D2F2][F2B2d2F,2B,2G2] [F2B2d2B,2D2A2][F2B2d2B,2E2G2] [E,,2E,2G2B2e2][G2B2e2] | [G2B2e2][G2B2e2] [B,,,2B,,2F2B2d2B,2D2B2][F2B2d2] [F2B2d2][F2B2d2B,2E2B2] | [E,,2E,2G2B2e2][G2B2e2] [G2B2e2][G2B2e2] [B,,,2B,,2B2d2f2][B2d2f2] | [^B,,,2B,,2B2d2f2G,2G2B2][B2d2f2] [C,,2C,2G2c2e2G,2G2c2][G2c2e2] [G2c2e2G,2E2G2][G2c2e2] |
[G,,,2G,,2G2^B2d2G,2D2G2][G2B2d2G,2E2G2] [G2B2d2G,2F2G2][GBdG,FG][G,F] [C,,2C,2G2c2e2G,2E2G2][G2c2e2] | [G2c2e2][G2c2e2F,2D2F2] [B,,,2B,,2F2B2d2][F2B2d2G,2B,2G2] [F2B2d2A,2D2A2][F2B2d2C2E2c2] | [E,,2E,2G2B2e2][G2B2e2B,2E2B2] [G2B2e2][G2B2e2] [E,,2E,2G2B2e2][G2B2e2] | [G2B2e2][G2B2e2] [G,,,4G,,4F4^B4d4G,4D4B4] [G,,,4G,,4F4B4d4] |
[G,,,4G,,4F4^B4d4] [G,,,4G,,4G4c4e4G,4E4c4] [C,,32C,32] | [A,,,2A,,2A2c2e2][A2c2e2] [A2c2e2][A2c2e2] | [A2c2e2][A2c2e2] [A2c2e2][A0c0e0]G2 [G,,,2G,,2G2^B2d2][G0B0d0A0] | [G0^B0d0G0]<[G0B0d0F0] [G2B2d2][E0G0B0d0] [G2B2d2D2][G2B2d2C2] |
[C,,4C,4G4c4e4]<[E4G4] [B0d0f0D0F0][B2d2f2] [E0G0c0e0g0] |[c2e2g2] [c2e2g2][c2e2g2] [c2e2g2][c2e2g2] | [c2e2g2][c2e2g2] [c2e2g2][c2e2g2] [A,,,2A,,2c2e2a2][c2e2a2] | [c2e2a2][c2e2a2] [c2e2a2][c2e2a2] [c2e2a2][c2e2a2] |
[G,,,2G,,2^B2d2g2][B2d2g2] [B2d2g2][B2d2g2] [B2d2g2][B2d2g2] | [^B2d2g2][B2d2g2] [F,2A,2C2A2c2f2C2][A2c2f2] [A2c2f2][A0c0f0E0] | [A2c2f2]C0[A2c2f2] [A2c2f2D2][A2c2f2] [G,2^B,2D2B2d2g2][B2d2g2] | [^B2d2g2][B,0B0d0g0] [B2d2g2][B2d2g2] [B2d2g2][B2d2g2] =B,0 |
[A,2C2E2c2e2a2][c2e2a2] [c2e2a2][c2e2a2] [c2e2a2][c2e2a2] | [c2e2a2][B,,,12B,,12d12f12b12] |[B,,,2B,,2] [G,,,4G,,4] [C,,2C,2G2c2e2G,2G2c2][G2c2e2] | [G2c2e2G,2E2G2][G2c2e2] [G,,,2G,,2G2^B2d2G,2D2G2][G2B2d2G,2E2G2] [G2B2d2G,2F2G2][G2B2d2G,2E2G2] |
[C,,2C,2G2c2e2][G2c2e2] [G2c2e2][G2c2e2] [B,,,2B,,2F2B2d2F,2D2F2][F2B2d2F,2B,2G2] | [F2B2d2B,2D2A2][F2B2d2B,2E2G2] [E,,2E,2G2B2e2][G2B2e2] [G2B2e2][G2B2e2] | [B,,,2B,,2F2B2d2B,2D2B2][F2B2d2] [F2B2d2][F2B2d2B,2E2B2] [E,,2E,2G2B2e2][G2B2e2] | [G2B2e2][G2B2e2] [B,,,2B,,2B2d2f2][B2d2f2] [^B,,,2B,,2B2d2f2G,2G2B2][B2d2f2] |
[C,,2C,2G2c2e2G,2G2c2][G2c2e2] [G2c2e2G,2E2G2][G2c2e2] [G,,,2G,,2G2^B2d2G,2D2G2][G2B2d2G,2E2G2] | [G2^B2d2G,2F2G2][GBdG,FG][G,F] [C,,2C,2G2c2e2G,2E2G2][G2c2e2] [G2c2e2][G2c2e2F,2D2F2] | [B,,,2B,,2F2B2d2][F2B2d2G,2B,2G2] [F2B2d2A,2D2A2][F2B2d2C2E2c2] [E,,2E,2G2B2e2][G2B2e2B,2E2B2] | [G2B2e2][G2B2e2] [E,,2E,2G2B2e2][G2B2e2] [G2B2e2][G2B2e2] |
[G,,,4G,,4F4^B4d4G,4D4B4] [F4B4d4] [F4B4d4] | [G4c4e4G,4E4c4] [C,,6C,6][C,,26C,26] | [C,,6C,6][C,,138C,138] | [C,,4C,4] [G,4C4E4G4] [G,4^B,4D4F4] |
[B,,,4B,,4] [C,,2C,2C2E2G2c2][G2c2e2] [G2c2e2][B,2D2F2B2G2c2e2] | [B,,,2B,,2F2B2d2][C2E2G2c2F2B2d2] [B,2D2F2B2F2B2d2][B,2E2G2B2F2B2d2] [E,,E,GBe][B,DFB][G,2B,2E2G2G2B2e2] | [B,2E2G2B2G2B2e2][G2B2e2] [B,,,2B,,2B,2D2F2B2F2B2d2][F2B2d2] [F2B2d2][F2B2d2] | [E,,2E,2B,2E2G2B2G2B2e2][G2B2e2] [G2B2e2][G2B2e2] [B,,,2B,,2B,2D2F2B2B2d2f2][B2d2f2] |
[^B,,,2B,,2B,2D2F2B2B2d2f2][B2d2f2] [C,,2C,2G2c2e2][G2c2e2] [C2E2G2c2G2c2e2][G2c2e2] | [G,,,2G,,2^B,2D2G2B2G2B2d2][G2B2d2] [G2B2d2][G2B2d2] [C,,2C,2C2E2G2c2G2c2e2][G2c2e2] | [G2c2e2][B,2D2F2B2G2c2e2] [B,,,2B,,2F2B2d2][B,2D2G2B2F2B2d2] [B,2D2A2B2F2B2d2][B,2E2A2B2F2B2d2] | [E,,2E,2G2B2e2][G2G2B2e2] [G2B2e2][B,2B,2E2E2B2B2F2G2B2e2] [E,,2E,2G2B2e2][B,2E2B2G2B2e2] |
[G2B2e2][G2B2e2] [A,,,2A,,2C2E2c2A2c2e2][A2c2e2] [A2c2e2][A2c2e2] | [B,2D2B2B2d2f2][B2d2f2] [C2E2c2B2d2f2][B2d2f2] [C,,2C,2G,2G2c2G2c2e2][G2c2e2] | [G,2E2G2G2c2e2][G2c2e2] [G,,,2G,,2G,2D2G2G2^B2d2][G,2E2G2G2B2d2] [G,2F2G2G2B2d2][G,2E2G2G2B2d2] | [C,,2C,2G2c2e2][G2c2e2] [G2c2e2][G2c2e2] [B,,,2B,,2F,2D2F2F2B2d2][F,2B,2G2F2B2d2] |
[B,2D2A2F2B2d2][B,2E2G2F2B2d2] [G,,,2G,,2G2B2e2][G2B2e2] [G2B2e2][G2B2e2] | [B,,,2B,,2B,2D2B2F2B2d2][F2B2d2] [F2B2d2][B,2E2B2F2B2d2] [E,,2E,2G2B2e2][G2B2e2] | [G2B2e2][G2B2e2] [B,,,2B,,2B2d2f2][B2d2f2] [^B,,,2B,,2G,2G2B2B2d2f2][B2d2f2] | [C,,2C,2G,2G2c2G2c2e2][G2c2e2] [G,2E2G2G2c2e2][G2c2e2] [G,,,2G,,2G,2D2G2G2^B2d2][G,2E2G2G2B2d2] |
[G,2F2G2G2^B2d2][G,FGGBd][G,F] [C,,2C,2G,2E2G2G2c2e2][G2c2e2] [G2c2e2][F,2D2F2G2c2e2] | [B,,,2B,,2F2B2d2][G,2B,2G2F2B2d2] [A,2D2A2F2B2d2][C2E2c2F2B2d2] [E,,2E,2G2B2e2][B,2E2B2G2B2e2] | [G2B2e2][G2B2e2] [E,,2E,2G2B2e2][G2B2e2] [G2B2e2][G2B2e2] | [G,,,4G,,4G,4D4^B4F4B4d4] [G,,,4G,,4F4B4d4] [G,,,4G,,4F4B4d4] |
[^B,,,2B,,2G,2E2c2G2c2e2][D,,2D,2] [C,,2C,2G,2G2c2G2c2e2][G2c2e2] [G,2E2G2G2c2e2][G2c2e2] | [G,,,2G,,2G,2D2G2G2^B2d2][G,2E2G2G2B2d2] [G,2F2G2G2B2d2][G,2E2G2G2B2d2] [C,,2C,2G2c2e2][G2c2e2] | [G2c2e2][G2c2e2] [B,,,2B,,2F,2D2F2F2B2d2][F,2B,2G2F2B2d2] [B,2D2A2F2B2d2][B,2E2G2F2B2d2] | [G,,,2G,,2G2B2e2][G2B2e2] [G2B2e2][G2B2e2] [B,,,2B,,2B,2D2B2F2B2d2][F2B2d2] |
[F2B2d2][B,2E2B2F2B2d2] [E,,2E,2G2B2e2][G2B2e2] [G2B2e2][G2B2e2] | [B,,,2B,,2B2d2f2][B2d2f2] [^B,,,2B,,2G,2G2B2B2d2f2][B2d2f2] [C,,2C,2G,2G2c2G2c2e2][G2c2e2] | [G,2E2G2G2c2e2][G2c2e2] [G,,,2G,,2G,2D2G2G2^B2d2][G,2E2G2G2B2d2] [G,2F2G2G2B2d2][G,FGGBd][G,F] | [C,,2C,2G,2E2G2G2c2e2][G2c2e2] [G2c2e2][F,2D2F2G2c2e2] [B,,,2B,,2F2B2d2][G,2B,2G2F2B2d2] |
[A,2D2A2F2B2d2][C2E2c2F2B2d2] [E,,2E,2G2B2e2][B,2E2B2G2B2e2] [G2B2e2][G2B2e2] | [E,,2E,2G2B2e2][G2B2e2] [G2B2e2][G2B2e2] [G,,,2G,,2G,2D2^B2F2B2d2] |","['Classical', 'Jazz', 'Soul', 'Pop']",Pop,3,Choose the most probable genre label of the provided score.
Pop_Dance Pop_Backstreet Boys_Incomplete.abc,"X:1
M:3/4
L:1/16
K:Ebdor
F,,C,F,A,2F,C,G,, C,,G,,E,G, | C,E,C,G,, E,,B,,E,G, B,,E,B,,E, | B,,,D,2[A,,2C,2][G,,3B,,3] [C,2F,,2]F,A,2 |F,C,G,, C,,G,,E,G, C,E,C,G,, |
E,,B,,E,G, B,,E,2F,, [F,2B,,2B,,,2]B,E, | B,2D,B,,F,, [C,4F,4C4A,4F,,,4F,,4] [C,2F,2A,2C2]F,G,, | [E,2G,2C2C,2C,,2]E,2 [E,2C2G,2]E,2 [G,2E,2B,2E,,2]E,2 | [E,2B,2G,2B,,2]E,2 [D,2B,2F,2B,,,2B,,2]>[F,2B,2] B,,,2G,2 |
[F,2C2A,2F,,,2F,,2]F,2 [F,2C2A,2]F,2 [F,2C,2G,2C2C,,2]E,C, | [E,G,C]C,E,2 [E,2E2G,2B,2E,,,2E,,2]E,2 [E,2E2G,2B,2]E,2 | [B,,B,,,F,]B,,B,E, [A,,A,,,]D,[G,,,G,,]C, [C,2F,,,2F,,2F,2A,2C2][C,F,,,]F,, | [C,2G,2A,2C2]F,G,,, [C,2C,,,2E,2G,2C,,2]C,[C,,C,,,] [C,2C2G,2E,2]C,B,,, |
[B,,2E,,,2E,2G,2E,,2][B,,E,,,]E,, [B,,2G,2F,2B,2][B,,E,]^E,,, [B,,,,2B,,2=E,2B,,,2F,2B,2]B,,,,2 | B,,F,[B,,G,]B,,, [C,2F,2C2A,2F,,2F,,,2]C,F,, [C,2C2F,2A,2]C,2 | [C,2C,,,2C2E,2C,,2G,2][C,C,,,]C,, [C,2E,2G,2C2]C,B,,, [B,,2B,2G,2E,2E,,2E,,,2]B,,2 | [E,,2E,2G,2B,2][E,0B,,0]F,^E,,, [=E,B,,,B,][F,B,,][D,B,,,]E, B,,,D,2B,,2B,,, |
[A,,16B,16C16E16E,16A,,,16] | [C,,2G,2E2C,2C2][G,C,,]C, [G,2E2C2][EG,]B,, | [G,2E,,2E2B,2E,2][G,E,,]E, [B,2E2]G,^E,, [F,2B,,,2B,2B,,2D2][F,B,,,]B,, | [F,B,D]F,B,[F,B,D] B,,F,B,[F,B,D] B,,,F,B,E,, |
[A,2A,,,2E2A,,2C2][A,A,,,]A,, [A,2C2E2][EA,]C [C,,2G,2E2C,2C2][G,C,,]C, | [G,2E2C2]G,^E,, [B,,,2F,2D2B,,2C2][F,B,,,]B,, [F,2D2C2]F,B,, | [F,2C2D2]F,B,, [F,CD]B,,[B,2F,2] [C,,2G,2E2C,2C2][G,C,,]C, | [G,2E2C2][EG,]B,, [G,2E,,2E2B,2E,2][G,E,,]E, [B,2E2]G,^E,, |
[F,2B,,,2B,2B,,2D2][F,B,,,]B,, [F,B,D]F,B,[F,B,D] B,,F,B,[F,B,D] | B,,,F,B,E,, [A,2A,,,2E2A,,2C2][A,A,,,]A,, [A,2C2E2][EA,]C | [C,,2G,2E2C,2C2][G,C,,]C, [G,2E2C2]G,^E,, [B,,,16F,16D16B,,16C16] | F,,C,F,A,2F,C,G,, C,,G,,E,G, |
C,E,C,G,, E,,B,,E,G, B,,E,B,,E, | B,,,D,2[A,,2C,2F,2][G,,3B,,3] [C,2F,,2]F,A,2 |F,C,G,, C,,G,,E,G, C,E,C,G,, | E,,B,,E,G, B,,E,2F,, [F,2B,,2B,,,2]B,E, |
B,2D,B,,F,, [C,F,,]A,G,F,2G,A,2 | [G,C,,G,,]E,F,G,2E,3 [G,B,,E,,]E,F,G,2 |E,2E, [B,,,F,,]D,2F,5 | [A,C,F,,]F,G,2<A,2F,2 [G,C,,G,,]E,F,G,2 |
E,3 [G,B,,E,,]E,F,G,2E,3 | [F,2B,,,2F,,2]B,,D,2F,3 [C,2F,,,2F,,2F,2A,2C2][C,F,,,]F,, | [C,2G,2A,2C2]F,G,,, [C,2C,,,2E,2G,2C,,2]C,[C,,C,,,] [C,2C2G,2E,2]C,B,,, | [B,,2E,,,2E,2G,2E,,2][B,,E,,,]E,, [B,,2G,2F,2B,2][B,,E,]^E,,, [B,,,,2B,,2=E,2B,,,2F,2B,2]B,,,,2 |
B,,F,[B,,G,]B,,, [C,2F,2C2A,2F,,2F,,,2]C,F,, [C,2C2F,2A,2]C,2 | [C,2C,,,2C2E,2C,,2G,2][C,C,,,]C,, [C,2E,2G,2C2]C,B,,, [B,,2B,2G,2E,2E,,2E,,,2]B,,2 | [E,,2E,2G,2B,2][E,B,,][^E,,,F,] [=E,B,,,B,][F,B,,][D,B,,,]E, B,,,D,2B,,2B,,, | [A,,16B,16C16E16E,16A,,,16] |
[C,,2G,2E2C,2C2][G,C,,]C, [G,2E2C2][EG,]B,, | [G,2E,,2E2B,2E,2][G,E,,]E, [B,2E2]G,^E,, [F,2B,,,2B,2B,,2D2][F,B,,,]B,, | [F,B,D]F,B,[F,B,D] B,,F,B,[F,B,D] B,,,F,B,E,, | [A,2A,,,2E2A,,2C2][A,A,,,]A,, [A,2C2E2][EA,]C [C,,2G,2E2C,2C2][G,C,,]C, |
[G,2E2C2]G,^E,, [B,,,2F,2D2B,,2C2][F,B,,,]B,, [F,2D2C2]F,B,, | [F,2C2D2]F,B,, [F,CD]B,,[B,2F,2] [C,,2G,2E2C,2C2][G,C,,]C, | [G,2E2C2][EG,]B,, [G,2E,,2E2B,2E,2][G,E,,]E, [B,2E2]G,^E,, | [F,2B,,,2B,2B,,2D2][F,B,,,]B,, [F,B,D]F,B,[F,B,D] B,,F,B,[F,B,D] |
B,,,F,B,E,, [A,2A,,,2E2A,,2C2][A,A,,,]A,, [A,2C2E2][EA,]C | [C,,2G,2E2C,2C2][G,C,,]C, [G,2E2C2]G,^E,, [B,,,4B,,4F,4C4D4] | [B,,,12B,,12F,12C12] | [A,2A,,,2E2A,,2C2][A,A,,,]A,, [A,2C2E2][EA,]C [C,,2G,2E2C,2C2][G,C,,]C, |
[G,2E2C2]G,^E,, [B,,,2F,2=E2B,,2C2][F,B,,,]B,, [F,2E2C2]F,B,, | [F,2C2E2]F,B,, [F,2C2E2]<B,,2[F,2B,2] [A,2A,,,2E2A,,2C2][A,A,,,]A,, | [A,2C2E2][EA,]C [C,,2G,2E2C,2C2][G,C,,]C, [G,2E2C2]G,^E,, | [B,,,2F,2E2B,,2C2][F,B,,,]B,, [F,2E2C2]F,B,, [F,2C2E2]F,B,, |
[F,2C2E2]<B,,2[F,2B,2] F,,C,F,A,2F,C,G,, | C,,G,,E,G, C,E,C,G,, E,,B,,E,G, | B,,E,B,,E, B,,,D,2[A,,2C,2F,2][G,,3B,,3] | [C,2F,,2]F,A,2F,C,G,, C,,G,,E,G, |
C,E,C,G,, E,,B,,E,G, B,,E,2F,, | [F,2B,,2B,,,2]B,E, B,2D,2B,,18F,,17 | [F,2B,,,2B,2B,,2D2][F,B,,,]B,, [F,B,D]F,B,[F,B,D] B,,F,B,[F,B,D] | B,,,F,B,E,, [A,2A,,,2E2A,,2C2][A,A,,,]A,, [A,2C2E2][EA,]C |
[C,,2G,2E2C,2C2][G,C,,]C, [G,2E2C2]G,^E,, [B,,,2F,2D2B,,2C2][F,B,,,]B,, | [F,2D2C2]F,B,, [F,2C2D2]F,B,, [F,CD]B,,[B,2F,2] | [C,,2G,2E2C,2C2][G,C,,]C, [G,2E2C2][EG,]B,, [G,2E,,2E2B,2E,2][G,E,,]E, | [B,2E2]G,^E,, [F,2B,,,2B,2B,,2D2][F,B,,,]B,, [F,B,D]F,B,[F,B,D] |
B,,F,B,[F,B,D] B,,,F,B,E,, [A,2A,,,2E2A,,2C2][A,A,,,]A,, | [A,2C2E2][EA,]C [C,,2G,2E2C,2C2][G,C,,]C, [G,2E2C2]G,^E,, | [B,,,32B,,32F,32C32E32] | F,,C,F,A,2 |
F,C,G,, C,,G,,E,G, C,E,C,G,, | E,,B,,E,G, B,,E,B,,E, B,,,D,2[A,,2C,2] |[G,,3B,,3] [C,2F,,2]F,A,2F,C,G,, | C,,G,,E,G, C,E,C,G,, E,,B,,E,G, |
B,,E,2F,, [F,2B,,,2B,,2]B,E, B,33D,32 |","['Blues', 'Country', 'Pop', 'Folk']",Pop,2,Choose the most probable genre label of the provided score.
Pop_Bubblegum Pop_Paper Lace_The Night Chicago Died.abc,"X:1
M:3/4
L:1/16
K:Am
C,2C,2 | C,2C,2 C,2C,2 G,,2A,,2 | C,2C,2 C,2C,2 C,2C,2 | G,,2A,,2 C,2C,2 C,2C,2 | C,2C,2 G,,2A,,2 C,2C,2 |
C,2C,2 C,2C,2 G,,2A,,82 | [A,2D2F2][A,2D2F2] | [A,2D2F2][A,2D2F2] [A,2D2F2][A,2D2F2] [A,2D2F2][A,2D2F2] | [B,2D2G2][B,2D2G2] [B,2D2G2][B,2D2G2] [B,2D2G2][B,2D2G2] |
[B,2D2G2][B,2D2G2] [G,2C2E2][G,2C2E2] [G,2C2E2][G,2C2E2] | [G,2C2E2][G,2C2E2] [G,2C2E2][G,2C2E2] [G,2C2E2][G,2C2E2] | [G,2C2E2][G,2C2E2] [G,2C2E2][G,2C2E2] [G,2C2E2][G,2C2E2] | [A,2D2F2][A,2D2F2] [A,2D2F2][A,2D2F2] [A,2D2F2][A,2D2F2] |
[A,2D2F2][A,2D2F2] [B,2D2G2][B,2D2G2] [B,2D2G2][B,2D2G2] | [B,2D2G2][B,2D2G2] [B,2D2G2][B,2D2G2] C,,72 | [C2E2G2][C2E2G2] | [C2E2G2][C2E2G2] [C2E2G2][C2E2G2] [C2E2G2][C2E2G2] |
[C2E2G2][C2E2G2] [C2E2G2][C2E2G2] [C2E2G2][C2E2G2] | [C2E2G2][C2E2G2] [D2F2A2][D2F2A2] [D2F2A2][D2F2A2] | [D2F2A2][D2F2A2] [D2F2A2][D2F2A2] [D2F2A2][D2F2A2] | [D2F2A2][D2F2A2] [D2F2A2][D2F2A2] [D2F2A2][D2F2A2] |
[G,2G2B2d2][G,2G2B2d2] [G,2G2B2d2][G,2G2B2d2] [G,2G2B2d2][G,2G2B2d2] | [G,2G2B2d2][G,2G2B2d2] [G,2G2B2d2][G,2G2B2d2] [G,2G2B2d2][G,2G2B2d2] | [G,2G2B2d2][G,2G2B2d2] [G,2G2B2d2][G,2G2B2d2] [C2E2G2][C2E2G2] | [C2E2G2][C2E2G2] [C2E2G2][C2E2G2] [C2E2G2][C2E2G2] |
[C,,8G,8C8E8] [C2E2G2][C2E2G2] | [C2E2G2][C2E2G2] [C2E2G2][C2E2G2] [C2E2G2][C2E2G2] | [C2E2G2][C2E2G2] [C2E2G2][C2E2G2] [C2E2G2][C2E2G2] | [C2E2G2][C2E2G2] [D2F2A2][D2F2A2] [D2F2A2][D2F2A2] |
[D2F2A2][D2F2A2] [D2F2A2][D2F2A2] [D2F2A2][D2F2A2] | [D2F2A2][D2F2A2] [D2F2A2][D2F2A2] [D2F2A2][D2F2A2] | [G,2G2B2d2][G,2G2B2d2] [G,2G2B2d2][G,2G2B2d2] [G,2G2B2d2][G,2G2B2d2] | [G,2G2B2d2][G,2G2B2d2] [G,2G2B2d2][G,2G2B2d2] [G,2G2B2d2][G,2G2B2d2] |
[G,2G2B2d2][G,2G2B2d2] [G,2G2B2d2][G,2G2B2d2] [C2E2G2][C2E2G2] | [C2E2G2][C2E2G2] [C2E2G2][C2E2G2] [C2E2G2][C2E2G2] | [C,,16G,16C16E16] | [A,2D2F2][A,2D2F2] [A,2D2F2][A,2D2F2] |
[A,2D2F2][A,2D2F2] [A,2D2F2][A,2D2F2] [B,2D2G2][B,2D2G2] | [B,2D2G2][B,2D2G2] [B,2D2G2][B,2D2G2] [B,2D2G2][B,2D2G2] | [G,2C2E2][G,2C2E2] [G,2C2E2][G,2C2E2] [G,2C2E2][G,2C2E2] | [G,2C2E2][G,2C2E2] [G,2C2E2][G,2C2E2] [G,2C2E2][G,2C2E2] |
[G,2C2E2][G,2C2E2] [G,2C2E2][G,2C2E2] [A,2D2F2][A,2D2F2] | [A,2D2F2][A,2D2F2] [A,2D2F2][A,2D2F2] [A,2D2F2][A,2D2F2] | [B,2D2G2][B,2D2G2] [B,2D2G2][B,2D2G2] [B,2D2G2][B,2D2G2] | [B,2D2G2][B,2D2G2] C,,72 |
[C2E2G2][C2E2G2] [C2E2G2][C2E2G2] | [C2E2G2][C2E2G2] [C2E2G2][C2E2G2] [C2E2G2][C2E2G2] | [C2E2G2][C2E2G2] [C2E2G2][C2E2G2] [C2E2G2][C2E2G2] | [D2F2A2][D2F2A2] [D2F2A2][D2F2A2] [D2F2A2][D2F2A2] |
[D2F2A2][D2F2A2] [D2F2A2][D2F2A2] [D2F2A2][D2F2A2] | [D2F2A2][D2F2A2] [D2F2A2][D2F2A2] [G,2G2B2d2][G,2G2B2d2] | [G,2G2B2d2][G,2G2B2d2] [G,2G2B2d2][G,2G2B2d2] [G,2G2B2d2][G,2G2B2d2] | [G,2G2B2d2][G,2G2B2d2] [G,2G2B2d2][G,2G2B2d2] [G,2G2B2d2][G,2G2B2d2] |
[G,2G2B2d2][G,2G2B2d2] [C2E2G2][C2E2G2] [C2E2G2][C2E2G2] | [C2E2G2][C2E2G2] [C2E2G2][C2E2G2] [C,,8G,8C8E8] | [C2E2G2][C2E2G2] [C2E2G2][C2E2G2] | [C2E2G2][C2E2G2] [C2E2G2][C2E2G2] [C2E2G2][C2E2G2] |
[C2E2G2][C2E2G2] [C2E2G2][C2E2G2] [C2E2G2][C2E2G2] | [D2F2A2][D2F2A2] [D2F2A2][D2F2A2] [D2F2A2][D2F2A2] | [D2F2A2][D2F2A2] [D2F2A2][D2F2A2] [D2F2A2][D2F2A2] | [D2F2A2][D2F2A2] [D2F2A2][D2F2A2] [G,2G2B2d2][G,2G2B2d2] |
[G,2G2B2d2][G,2G2B2d2] [G,2G2B2d2][G,2G2B2d2] [G,2G2B2d2][G,2G2B2d2] | [G,2G2B2d2][G,2G2B2d2] [G,2G2B2d2][G,2G2B2d2] [G,2G2B2d2][G,2G2B2d2] | [G,2G2B2d2][G,2G2B2d2] [C2E2G2][C2E2G2] [C2E2G2][C2E2G2] | [C2E2G2][C2E2G2] [C2E2G2][C2E2G2] [C,,16G,16C16E16] |
[D,,16D16F16A16] | [G,,16G,16B,16D16] | [C,,32E,32G,32C32] | [D,,2D2F2A2][D,,2D2F2A2] [D,,2D2F2A2][D,,2D2F2A2] |
[G,,2B,2D2G2][G,,2B,2D2G2] [G,,2B,2D2G2][G,,2B,2D2G2] [C,,2C2E2G2][C,,2C2E2G2] | [C,,2C2E2G2][C,,2C2E2G2] [C,,2C2E2G2][C,,2C2E2G2] [C,,2C2E2G2][C,,2C2E2G2] | [D,,2D2F2A2][D,,2D2F2A2] [D,,2D2F2A2][D,,2D2F2A2] [G,,2B,2D2G2][G,,2B,2D2G2] | [G,,2B,2D2G2][G,,2B,2D2G2] [C,,8C8G8] |
[C2E2G2][C2E2G2] [C2E2G2][C2E2G2] [C2E2G2][C2E2G2] | [C2E2G2][C2E2G2] [C12E12G12] | c''' b'' a'' g''f''e''d''c''b'a'g'f'e'd'c'bagfed c0< B0 [A2A2D2F2][D2F2A2] | [D2F2A2][D2F2A2] [D2F2A2][D2F2A2] [D2F2A2][D2F2A2] |
[D2F2A2][D2F2A2] [D2F2A2][D2F2A2] [D2F2A2][D2F2A2] | [D2F2A2][D2F2A2] [G,2G2B2d2][G,2G2B2d2] [G,2G2B2d2][G,2G2B2d2] | [G,2G2B2d2][G,2G2B2d2] [G,2G2B2d2][G,2G2B2d2] [G,2G2B2d2][G,2G2B2d2] | [G,2G2B2d2][G,2G2B2d2] [G,2G2B2d2][G,2G2B2d2] [G,2G2B2d2][G,2G2B2d2] |
[C2E2G2][C2E2G2] [C2E2G2][C2E2G2] [C2E2G2][C2E2G2] | [C2E2G2][C2E2G2] [C,,8G,8C8E8] | [C2E2G2][C2E2G2] [C2E2G2][C2E2G2] [C2E2G2][C2E2G2] | [C2E2G2][C2E2G2] [C12E12G12] |
c''' b'' a'' g''f''e''d''c''b'a'g'f'e'd'c'bagfed c0< B0 [A2A2D2F2][D2F2A2] | [D2F2A2][D2F2A2] [D2F2A2][D2F2A2] [D2F2A2][D2F2A2] | [D2F2A2][D2F2A2] [D2F2A2][D2F2A2] [D2F2A2][D2F2A2] | [D2F2A2][D2F2A2] [G,2G2B2d2][G,2G2B2d2] [G,2G2B2d2][G,2G2B2d2] |
[G,2G2B2d2][G,2G2B2d2] [G,2G2B2d2][G,2G2B2d2] [G,2G2B2d2][G,2G2B2d2] | [G,2G2B2d2][G,2G2B2d2] [G,2G2B2d2][G,2G2B2d2] [G,2G2B2d2][G,2G2B2d2] | [C2E2G2][C2E2G2] [C2E2G2][C2E2G2] [C2E2G2][C2E2G2] | [C2E2G2][C2E2G2] [C,,8G,8C8E8] |
[C2E2G2][C2E2G2] [C2E2G2][C2E2G2] [C2E2G2][C2E2G2] | [C2E2G2][C2E2G2] [C12E12G12] | c''' b'' a'' g''f''e''d''c''b'a'g'f'e'd'c'bagfed c0< B0 [A2A2D2F2][D2F2A2] | [D2F2A2][D2F2A2] [D2F2A2][D2F2A2] [D2F2A2][D2F2A2] |
[D2F2A2][D2F2A2] [D2F2A2][D2F2A2] [D2F2A2][D2F2A2] | [D2F2A2][D2F2A2] [G,2G2B2d2][G,2G2B2d2] [G,2G2B2d2][G,2G2B2d2] | [G,2G2B2d2][G,2G2B2d2] [G,2G2B2d2][G,2G2B2d2] [G,2G2B2d2][G,2G2B2d2] | [G,2G2B2d2][G,2G2B2d2] [G,2G2B2d2][G,2G2B2d2] [G,2G2B2d2][G,2G2B2d2] |
[C2E2G2][C2E2G2] [C2E2G2][CEG] |","['Country', 'Soul', 'Pop', 'Ambient']",Pop,2,Choose the most probable genre label of the provided score.
Rap_Trap Latino_Alex_Last Christmas.abc,"X:1
M:3/4
L:1/16
K:Db
[A,2F,2D2][A,2F,2D2] | [D2A,2F,2][A,2F,2E2] [F,2A,2E2][A,2F,2E2] [F,2C2A,2][F,2A,2C2] | [F,2A,2D2][D2F,2A,2] [F,2A,2D2][A,2F,2E2] [A,2F,2E2][A,2F,2E2] | [A,2C2F,2][A,2F,2C2] [F,2D2A,2B,2][D2F,2B,2A,2] [F,2A,2B,2D2][F,2A,2E2B,2] | [F,2A,2B,2E2][B,2F,2A,2E2] [F,2C2A,2B,2][F,2B,2A,2C2] [F,2A,2D2B,2][F,2D2B,2A,2] |
[F,2B,2A,2D2][F,2A,2B,2E2] [A,2F,2B,2E2][B,2F,2A,2E2] [F,2A,2C2B,2][F,2A,2C2B,2] | [E,2E2G,2B,2][B,2E2E,2G,2] [B,2G,2E,2E2][E,2F2G,2B,2] [E,2F2G,2B,2][F2B,2E,2G,2] | [E,2G,2D2B,2][E,2G,2B,2D2] [G,2E2E,2B,2][E,2G,2E2] [E,2B,2G,2E2][F2E,2G,2B,2] | [F2E,2G,2B,2][G,2E,2B,2F2] [D2E,2G,2B,2][E,2D2G,2B,2] [A,,2E,2C2A,2][A,2A,,2C2E,2] |
[A,,2E,2A,2C2][A,,2E,2D2A,2] [A,2E,2D2A,,2][D2E,2A,,2A,2] [E,2A,,2B,2A,2][E,2A,,2A,2B,2] | [E,2C2A,,2A,2][A,2E,2C2A,,2] [A,2A,,2E,2C2][E,2A,,2D2A,2] [A,2A,,2E,2D2][A,2E,2A,,2D2] | [A,2E,2B,2A,,2][B,2A,,2E,2A,2] [A,2F,2D2][A,2F,2D2] [D2A,2F,2][A,2F,2E2] | [F,2A,2E2][A,2F,2E2] [F,2C2A,2][F,2A,2C2] [F,2A,2D2][D2F,2A,2] |
[F,2A,2D2][A,2F,2E2] [A,2F,2E2][A,2F,2E2] [A,2C2F,2][A,2F,2C2] | [F,2D2A,2B,2][D2F,2B,2A,2] [F,2A,2B,2D2][F,2A,2E2B,2] [F,2A,2B,2E2][F,2A,2E2B,2] | [F,2C2A,2][F,2B,2A,2C2] [F,2A,2D2B,2][F,2D2B,2A,2] [F,2B,2A,2D2][F,2A,2B,2E2] | [A,2F,2B,2E2][B,2F,2A,2E2] [F,2A,2C2B,2][F,2A,2C2B,2] [E,2E2G,2B,2][B,2E2E,2G,2] |
[B,2G,2E,2E2][E,2F2G,2B,2] [E,2F2G,2B,2][F2B,2E,2G,2] [E,2G,2D2B,2][E,2G,2B,2D2] | [G,2E2E,2B,2][E,2G,2E2] [E,2B,2G,2E2][F2E,2G,2B,2] [F2E,2G,2B,2][G,2E,2B,2F2] | [D2E,2G,2B,2][E,2D2G,2B,2] [A,,2E,2C2A,2][A,2A,,2C2E,2] [A,,2E,2A,2C2][A,,2E,2D2A,2] | [A,2E,2D2A,,2][D2E,2A,,2A,2] [E,2A,,2B,2A,2][E,2A,,2A,2B,2] [E,2C2A,,2A,2][A,2E,2C2A,,2] |
[A,2A,,2E,2C2][E,2A,,2D2A,2] [A,2A,,2E,2D2][A,2E,2A,,2D2] [A,2E,2B,2A,,2][B,2A,,2E,2A,2] | [A,2F,2D2][A,2F,2D2] [D2A,2F,2][A,2F,2E2] [F,2A,2E2][A,2F,2E2] | [F,2C2A,2][F,2A,2C2] [F,2A,2D2][D0F,0A,0]D2 [F,2A,2D2][A,2F,2E2] | [A,0F,0E0] A2[A,0F,0E0]D2 [A,2C2F,2][A,0F,0C0]C2 [F,2D2A,2B,2][D0F,0B,0A,0]B,2 |
[F,2A,2B,2D2][F,2A,2E2B,2] [F,2A,2B,2E2][F,2A,2E2B,2] [F,2C2A,2][F,2B,2A,2C2] | [F,2A,2D2B,2][F,2D2B,2A,2D2] [F,2B,2A,2D2E2][F,2A,2B,2E2] [A,2F,2B,2E2][B,2F,2A,2E2] | [F,2A,2C2B,2F2][F,2A,2C2B,2G2] [E,2E2G,2B,2F2][B,2E2E,2G,2E2] [B,2G,2E,2E2D2][E,2F2G,2B,2E2] | [E,2F2G,2B,2][F2B,2E,2G,2] [E,2G,2D2B,2][E,2G,2B,2D2] [G,2E2E,2B,2][E,2G,2E2] |
[E,2B,2G,2E2][F2E,2G,2B,2] [F2E,2G,2B,2][G,2E,2B,2F2F2] [D2E,2G,2B,2G2][E,2D2G,2B,2] | [A,,2E,2C2A,2F2][A,2A,,2C2E,2E2] [A,,2E,2A,2C2D2][A,,2E,2D2A,2E2] [A,2E,2D2A,,2][D2E,2A,,2A,2] | [E,2A,,2B,2A,2][E,2A,,2A,2B,2] [E,2C2A,,2A,2][A,2E,2C2A,,2] [A,2A,,2E,2C2][E,2A,,2D2A,2C2A2] | [A,2A,,2E,2D2D2B2][A,2E,2A,,2D2] [A,2E,2B,2A,,2E2c2][B,2A,,2E,2A,2F2A2d2] [D2D,,2A,2F2][A,4F4D4D,,4] |
[A,2F2] D,2[A,2F2D2] D,2[D2A,2F2E2A2c2] | F,,2[C2A,2F2E2] [E2A2d2][C2A,2E2F2E2A2c2] F,,2[A,2C2E2F2] | [F,,2C2F2A2][E2F2C2A,2D2G2B2] [B,2D2G,2][G,2B,2D2] G,,2[G,2B,2D2] | G,,2[G,2B,2D2] [G,,2G,,,2][G,2B,2D2] [G,,,2G,,2][G,4B,4D4] |
[G,2B,2D2D2B2] [G,,2G,,,2E2c2][G,2B,2D2] [G,,,2G,,2F2d2][B,2G,2D2G2B2e2] | E,,2[E4B,4G,4D4][G,2B,2E2D2] E,,2[G,2B,2E2D2] | [E,,2G2B2d2][G,2B,2E2D2G2B2e2] E,,2[G,4E4B,4D4][E2B,2G,2D2] | [E,,2F2A2c2][E2G,2B,2D2] [E,,2G2B2d2][D2B,2G,2E2] [A,,2B,2G,2E2C2E2A2d2][B,2G,2E2C2E2A2c2] |
A,,2[G,2B,2E2C2] A,,2[G,2B,2E2C2] [A,,,2A,,2][B,2G,2C2E2] | [A,,2A,,,2][G,4B,4E4C4][G,2B,2E2C2C2A2] [A,,,2A,,2D2B2][G,2B,2C2E2] | [A,,,2A,,2E2c2][B,2G,2C2E2F2A2d2] [F2D2A,2][A,4F4D4D,,4][D2F2A,2] | D,2[F2D2A,2] D,2[D2A,2F2E2A2c2] F,,2[E4C4A,4F4] |
[C2E2A,2F2] F,,2[C2A,2E2F2] F,,2[C2E2A,2F2D2G2B2] | [G,,2B,2D2G,2][G,4B,4D4][G,2B,2D2] G,,2[G,2B,2D2] | G,,2[B,2D2G,2] [B,2G,,2G,2D2][G,4B,4D4][G,2D2B,2D2B2] | [G,,2E2c2][G,2B,2D2] [G,,2F2d2][B,2G,2D2G2B2e2] E,,2[E4G,4B,4D4] |
[G,2E2B,2D2] E,,2[E2G,2B,2D2] E,,2[E2B,2D2G,2] | E,,2[B,2D2E2G,2] [G,2B,2D2E2][G,2B,2D2F2A2d2] E,,2[E2B,2G,2D2] | [E,,2G2B2e2][G,2B,2D2E2F2A2d2] A,,2[G,4C4E4E4A4c4][G,4C4E4] |[C2G,2E2] A,,2[C2E2G,2] [A,,,2C2E2G,2A,,2][G,4C4E4A,,,4A,,4] |
[C2G,2E2] [A,,,2A,,2][C2G,2E2] [A,,,2A,,2][C2G,2E2] | [A,2F,2D2][A,2F,2D2] [D2A,2F,2][A,2F,2E2] [F,2A,2E2][A,2F,2E2] | [F,2C2A,2][F,2A,2C2] [F,2A,2D2][D2F,2A,2] [F,2A,2D2][A,2F,2E2] | [A,2F,2E2][A,2F,2E2] [A,2C2F,2][A,2F,2C2] [F,2D2A,2B,2][D2F,2B,2A,2] |
[F,2A,2B,2D2][F,2A,2E2B,2] [F,2A,2B,2E2][F,2A,2E2B,2] [F,2C2A,2][F,2B,2A,2C2] | [F,2A,2D2B,2][F,2D2B,2A,2] [F,2B,2A,2D2][F,2A,2B,2E2] [A,2F,2B,2E2][B,2F,2A,2E2] | [F,2A,2C2B,2][F,2A,2C2B,2] [E,2E2G,2B,2][B,2E2E,2G,2] [B,2G,2E,2E2][E,2F2G,2B,2] | [E,2F2G,2B,2][F2B,2E,2G,2] [E,2G,2D2B,2][E,2G,2B,2D2] [G,2E2E,2B,2][E,2G,2E2] |
[E,2B,2G,2E2][F2E,2G,2B,2] [F2E,2G,2B,2][G,2E,2B,2F2] [D2E,2G,2B,2][E,2D2G,2B,2] | [A,,2E,2C2A,2][A,2A,,2C2E,2] [A,,2E,2A,2C2][A,,2E,2D2A,2] [A,2E,2D2A,,2][D2E,2A,,2A,2] | [E,2A,,2B,2A,2][E,2A,,2A,2B,2] [E,2C2A,,2A,2][A,2E,2C2A,,2] [A,2A,,2E,2C2][E,2A,,2D2A,2] | [A,2A,,2E,2D2][A,2E,2A,,2D2] [A,2E,2B,2A,,2][B,2A,,2E,2A,2] [A,2F,2D2][A,2F,2D2] |
[D2A,2F,2][A,2F,2E2] [F,2A,2E2][A,2F,2E2] [F,2C2A,2][F,2A,2C2] | [F,2A,2D2][D2F,2A,2] [F,2A,2D2][A,2F,2E2] [A,2F,2E2][A,2F,2E2] | [A,2C2F,2][A,2F,2C2] [F,2D2A,2B,2][D2F,2B,2A,2] [F,2A,2B,2D2][F,2A,2E2B,2] | [F,2A,2B,2E2][F,2A,2E2B,2] [F,2C2A,2][F,2B,2A,2C2] [F,2A,2D2B,2][F,2D2B,2A,2] |
[F,2B,2A,2D2][F,2A,2B,2E2] [A,2F,2B,2E2][B,2F,2A,2E2] [F,2A,2C2B,2][F,2A,2C2B,2] | [E,2E2G,2B,2][B,2E2E,2G,2] [B,2G,2E,2E2][E,2F2G,2B,2] [E,2F2G,2B,2][F2B,2E,2G,2] | [E,2G,2D2B,2][E,2G,2B,2D2] [G,2E2E,2B,2][E,2G,2E2] [E,2B,2G,2E2][F2E,2G,2B,2] | [F2E,2G,2B,2][G,2E,2B,2F2] [D2E,2G,2B,2][E,2D2G,2B,2] [A,,2E,2C2A,2][A,2A,,2C2E,2] |
[A,,2E,2A,2C2][A,,2E,2D2A,2] [A,2E,2D2A,,2][D2E,2A,,2A,2] [E,2A,,2B,2A,2][E,2A,,2A,2B,2] | [E,2C2A,,2A,2][A,2E,2C2A,,2] [A,2A,,2E,2C2][E,2A,,2D2A,2C2A2] [A,2A,,2E,2D2D2B2][A,2E,2A,,2D2] | [A,2E,2B,2A,,2E2c2][B,2A,,2E,2A,2F2A2d2] [D2D,,2A,2F2][A,4F4D4D,,4][A,2F2] | D,2[A,2F2D2] D,2[D2A,2F2E2A2c2] F,,2[C2A,2F2E2] |
[E2A2d2][C2A,2E2F2E2A2c2] F,,2[A,2C2E2F2] [F,,2C2F2A2][A,2E2F2C2D2G2B2] | [B,2D2G,2][G,2B,2D2] G,,2[G,2B,2D2] G,,2[G,2B,2D2] | [G,,2G,,,2][G,2B,2D2] [G,,,2G,,2][G,4B,4D4][G,2B,2D2D2B2] | [G,,2G,,,2E2c2][G,2B,2D2] [G,,,2G,,2F2d2][B,2G,2D2G2B2e2] E,,2[E4B,4G,4D4] |
[G,2B,2E2D2] E,,2[G,2B,2E2D2] [E,,2G2B2d2][G,2B,2E2D2G2B2e2] | E,,2[G,4E4B,4D4][E2B,2G,2D2] [E,,2F2A2c2][E2G,2B,2D2] | [E,,2G2B2d2][D2B,2G,2E2] [A,,2B,2G,2E2C2E2A2d2][B,2G,2E2C2E2A2c2] A,,2[G,2B,2E2C2] | A,,2[G,2B,2E2C2] [A,,,2A,,2][B,2G,2C2E2] [A,,2A,,,2][G,4B,4E4C4] |
[G,2B,2E2C2C2A2] [A,,,2A,,2D2B2][G,2B,2C2E2] [A,,,2A,,2E2c2][B,2G,2C2E2F2A2d2] | [F2D2A,2][A,4F4D4D,,4][D2F2A,2] D,2[F2D2A,2] | D,2[D2A,2F2E2A2c2] F,,2[E4C4A,4F4][C2E2A,2F2] | F,,2[C2A,2E2F2] F,,2[C2E2A,2F2D2G2B2] [G,,2B,2D2G,2][G,4B,4D4] |
[G,2B,2D2] G,,2[G,2B,2D2] G,,2[B,2D2G,2] | [B,2G,,2G,2D2][G,4B,4D4][G,2D2B,2D2B2] [G,,2E2c2][G,2B,2D2] | [G,,2F2d2][B,2G,2D2G2B2e2] E,,2[E4G,4B,4D4][G,2E2B,2D2] | E,,2[E2G,2B,2D2] E,,2[E2B,2D2G,2] E,,2[B,2D2E2G,2] |
[G,2B,2D2E2][G,2B,2D2F2A2d2] E,,2[E2B,2G,2D2] [E,,2G2B2e2][G,2B,2D2E2F2A2d2] | A,,2[G,4C4E4E4A4c4][G,4C4E4][C2G,2E2] | A,,2[C2E2G,2] [A,,,2C2E2G,2A,,2][G,4C4E4A,,,4A,,4][C2G,2E2] | [A,,,2A,,2][C2G,2E2] [A,,,2A,,2][C2G,2E2] [D2D,,2A,2F2d2F2][A,4F4D4D,,4] |
[A,2F2] D,2[A,2F2D2] D,2[D2A,2F2] | [F,,2c2][C4A,4F4E4][C2A,2E2F2] F,,2[A,2C2E2F2] | F,,2[A,2E2F2C2] [B,2D2G,2B2G2][G,2B,2D2] G,,2[G,2B,2D2] | G,,2[G,2B,2D2] G,,2[G,2B,2D2] G,,2[G,4B,4D4] |
[G,2B,2D2] G,,2[G,2B,2D2] G,,2[B,2G,2D2] | [E,,2E2][E4B,4G,4D4][G,2B,2E2D2] E,,2[G,2B,2E2D2] | E,,2[G,2B,2E2D2] E,,2[G,4E4B,4D4][E2B,2G,2D2] | E,,2[E2G,2B,2D2] E,,2[D2B,2G,2E2] [A,,2B,2G,2E2C2A2c2][B,2G,2E2C2] |
A,,2[G,2B,2E2C2] A,,2[G,2B,2E2C2] [A,,,2A,,2][B,2G,2C2E2] | [A,,2A,,,2][G,4B,4E4C4][G,2B,2E2C2] [A,,,2A,,2][G,2B,2C2E2] | [A,,,2A,,2][B,2G,2C2E2] [A,2F,2D2][A,2F,2D2] [D2A,2F,2][A,2F,2E2] | [F,2A,2E2][A,2F,2E2] [F,2C2A,2][F,2A,2C2] [F,2A,2D2][D2F,2A,2] |
[F,2A,2D2][A,2F,2E2] [A,2F,2E2][A,2F,2E2] [A,2C2F,2][A,2F,2C2] | [F,2D2A,2B,2][D2F,2B,2A,2] [F,2A,2B,2D2][F,2A,2E2B,2] [F,2A,2B,2E2][F,2A,2E2B,2] | [F,2C2A,2][F,2B,2A,2C2] [F,2A,2D2B,2][F,2D2B,2A,2] [F,2B,2A,2D2][F,2A,2B,2E2] | [A,2F,2B,2E2][B,2F,2A,2E2] [F,2A,2C2B,2][F,2A,2C2B,2] [E,2E2G,2B,2][B,2E2E,2G,2] |
[B,2G,2E,2E2][E,2F2G,2B,2] [E,2F2G,2B,2][F2B,2E,2G,2] [E,2G,2D2B,2][E,2G,2B,2D2] | [G,2E2E,2B,2][E,2G,2E2] [E,2B,2G,2E2][F2E,2G,2B,2] [F2E,2G,2B,2][G,2E,2B,2F2] | [D2E,2G,2B,2][E,2D2G,2B,2] [A,,2E,2C2A,2][A,2A,,2C2E,2] [A,,2E,2A,2C2][A,,2E,2D2A,2] | [A,2E,2D2A,,2][D2E,2A,,2A,2] [E,2A,,2B,2A,2][E,2A,,2A,2B,2] [E,2C2A,,2A,2][A,2E,2C2A,,2] |
[A,2A,,2E,2C2][E,2A,,2D2A,2] [A,2A,,2E,2D2][A,2E,2A,,2D2] [A,2E,2B,2A,,2][B,2A,,2E,2A,2] | [A,2F,2D2][A,2F,2D2] [D2A,2F,2][A,2F,2E2] [F,2A,2E2][A,2F,2E2] | [F,2C2A,2][F,2A,2C2] [F,2A,2D2][D2F,2A,2] [F,2A,2D2][A,2F,2E2] | [A,2F,2E2][A,2F,2E2] [A,2C2F,2][A,2F,2C2] [F,2D2A,2B,2][D2F,2B,2A,2] |
[F,2A,2B,2D2][F,2A,2E2B,2] [F,2A,2B,2E2][F,2A,2E2B,2] [F,2C2A,2][F,2B,2A,2C2] | [F,2A,2D2B,2][F,2D2B,2A,2] [F,2B,2A,2D2][F,2A,2B,2E2] [A,2F,2B,2E2][B,2F,2A,2E2] | [F,2A,2C2B,2][F,2A,2C2B,2] [E,2E2G,2B,2][B,2E2E,2G,2] [B,2G,2E,2E2][E,2F2G,2B,2] | [E,2F2G,2B,2][F2B,2E,2G,2] [E,2G,2D2B,2][E,2G,2B,2D2] [G,2E2E,2B,2][E,2G,2E2] |
[E,2B,2G,2E2][F2E,2G,2B,2] [F2E,2G,2B,2][G,2E,2B,2F2] [D2E,2G,2B,2][E,2D2G,2B,2] | [A,,2E,2C2A,2][A,2A,,2C2E,2] [A,,2E,2A,2C2][A,,2E,2D2A,2] [A,2E,2D2A,,2][D2E,2A,,2A,2] | [E,2A,,2B,2A,2][E,2A,,2A,2B,2] [E,2C2A,,2A,2][A,2E,2C2A,,2] [A,2A,,2E,2C2][E,2A,,2D2A,2C2A2] | [A,2A,,2E,2D2D2B2][A,2E,2A,,2D2] [A,2E,2B,2A,,2E2c2][B,2A,,2E,2A,2F2A2d2] [D2D,,2A,2F2][A,4F4D4D,,4] |
[A,2F2] D,2[A,2F2D2] D,2[D2A,2F2E2A2c2] | F,,2[C2A,2F2E2] [E2A2d2][C2A,2E2F2E2A2c2] F,,2[A,2C2E2F2] | [F,,2C2F2A2][A,2E2F2C2D2G2B2] [B,2D2G,2][G,2B,2D2] G,,2[G,2B,2D2] | G,,2[G,2B,2D2] G,,2[G,2B,2D2] G,,2[G,4B,4D4] |
[G,2B,2D2D2B2] [G,,2E2c2][G,2B,2D2] [G,,2F2d2][B,2G,2D2G2B2e2] | E,,2[E4B,4G,4D4][G,2B,2E2D2] E,,2[G,2B,2E2D2] | [E,,2G2B2d2][G,2B,2E2D2G2B2e2] E,,2[G,4E4B,4D4][E2B,2G,2D2] | [E,,2F2A2c2][E2G,2B,2D2] [E,,2G2B2d2][D2B,2G,2E2] [A,,2B,2G,2E2C2E2A2d2][B,2G,2E2C2E2A2c2] |
A,,2[G,2B,2E2C2] A,,2[G,2B,2E2C2] [A,,,2A,,2][B,2G,2C2E2] | [A,,2A,,,2][G,4B,4E4C4][G,2B,2E2C2C2A2] [A,,,2A,,2D2B2][G,2B,2C2E2] | [A,,,2A,,2E2c2][B,2G,2C2E2F2A2d2] [D2D,,2A,2F2][A,4F4D4D,,4][A,2F2] | D,2[A,2F2D2] D,2[D2A,2F2E2A2c2] F,,2[C4A,4F4E4] |
[C2A,2E2F2] F,,2[A,2C2E2F2] F,,2[E2F2C2A,2D2G2B2] | [B,2D2G,2][G,2B,2D2] G,,2[G,2B,2D2] G,,2[G,2B,2D2] | G,,2[G,2B,2D2] G,,2[G,4B,4D4][G,2B,2D2D2B2] | [G,,2E2c2][G,2B,2D2] [G,,2F2d2][B,2G,2D2G2B2e2] E,,2[E4B,4G,4D4] |
[G,2B,2E2D2] E,,2[G,2B,2E2D2] E,,2[G,2B,2E2D2] | E,,2[G,4E4B,4D4][E2B,2G,2D2F2A2d2] E,,2[E2G,2B,2D2] | [E,,2G2B2e2][D2B,2G,2E2F2A2d2] [A,,2B,2G,2E2C2][B,2G,2E2C2E2A2c2] A,,2[G,2B,2E2C2] | A,,2[G,2B,2E2C2] [A,,,2A,,2][B,2G,2C2E2] [A,,2A,,,2][G,4B,4E4C4] |
[G,2B,2E2C2C2A2] [A,,,2A,,2D2B2][G,2B,2C2E2] [A,,,2A,,2E2c2][B,2G,2C2E2F2A2d2] | [D2D,,2A,2F2][A,4F4D4D,,4][A,2F2] D,2[A,2F2D2] | D,2[D2A,2F2E2A2c2] F,,2[C2A,2F2E2] [E2A2d2][C2A,2E2F2E2A2c2] | F,,2[A,2C2E2F2] [F,,2C2F2A2][E2F2C2A,2D2G2B2] [B,2D2G,2][G,2B,2D2] |
G,,2[G,2B,2D2] G,,2[G,2B,2D2] G,,2[G,2B,2D2] | G,,2[G,4B,4D4][G,2B,2D2D2B2] [G,,2E2c2][G,2B,2D2] | [G,,2F2d2][B,2G,2D2G2B2e2] E,,2[E4B,4G,4D4][G,2B,2E2D2] | E,,2[G,2B,2E2D2] [E,,2G2B2d2][G,2B,2E2D2G2B2e2] E,,2[G,4E4B,4D4] |
[E2B,2G,2D2] [E,,2F2A2c2][E2G,2B,2D2] [E,,2G2B2d2][D2B,2G,2E2] | [A,,2A,,,2E2A2d2][E,2E2A2c2] [E,2A,2][A,,4A,,,4][A,2E,2] | [A,,4A,,,4] [G,,,8G,,8D,8G,8] | [A,,,8A,,8E,8A,8] F,32 [D,,32D,32] D32 |","['Ambient', 'Soul', 'Rap', 'Electronic']",Rap,2,Choose the most probable genre label of the provided score.
Rap_Cali Rap_A1_One Last Song.abc,"X:1
M:3/4
L:1/16
K:C
c2B2 [G2C,2]G,2 C2E2 | F,4 c2B2 [G2C,2]G,2 | C2E2 F,4 c2B2 | [c2A,,2]E,2 B,2C2 G,,2E,2 |
[B2G,2]G2 [A2F,,2]C,2 F,2A,2 | C2A,2 F,2[E2C,2] [F2D,2]A,2 | D2F2 [E2C,2]G,4C2 | [D2G,,2]D,2 G,2C2 [B,4G,4] |
c2B2 [E2G2C,2]G,2 C2G,2 | F,2G,2 [c2C2]B2 [E2G2C,2]G,2 | C2G,2 F,2G,2 [c2C2]d2 | [A2c2D,2]F,2 A,2D2 C,2G,2 |
[e2C2]c2 [B2d2G,,2]D,2 G,2C2 | B,4 [c2G,2]B2 [E2G2C,2]G,2 | C2G,2 F,2G,2 [c2C2]B2 | [E2G2C,2]G,2 C2G,2 F,2G,2 |
[c2C2]B2 [A2c2A,,2]E,2 B,2C2 | G,,2D,2 [B2G,2]G2 [F2A2F,,2]C,2 | F,2A,2 C2A,2 F,2C,2 | D,2A,2 D2A,2A [c2f2C,2][e2G,2]<d2 |
C2[c2G,2] [B2d2G,,2]D,2 G,2B,2 | D2B,2 G,2D,2 D,2A,2 | D2[A2A,2] [c2f2C,2][e2G,2]<d2 C2[c2G,2] | [_B2f2B,,2][e2F,2]<d2 B,2[c2F,2] [=B2d2G,,2][B2D,2] |
[c2G,2][d2D,2] [c2C,2][e2g2G,2] C2[c2G,2] | [B2B,,2][d2g2G,2] B,2[B2G,2] [F2A2F,,2][f2C,2]<f2 | F,2[A2C,2] [D2G2G,,2][B2D,2] [c2G,2][d2D,2] | [c2C,2][e2g2G,2] C2[c2G,2] [B2B,,2][d2g2G,2] |
B,2[B2G,2] [F2A2F,,2][f2C,2]<f2 F,2[A2C,2] | [D2G2G,,2][B2D,2] [c2G,2][d2D,2] [c2C,2][c2g2G,2] | C2G,2 B,,2G,2 B,2[g2G,2] | [f2a2F,,2][g2C,2]<f2 F,2[e2A,2]<f2 C2[e2A,2]<d2 |
F,2[c2C,2] [A2d2D,2]A,2 D2[c2A,2] | [c2f2C,2][e2A,2]<d2 C2[c2A,2] [B2d2G,,2]D,2 | G,2[c2D,2] [d2f2G,,2][e2D,2] [c2G,2][d2D,2] | [c2C,2][G2G,2] [G2C2]G,2A [G2B,,2]G,2 |
B,2[E2G,2] [F2F,,2][E2C,2] [D2F,2][C2C,2] | G,,2D,2 G,2D,2 [E2C,2][G2G,2] | [G2C2]G,2A [G2B,,2]G,2 B,2[E2G,2] | [F2F,,2][E2C,2] [D2F,2][C2C,2] [G,,2G,2]D,2 |
[c2G,2][B2D,2] [E2G2C,2]G,2 C2G,2 | F,2G,2 [c2C2]B2 [E2G2C,2]G,2 | C2G,2 F,2G,2 [c2C2]d2 | [A2c2D,2]F,2 A,2D2 C,2G,2 |
[e2C2]c2 [B2d2G,,2]D,2 G,2C2 | B,4 [c2G,2]B2 [E2G2C,2]G,2 | C2G,2 F,2G,2 [c2C2]B2 | [E2G2C,2]G,2 C2G,2 F,2G,2 |
[c2C2]B2 [A2c2A,,2]E,2 B,2C2 | G,,2D,2 [B2G,2]G2 [F2A2F,,2]C,2 | F,2A,2 C2A,2 F,2C,2 | D,2A,2 D2A,2A [c2f2C,2][e2G,2]<d2 |
C2[c2G,2] [B2d2G,,2]D,2 G,2B,2 | D2B,2 G,2D,2 D,2A,2 | D2[A2A,2] [c2f2C,2][e2G,2]<d2 C2[c2G,2] | [_B2f2B,,2][e2F,2]<d2 B,2[c2F,2] [=B2d2G,,2][B2D,2] |
[c2G,2][d2D,2] [c2C,2][e2g2G,2] C2[c2G,2] | [B2B,,2][d2g2G,2] B,2[B2G,2] [F2A2F,,2][f2C,2]<f2 | F,2[A2C,2] [D2G2G,,2][B2D,2] [c2G,2][d2D,2] | [c2C,2][e2g2G,2] C2[c2G,2] [B2B,,2][d2g2G,2] |
B,2[B2G,2] [F2A2F,,2][f2C,2]<f2 F,2[A2C,2] | [D2G2G,,2][B2D,2] [c2G,2][d2D,2] [c2C,2][c2g2G,2] | C2G,2 B,,2G,2 B,2[g2G,2] | [f2a2F,,2][g2C,2]<f2 F,2[e2A,2]<f2 C2[e2A,2]<d2 |
F,2[c2C,2] [A2d2D,2]A,2 D2[c2A,2] | [c2f2C,2][e2A,2]<d2 C2[c2A,2] [B2d2G,,2]D,2 | G,2[c2D,2] [d2f2G,,2][e2D,2] [c2G,2][d2D,2] | [c2C,2][G2G,2] [G2C2]G,2A [G2B,,2]G,2 |
B,2[E2G,2] [F2F,,2][E2C,2] [D2F,2][C2C,2] | G,,2D,2 G,2D,2 [E2C,2][G2G,2] | [G2C2]G,2A [G2B,,2]G,2 B,2[E2G,2] | [F2F,,2][E2C,2] [D2F,2][C2C,2] G,,2D,2 |
G,2D,2 F,,2C,2 F,2A,2 | [d2f2C2]A,2<g2 F,2[e2C,2] [B2d2G,,2]D,2 | G,2B,2 D2B,2B [c2G,2][d2D,2] | [G2c2e2C,2]G,2 C2G,2 [e2B,,2][d2G,2]<c2 |
B,2[d2G,2] [F2A2c2A,,2]E,2 A,2C2 | E2C2 A,2E,2 F,,2C,2 | F,2A,2 [c2f2C2]A,2<g2 F,2[fC,]e | [G2B2d2G,,2]D,2 G,2B,2 D2B,2 |
G,2D,2 [c2e2A,,2][dE,]c [d2A,2]E,2d | [B2e2G,,2][d2D,2] [G2c2G,2]D,2d [AeF,,]dC,2<c2 | F,2[dC,]e [c2e2E,,2][d2C,2] [c2E,2][d2C,2] | [F2A2c2D,,2]A,,2 D,2F,2 A,2ef |
[B2d2g2]fe [G2B2d2G,,2]D,2 G,2D2 | B,2B2 [c2D,2]d2 [c2C,2][e2g2G,2] | C2[c2G,2] [B2B,,2][d2g2G,2] B,2[B2G,2] | [F2A2F,,2][f2C,2]<f2 F,2[A2C,2] [D2G2G,,2][B2D,2] |
[c2G,2][d2D,2] [c2C,2][e2g2G,2] C2[c2G,2] | [B2B,,2][d2g2G,2] B,2[B2G,2] [F2A2F,,2][f2C,2]<f2 | F,2[A2C,2] [D2G2G,,2][B2D,2] [c2G,2][d2D,2] | [c2C,2][d2g2G,2] C2G,2 B,,2G,2 |
B,2[g2G,2] [f2a2F,,2][g2C,2]<f2 F,2[e2A,2]<f2 | C2[e2A,2]<d2 F,2[c2C,2] [A2d2D,2]A,2 | D2[c2A,2] [c2f2C,2][e2A,2]<d2 C2[c2A,2] | [B2d2G,,2]D,2 G,2[c2D,2] [d2f2G,,2][e2D,2] |
[c2G,2][d2D,2] [c2C,2][G2G,2] [G2C2]G,2A | [G2B,,2]G,2 B,2[E2G,2] [F2F,,2][E2C,2] | [D2F,2][C2C,2] [D2G,,2]D,2 G,2D,2 | [E2C,2][G2G,2] [G2C2]G,2A [G2B,,2]G,2 |
B,2[E2G,2] [F2F,,2][E2C,2] [D2F,2][C2C,2] | [G,,2G,2]D,2 G,2D,2 [E2C,2][G2G,2] | [G2C2]G,2A [G2B,,2]G,2 B,2[E2G,2] | [F2F,,2][E2C,2] [D2F,2][C2C,2] [D2G,,2]D,2 |
G,2D,2 [E2C,2][G2G,2] [G2C2]G,2A | [G2B,,2]G,2 B,2[E2G,2] [F2F,,2][E2C,2] | [D2F,2][C2C,2] [G,8C8C,,8G,,8C,8] |","['Soul', 'Classical', 'Rap', 'Ambient']",Rap,2,Choose the most probable genre label of the provided score.
Rap_Latin Hip Hop_Cartel_Wasted.abc,"X:1
M:3/4
L:1/16
K:Ebdor
[D16F16] B,16 | [F14B,14] E14 |[B,2D2F2] | [F8B,8] C8 F8 [B,8E8] |
[F16D16] B,16 | [F16D16] B,16 | [F14B,14] E14 |[F2B,2D2] [F8B,8] C8 [F8B,8E8] |
[F528D528B,528] | [B,,4D4B,4F4] | [D2B,2F2]>[B,2D2F2] B,,[B,2F2D2]B,, [B,2D2F2][D2B,2F2] | [B,4E4F4E,4] [E2F2B,2]>[B,2E2F2] E,[E2F2B,2]E, |
[E2B,2F2][D2B,2F2] [B,4C4F,4F4] [B,2C2F2]>[B,2C2F2] | F,[B,2C2F2]F, [C2B,2F2][E2C2B,2] [D4B,,4B,4F4] | [B,,2B,2F2D2]>[D2B,2F2] B,,[B,2D2F2]B,, [B,2D2F2][B,2D2] | [B,,4D4B,4F4] [D2B,2F2]>[B,2D2F2] B,,[B,2F2D2]B,, |
[B,2D2F2][D2B,2F2] [B,4E4F4E,4] [E2F2B,2]>[B,2E2F2] | E,[E2F2B,2]E, [E2B,2F2][D2B,2F2] [B,4C4F,4F4] | [B,2C2F2]>[B,2C2F2] F,[B,2C2F2]F, [C2B,2F2][E2C2B,2] | [D4B,,4B,4F4] [B,,2B,2F2D2]>[D2B,2F2] B,,[B,2D2F2]B,, |
[B,2D2F2][B,2D2] [B,,4D4B,4F4] [D2B,2F2]>[B,2D2F2] | B,,[B,2F2D2]B,, [B,2D2F2][D2B,2F2] [B,4E4F4E,4] | [E2F2B,2]>[B,2E2F2] E,[E2F2B,2]E, [E2B,2F2][D2B,2F2] | [B,4C4F,4F4] [B,2C2F2]>[B,2C2F2] F,[B,2C2F2]F, |
[C2B,2F2][E2C2B,2] [D4B,,4B,4F4] [B,,2B,2F2D2]>[D2B,2F2] | B,,[B,2D2F2]B,, [B,2D2F2][B,2D2] [B,,4D4B,4F4] | [D2B,2F2]>[B,2D2F2] B,,[B,2F2D2]B,, [B,2D2F2][D2B,2F2] | [B,4E4F4E,4] [E2F2B,2]>[B,2E2F2] E,[E2F2B,2]E, |
[E2B,2F2][D2B,2F2] [B,4C4F,4F4] [B,2C2F2]>[B,2C2F2] | F,[B,2C2F2]F, [C2B,2F2][E2C2B,2] [D4B,,4B,4F4] | [B,,2B,2F2D2]>[D2B,2F2] B,,[B,2D2F2]B,, [B,2D2F2][B,2D2] | [B,,4D4B,4F4] [D2B,2F2]>[B,2D2F2] B,,[B,2F2D2]B,, |
[B,2D2F2][D2B,2F2] [B,4E4F4E,4] [E2F2B,2]>[B,2E2F2] | E,[E2F2B,2]E, [E2B,2F2][D2B,2F2] [B,4C4F,4F4] | [B,2C2F2]>[B,2C2F2] F,[B,2C2F2]F, [C2B,2F2][E2C2B,2] | [D4B,,4B,4F4] [B,,2B,2F2D2]>[D2B,2F2] B,,[B,2D2F2]B,, |
[B,2D2F2][B,2D2] [B,,4D4B,4F4] [D2B,2F2]>[B,2D2F2] | B,,[B,2F2D2]B,, [B,2D2F2][D2B,2F2] [B,4E4F4E,4] | [E2F2B,2]>[B,2E2F2] E,[E2F2B,2]E, [E2B,2F2][D2B,2F2] | [B,4C4F,4F4] [B,2C2F2]>[B,2C2F2] F,[B,2C2F2]F, |
[C2B,2F2][E2C2B,2] [D4B,,4B,4F4] [B,,2B,2F2D2]>[D2B,2F2] | B,,[B,2D2F2]B,, [B,2D2F2][B,2D2] [B,,4D4B,4F4] | [D2B,2F2]>[B,2D2F2] B,,[B,2F2D2]B,, [B,2D2F2][D2B,2F2] | [B,4E4F4E,4] [E2F2B,2]>[B,2E2F2] E,[E2F2B,2]E, |
[E2B,2F2][D2B,2F2] [B,4C4F,4F4] [B,2C2F2]>[B,2C2F2] | F,[B,2C2F2]F, [C2B,2F2][E2C2B,2] [D4B,,4B,4F4] | [B,,2B,2F2D2]>[D2B,2F2] B,,[B,2D2F2]B,, [B,2D2F2][B,2D2] | [B,,4D4B,4F4] [D2B,2F2]>[B,2D2F2] B,,[B,2F2D2]B,, |
[B,2D2F2][D2B,2F2] [B,4E4F4E,4] [E2F2B,2]>[B,2E2F2] | E,[E2F2B,2]E, [E2B,2F2][D2B,2F2] [B,4C4F,4F4] | [B,2C2F2]>[B,2C2F2] F,[B,2C2F2]F, [C2B,2F2][E2C2B,2] | [D4B,,4B,4F4] [B,,2B,2F2D2]>[D2B,2F2] B,,[B,2D2F2]B,, |
[B,2D2F2][B,2D2] [B,,4D4B,4F4] [D2B,2F2]>[B,2D2F2] | B,,[B,2F2D2]B,, [B,2D2F2][D2B,2F2] [B,4E4F4E,4] | [E2F2B,2]>[B,2E2F2] E,[E2F2B,2]E, [E2B,2F2][D2B,2F2] | [B,4C4F,4F4] [B,2C2F2]>[B,2C2F2] F,[B,2C2F2]F, |
[C2B,2F2][E2C2B,2] [D4B,,4B,4F4] [B,,2B,2F2D2]>[D2B,2F2] | B,,[B,2D2F2]B,, [B,2D2F2][B,2D2] [B,,4D4B,4F4] | [D2B,2F2]>[B,2D2F2] B,,[B,2F2D2]B,, [B,2D2F2][D2B,2F2] | [B,4E4F4E,4] [E2F2B,2]>[B,2E2F2] E,[E2F2B,2]E, |
[E2B,2F2][D2B,2F2] [B,4C4F,4F4] [B,2C2F2]>[B,2C2F2] | F,[B,2C2F2]F, [C2B,2F2][E2C2B,2] [D4B,,4B,4F4] | [B,,2B,2F2D2]>[D2B,2F2] B,,[B,2D2F2]B,, [B,2D2F2][B,130D130] | [B,,4D4B,4F4] |
[D2B,2F2]>[B,2D2F2] B,,[B,2F2D2]B,, [B,2D2F2][D2B,2F2] | [B,4E4F4E,4] [E2F2B,2]>[B,2E2F2] E,[E2F2B,2]E, | [E2B,2F2][D2B,2F2] [B,4C4F,4F4] [B,2C2F2]>[B,2C2F2] | F,[B,2C2F2]F, [C2B,2F2][E2C2B,2] [D4B,,4B,4F4] |
[B,,2B,2F2D2]>[D2B,2F2] B,,[B,2D2F2]B,, [B,2D2F2][B,2D2] | [B,,4D4B,4F4] [D2B,2F2]>[B,2D2F2] B,,[B,2F2D2]B,, | [B,2D2F2][D2B,2F2] [B,4E4F4E,4] [E2F2B,2]>[B,2E2F2] | E,[E2F2B,2]E, [E2B,2F2][D2B,2F2] [B,4C4F,4F4] |
[B,2C2F2]>[B,2C2F2] F,[B,2C2F2]F, [C2B,2F2][E2C2B,2] | [D4B,,4B,4F4] [B,,2B,2F2D2]>[D2B,2F2] B,,[B,2D2F2]B,, | [B,2D2F2][B,2D2] [B,,4D4B,4F4] [D2B,2F2]>[B,2D2F2] | B,,[B,2F2D2]B,, [B,2D2F2][D2B,2F2] [B,4E4F4E,4] |
[E2F2B,2]>[B,2E2F2] E,[E2F2B,2]E, [E2B,2F2][D2B,2F2] | [B,4C4F,4F4] [B,2C2F2]>[B,2C2F2] F,[B,2C2F2]F, | [C2B,2F2][E2C2B,2] [D4B,,4B,4F4] [B,,2B,2F2D2]>[D2B,2F2] | B,,[B,2D2F2]B,, [B,2D2F2][B,2D2] [B,,4D4B,4F4] |
[D2B,2F2]>[B,2D2F2] B,,[B,2F2D2]B,, [B,2D2F2][D2B,2F2] | [B,4E4F4E,4] [E2F2B,2]>[B,2E2F2] E,[E2F2B,2]E, | [E2B,2F2][D2B,2F2] [B,4C4F,4F4] [B,2C2F2]>[B,2C2F2] | F,[B,2C2F2]F, [C2B,2F2][E2C2B,2] [D4B,,4B,4F4] |
[B,,2B,2F2D2]>[D2B,2F2] B,,[B,2D2F2]B,, [B,2D2F2][B,2D2] | [B,,4D4B,4F4] [D2B,2F2]>[B,2D2F2] B,,[B,2F2D2]B,, | [B,2D2F2][D2B,2F2] [B,4E4F4E,4] [E2F2B,2]>[B,2E2F2] | E,[E2F2B,2]E, [E2B,2F2][D2B,2F2] [B,4C4F,4F4] |
[B,2C2F2]>[B,2C2F2] F,[B,2C2F2]F, [C2B,2F2][E2C2B,2] | [D4B,,4B,4F4] [B,,2B,2F2D2]>[D2B,2F2] B,,[B,2D2F2]B,, | [B,2D2F2][B,2D2] [B,,4D4B,4F4] [D2B,2F2]>[B,2D2F2] | B,,[B,2F2D2]B,, [B,2D2F2][D2B,2F2] [B,4E4F4E,4] |
[E2F2B,2]>[B,2E2F2] E,[E2F2B,2]E, [E2B,2F2][D2B,2F2] | [B,4C4F,4F4] [B,2C2F2]>[B,2C2F2] F,[B,2C2F2]F, | [C2B,2F2][E2C2B,2] [D4B,,4B,4F4] [B,,2B,2F2D2]>[D2B,2F2] | B,,[B,2D2F2]B,, [B,2D2F2][B,2D2] [B,,4D4B,4F4] |
[D2B,2F2]>[B,2D2F2] B,,[B,2F2D2]B,, [B,2D2F2][D2B,2F2] | [B,4E4F4E,4] [E2F2B,2]>[B,2E2F2] E,[E2F2B,2]E, | [E2B,2F2][D2B,2F2] [B,4C4F,4F4] [B,2C2F2]>[B,2C2F2] | F,[B,2C2F2]F, [C2B,2F2][E2C2B,2] [D4B,,4B,4F4] |
[B,,2B,2F2D2]>[D2B,2F2] B,,[B,2D2F2]B,, [B,2D2F2][B,2D2] | [B,,4D4B,4F4] [D2B,2F2]>[B,2D2F2] B,,[B,2F2D2]B,, | [B,2D2F2][D2B,2F2] [B,4E4F4E,4] [E2F2B,2]>[B,2E2F2] | E,[E2F2B,2]E, [E2B,2F2][D2B,2F2] [B,4C4F,4F4] |
[B,2C2F2]>[B,2C2F2] F,[B,2C2F2]F, [C2B,2F2][E2C2B,2] | [D4B,,4B,4F4] [B,,2B,2F2D2]>[D2B,2F2] B,,[B,2D2F2]B,, | [B,2D2F2][B,D] |","['Folk', 'Rap', 'Latin', 'Country']",Rap,1,Choose the most probable genre label of the provided score.
Rap_Atl Trap_Mal_Pensiero DAmore.abc,"X:1
M:3/4
L:1/16
K:Ddor
[G,10C,10C10E,10C,,10G10C,10E10c10C,,10] |G,0<[^G,0D0C,0A,0] [=G,,2C2][F,11F,,,11A,11F,,11F,,,11F,,11C11F11A11] |D,[F,2_B,2B,,,2] | [F,2A,2A,,,2]F,2 [E,4G,4C4C,,4] [G6C,6E6c6C,,6] |G,0<[^G,0D0A,0C,0] [=G,2C2][F,11A,11F,,11F,,,11F,,11C11F11A11F,,,11] |
D,[_B,,,2F,2B,2] [F,,4F,4C,4A,4] | [_B,,4D,4B,4B,,,4D4] B,,4 B,,2D,2 F,2 B,,2 |_B,C,, C,0 [^D,4G,4] C4 C,4 [CC,G,D] |D[^D0C0G,0] C,2G,,F,, F,,,0 [F,4A,4C4] F,,4 |
[F,F,,]G,_B,C F,,F,G,2F,,2 | [_B,,,0C0][F,2B,2] B,,2D,2 B,,2D,2 | _B,,[B,0G,0^D,0]F,,2 [B,,4=D,4F,4B,,,4] B,,4 | _B,,2D,F, [F,,2B,2][B,,,D]C,,0 [^D,0G,0]< C,0 C4 C,3 |
G,0C [^DC,]=DG,[G,2C2^D2] C,2G,,F,, | [A,4C4F,,,4] F,,4 F,,2C,F, | [F,,2A,2][F,,,C,C]F,, [G,2G,,,2G,,2D2B,2]G,2 [G,2G,,,2G,,2D2B,2][G,,,2G,,2G,2] | [G,2G,,2G,,,2D2B,2][G,,2G,,,2G,2] [G,,2G,,,2G,2B,2D2][G,,2G,2G,,,2B,2] [G,2C,2C2E2C,,2]G,2 |
[G,2C,2C2E2]G,C, [G,2C2E2C,,2]G,2 [G,2C,2E2C2]G,2 | [A,2D,2D2F2D,,2]A,2 [A,2D,2D2F2]A,D, [A,2D,,2D2F2][A,2D,,2] | [A,2D,2D2F2]A,2 [A,2F,,2C2F2F,,,2]A,2 [A,2F,,2C2F2]A,F,, | [G,2G,,2G,,,2B,2D2][G,2G,,,2] [G,2G,,2B,2D2]G,2 [G,2C,2E2C2C,,2]G,2 |
[G,2C,2E2C2]G,C, [G,2C,,2E2C2][G,2C,,2] [G,2C,2C2E2]G,C, | [G,2E2C2C,,2]G,2 [G,2C,2E2C2]G,C, [G,2C,,2E2C2][G,2C,,2] | [G,2C,2E2C2]G,2 [A,2D,2D2F2D,,2]A,2 [A,2D,2D2F2]A,D, | [A,2D,,2D2F2][A,2D,,2] [A,2D,2D2F2]A,F,, [A,2C2F2F,,,2]A,2 |
[A,2F,,2C2F2]A,F,, [G,2G,,,2G,,2B,2D2][G,2G,,,2] [G,2G,,2B,2D2][G,,2G,2] | [G,2C,2C2E2C,,2]G,2 [G,2C,2E2C2]G,C, [G,2C,,2E2C2][G,2C,,2] | [C,2C2G,2E2][F,,,18F,18A,18C18F,,18] | [_B,,4D,4B,4B,,,4D4] B,,4 |
_B,,2D,2 F,2 B,,2B,C,, C,0 [^D,4G,4] C4 | C,4 [CC,G,^D]=D[^D0C0G,0] C,2 |G,,F,, F,,,0 [F,4A,4C4] F,,4 [F,F,,] |G,_B,C F,,F,G,2F,,2 [B,,,0C0][F,2B,2] |
_B,,2D,2 B,,2D,2 B,,[B,0G,0^D,0]F,,2 | [_B,,4D,4F,4B,,,4] B,,4 B,,2D,F, | [F,,2_B,2][B,,,D]C,,0 [^D,0G,0]< C,0 C4 C,3G,0C [DC,] |DG,[G,2C2^D2] C,2G,,F,, [A,4C4F,,,4] |
F,,4 F,,2C,F, [F,,2A,2][F,,,C,C]F,, | [G,2G,,,2G,,2D2B,2]G,2 [G,2G,,,2G,,2D2B,2][G,,,2G,,2G,2] [G,2G,,2G,,,2D2B,2][G,,2G,,,2G,2] | [G,,2G,,,2G,2B,2D2][G,,2G,2G,,,2B,2] [G,2C,2C2E2C,,2]G,2 [G,2C,2C2E2]G,C, | [G,2C2E2C,,2]G,2 [G,2C,2E2C2]G,2 [A,2D,2D2F2D,,2]A,2 |
[A,2D,2D2F2]A,D, [A,2D,,2D2F2][A,2D,,2] [A,2D,2D2F2]A,2 | [A,2F,,2C2F2F,,,2]A,2 [A,2F,,2C2F2]A,F,, [G,2G,,2G,,,2B,2D2][G,2G,,,2] | [G,2G,,2B,2D2]G,2 [G,2C,2E2C2C,,2]G,2 [G,2C,2E2C2]G,C, | [G,2C,,2E2C2][G,2C,,2] [G,2C,2C2E2]G,C, [G,2E2C2C,,2]G,2 |
[G,2C,2E2C2]G,C, [G,2C,,2E2C2][G,2C,,2] [G,2C,2E2C2]G,2 | [A,2D,2D2F2D,,2]A,2 [A,2D,2D2F2]A,D, [A,2D,,2D2F2][A,2D,,2] | [A,2D,2D2F2]A,F,, [A,2C2F2F,,,2]A,2 [A,2F,,2C2F2]A,F,, | [G,2G,,,2G,,2B,2D2][G,2G,,,2] [G,2G,,2B,2D2][G,,2G,2] [G,2C,2C2E2C,,2]G,2 |
[G,2C,2E2C2]G,C, [G,2C,,2E2C2][G,2C,,2] [C,2C2G,2E2][F,,,18F,18A,18C18F,,18] | [_B,,4D,4B,4B,,,4D4] B,,4 B,,2 |D,2 F,2 _B,,2B,C,, C,0 [^D,4G,4] C4 | C,4 [CC,G,^D]=D[^D0C0G,0] C,2G,,F,, F,,,0 [F,4A,4C4] |
F,,4 [F,F,,]G,_B,C | F,,F,G,2F,,2 [_B,,,0C0][F,2B,2] B,,2D,2 B,,2 |D,2 _B,,[B,0G,0^D,0]F,,2 [B,,4=D,4F,4B,,,4] | _B,,4 B,,2D,F, [F,,2B,2][B,,,D]C,,0 [^D,0G,0]< C,0 |
C4 C,3G,0C [^DC,]=DG,[G,2C2^D2] C,2 |G,,F,, [A,4C4F,,,4] F,,4 | F,,2C,F, [F,,2A,2][F,,,C,C]F,, [G,2G,,,2G,,2D2B,2]G,2 | [G,2G,,,2G,,2D2B,2][G,,,2G,,2G,2] [G,2G,,2G,,,2D2B,2][G,,2G,,,2G,2] [G,,2G,,,2G,2B,2D2][G,,2G,2G,,,2B,2] |
[G,2C,2C2E2C,,2]G,2 [G,2C,2C2E2]G,C, [G,2C2E2C,,2]G,2 | [G,2C,2E2C2]G,2 [A,2D,2D2F2D,,2]A,2 [A,2D,2D2F2]A,D, | [A,2D,,2D2F2][A,2D,,2] [A,2D,2D2F2]A,2 [A,2F,,2C2F2F,,,2]A,2 | [A,2F,,2C2F2]A,F,, [G,2G,,2G,,,2B,2D2][G,2G,,,2] [G,2G,,2B,2D2]G,2 |
[G,2C,2E2C2C,,2]G,2 [G,2C,2E2C2]G,C, [G,2C,,2E2C2][G,2C,,2] | [G,2C,2C2E2]G,C, [G,2E2C2C,,2]G,2 [G,2C,2E2C2]G,C, | [G,2C,,2E2C2][G,2C,,2] [G,2C,2E2C2]G,2 [A,2D,2D2F2D,,2]A,2 | [A,2D,2D2F2]A,D, [A,2D,,2D2F2][A,2D,,2] [A,2D,2D2F2]A,F,, |
[A,2C2F2F,,,2]A,2 [A,2F,,2C2F2]A,F,, [G,2G,,,2G,,2B,2D2][G,2G,,,2] | [G,2G,,2B,2D2][G,,18G,18] | [A,2D,2D2^F2D,,2]A,2 | [A,2D,2D2^F2]A,D, [A,2D2F2D,,2]A,2 [A,2D,2F2D2]A,2 |
[B,2E,2E2G2E,,2]B,2 [B,2E,2E2G2]B,E, [B,2E,,2E2G2][B,2E,,2] | [B,2E,2E2G2]B,2 [B,2G,,2D2G2G,,,2]B,2 [B,2G,,2D2G2]B,G,, | [A,2A,,2A,,,2^C2E2][A,2A,,,2] [A,2A,,2C2E2]A,2 [A,2D,2^F2D2D,,2]A,2 | [A,2D,2^F2D2]A,D, [A,2D,,2F2D2][A,2D,,2] [A,2D,2D2F2]A,D, |
[A,2D,2D2^F2D,,2]A,2 [A,2D,2D2F2]A,D, [A,2D2F2D,,2]A,2 | [A,2D,2^F2D2]A,2 [B,2E,2E2G2E,,2]B,2 [B,2E,2E2G2]B,E, | [B,2E,,2E2G2][B,2E,,2] [B,2E,2E2G2]B,2 [B,2G,,2D2G2G,,,2]B,2 | [B,2G,,2D2G2]B,G,, [A,2A,,2A,,,2^C2E2][A,2A,,,2] [A,2A,,2C2E2]A,2 |
[A,2D,2^F2D2D,,2]A,2 [A,2D,2F2D2]A,D, [A,2D,,2F2D2][A,2D,,2] | [A,2D,2D2^F2]A,D, [A,2D,2D2F2D,,2]A,2 [A,2D,2D2F2]A,D, | [A,2D2^F2D,,2]A,2 [A,2D,2F2D2]A,2 [B,2E,2E2G2E,,2]B,2 | [B,2E,2E2G2]B,E, [B,2E,,2E2G2][B,2E,,2] [B,2E,2E2G2]B,2 |
[B,2G,,2D2G2G,,,2]B,2 [B,2G,,2D2G2]B,G,, [A,2A,,2A,,,2^C2E2][A,2A,,,2] | [A,2A,,2^C2E2]A,2 [A,2D,2^F2D2D,,2]A,2 [A,2D,2F2D2]A,D, | [A,2D,,2^F2D2][A,2D,,2] [A,2D,2D2F2]A,D, [A,2D,2D2F2D,,2]A,2 | [A,2D,2D2^F2]A,D, [A,2D2F2D,,2]A,2 [A,2D,2F2D2]A,2 |
[B,2E,2E2G2E,,2]B,2 [B,2E,2E2G2]B,E, [B,2E,,2E2G2][B,2E,,2] | [B,2E,2E2G2]B,2 [B,2G,,2D2G2G,,,2]B,2 [B,2G,,2D2G2]B,G,, | [A,2A,,2A,,,2^C2E2][A,2A,,,2] [A,2A,,2C2E2]A,2 [A,2D,2^F2D2D,,2]A,2 | [A,2D,2^F2D2]A,D, [A,2D,,2F2D2][A,2D,,2] [A,2D,2D2F2]A,D, |","['Rap', 'Pop', 'Jazz', 'Latin']",Rap,0,Choose the most probable genre label of the provided score.
Rap_Hip Hop Tuga_Mind Da Gap_Nocturnos.abc,"X:1
M:3/4
L:1/16
K:Em
[bb] [gg][ff][e15e15][B14B14] | [c'c'] [aa][ff][e110e110][c110c110] | [B,B,] [E0E0]< [F0F0] [B0B0A0A0][e15e15][f15f15][a15a15][b15b15] | [G0E0G0E0B0B,0B0B,0] [E,16E,16] | [A,0A,0] |
[D0D0D,0A0F0D,0A0F0] [E4B,4E4B,4G4G4] | [E,4E,4] [G,4G,4] [A,8A,8] [D8F8D8F8C,8C,8] | [B,8B,8E8E8] [G8C,8G8C,8] [B,0E0F0B,0E0F0] [B,,16B,,16] | [G16E16G16E16B,16E,16B16B,16E,16B16] |
[D12F12A,12D12F12A,12D,12D,12] [A12A12] | [B,4B4E4G4B,4B4E4G4] [E,4E,4] [D8D8] [A8F8A8F8C,8C,8] | [G8C,8E8B,8G8C,8E8B,8] | [B,0B,0E0F0E0F0] [B,,16B,,16] |
[E0G0E0G0] [E,16B16E,16B16] | [A12D12F12A12D12F12D,12D,12] | [B4E4G4B4E4G4E,4E,4] [C,8A8D8F8C,8A8D8F8] | [B8E8B8E8] [C,8G8C,8G8] |
[B,71E71B,71E71F71F71] [B,,71B,,71] |B e8 f8 a8 b8 | [E16G16E16G16] [B16B16] | [G12E12B12G12E12B12] |
[B4F4^D4B4F4D4] [E8B8G8E8B8G8] | [B4F4^D4B4F4D4] [E4B4G4E4B4G4] [G8G8B8B8] | [E8E8] [B7B7^D7D7] [F7F7] | [D8D8] [=F8F8] [^G7G7] [B7B7][CC][E8E8] [A8A8] [c7c7] |
[D9D9] [F8F8] [A8A8] [c8c8] | [D8D8] [G8G8] [B8B8] [B4E4G4B4E4G4] | [B4G4^D4B4G4D4] [=D4G4B4D4G4B4] | [B4E4^C4B4E4C4] [=C8A8F8C8A8F8] [B,0B,0] [^D8F8D8F8] [B8B8] |
[G12G12E12B12E12B12] | [D4D4F4F4] [A4A4] | [D4G4D4G4B4B4] [c4E4G4c4E4G4] [B8^D8F8B8D8F8] | [E16E16G16B16G16B16] |
[G8G8E8B8E8B8] | [B4^D4B4D4F4F4] [G4G4E4B4E4B4] | [bb][gg][ff][e15e15][B14B14] | [e'e'] [c'c'][b15b15][a15a15][e14e14] |
[B,4B,4B,,4B,,4]<[B,,4B,,4][B,6B,6] | [B,,4B,4B,,4B,4]<[B,,4B,,4][B,6B,6] [B,B,] | [B,,2B,,2]<[B,,2B,2B,,2B,2] [B,,2B,2B,,2B,2]<[B,,2B,,2][B,3B,3] [B,,2B,2B,,2B,2][B,,2B,,2][B,2B,2] | [B,,2B,2B,,2B,2][B,B,][E,E,][G,G,] [E16E16] [B,16B,16] [F15F15] [G15G15] [B15B15] |
[A,A,] [EE] [A0A0]< [C0B0C0B0] [c16c16] [e16e16] | [A,4A4A,4A4] [B,4B4B,4B4] [c4c4] [C4C4] | [E4E4] [e4e4] [F4f4F4f4] [a4A4a4A4] [B4B4] | [b4b4] [c'4c'4] [c4c4] [b16b16B16B16] |
[B,16B16E16G16B,16B16E16G16] [E,15E,15] | [D,11D,11] [D11D11] [A,11A11F11A,11A11F11] [d11d11] |[E,4E,4][G,4E4G,4E4] [G4G4] [B,4B,4B4B4] [e2e2]>[C,2C,2] [D8D8] [F,7F,7] [F7F7A,7A7A,7A7] [d7d7] |[C,C,] [G,8G,8] [E8E8] [B,8G8B,8G8] [B8B8] [e7e7] [B,0B,0] [E16E16] |
[B,,16B,,16B16B16] | [G,15G,15] [B,15E15B,15E15E,,15E,,15] [E,15E,15] |[D,,D,,] [D,12D,12] [D12A,12D12A,12F12F12] | [B,4B,4E4G4E4G4] [E,,4E,,4] [E,4E,4] [A,8F8A,8F8] |
[C,8D8C,8D8] [G8E8B,8G8E8B,8] [C,7C,7] | [B,0B,0]< [E0E0] [B,,16F16B,,16F16] | [G0E0G0E0]< [B0B0E,0E,,0E,0E,,0] | [D12A,12F12D12A,12F12D,,12D,12D,,12D,12] |
[B,4B,4E4E4] [E,,4E,4G4E,,4E,4G4] [A,8A,8D8D8] [C,8F8C,8F8] | [B,8B,8G8E8G8E8] [C,8C,8] [B,48F48B,48F48] [E48E48] [B,,48B,,48] | Befg | b8 c'2a2 b4 |
b2>[B2B2] [e9e9] [f8f8] [a8a8] [b8b8] | [E16G16B16E16G16B16] | [G12G12E12B12E12B12] | [B4B4] [^D4F4D4F4] |
[E8G8B8E8G8B8] [B4^D4B4D4] [F4F4] | [G4G4E4B4E4B4] [G8E8G8E8B8B8] | [B8F8^D8B8F8D8] [=D8D8] [=F8F8] [^G8G8] [B8B8] | [E8E8] [A7A7] [c7c7][D8D8] [F8F8A8A8] |
[c7c7] [D8D8] [G8G8] [B8B8] | [G4E4G4E4B4B4] [G4^D4G4D4B4B4] [G4=D4B4G4D4B4] | [B4E4^C4B4E4C4] [=C8C8A8F8A8F8] | [B,8^D8B,8D8] [B8B8F8F8] [B12E12G12B12E12G12] |
[D4F4D4F4A4A4] | [G4B4G4B4D4D4] [c4c4G4E4G4E4] | [B8B8] [F8^D8F8D8] [E16G16B16E16G16B16] | [E8G8B8E8G8B8] [B4^D4F4B4D4F4] [E4E4G4G4] [B4B4] |
[bb][gg][ff][e15e15][B14B14] | [e'e'] [c'2c'2][b7b7][a6a6][e6e6] |","['Country', 'Latin', 'Rap', 'Ambient']",Rap,2,Choose the most probable genre label of the provided score.
Rap_Pittsburgh Rap_Miss Money_Get Here.abc,"X:1
M:3/4
L:1/16
K:Bb
E,2F,2B,6F5 | E,2F,2B,6F5 | D,2F,2B,6F5 [D,0d0G,0B0][ce][dB][Ac] | [d2B2]DB, [e3C,3G,3]e2EdB | [C,0e0F,0]dB4C2 E,2F,2B,6F5 |
E,2F,2B,F5 | D,2F,2B,6F5 [dD,G,B][ce][Bd][Ac] | [d2B2]DB, [e3C,3G,3]e2EdB | [eC,F,]dB4C2 E,2F,2B,6F5 |
E,2F,2B,F5 | D,2F,2B,6F5 [G,0d0D,0B0][ce][dB][Ac] | [d4B4] [C3G3e3C,3][C5G5e5] | [F,8G8e8B8] [F3A3c3][d2G2B2] |
f3 [F3A3c3][G3d3B3]F,2 | E,2F,2B,6F5 E,2F,2B,6F5 | D,F,2B,F5 | [dD,G,B][ce][dB][Ac] [d4B4] [C3G3e3C,3][C5G5e5] |
[G8F,8e8B8] | [D2B,,2B,2]ED2ED10 | E,2F,2B,6F5 | E,2F,2B,6F5 D,2F,2B,6F5 |
[dD,G,B][ec][Bd][cA] [d4B4] | [G3C,3C3e3][C5G5e5] [F,8G8e8B8] | [F3A3c3][G2d2B2]f3 | [A3F3c3][G3d3B3]F,2 E,2F,B,6F5 |
E,2F,B,6F5 | D,2F,2B,6F5 [d0G,0D,0B0][ec][dB][cA] | [d4B4] [C3C,3G3e3][C5G5e5] | [F,8G8e8B8] [B,,8F,8B,8D8] |
[C4G,4E4] [B,4D4F4] | [B,6E6G6]DB [E,8G,8C8] | [D12F12A12] | [A,4D4F4] [G5B,5D5] |
GdB [D8G8c8] | [D13G13B13] |[G3d3f3B3] [E16G16c16B16] | [E,7B,7] |
DC B,0 C4 E,,DG3 |F4cBA B2>G,2 | B,CDF E2D2<E2DB, | EDB,5G, B,0 C2C2 C0 |
D2D2D ((3F2D2F2)((3G2F2G2) ((3B2G2B2)((3c2B2c2) | [^c2G2] d[c0G0]dB =c8 | g2>f2 [c0e0] f5c'ba | b5cdf e2d2<e2 |
dB edB5B | [B,,8D8F8B8] [G,4C4E4] | [A,4D4F4] [B,6E6G6]dB | [E8G8c8] [D12F12A12] |
[A,4D4F4] | [D5B,5G5]D,G,B, [B,8D8F8] | [B,4G,4D4] [D9G9B9] |[G3d3f3B3] [E24c24G24B24] |
B,8 [C8E8] | [B,8D8F,8] | [D4B,4G,4]>D4B, [G0C0E0C,0][G5C5E5] | [F,8C8E8G8] |
[D3C3G,3][G,5B,5D5] [C3D3G,3][G,5B,5D5] | [E8B8] | [f0c0] d4 [D8B8] | [D8G8B8] |
[C8E8G8] [F,8C8E8G8] | [E,11B,11D11F11] |E,5 [B,4D4F4] [B,8D8F8D,8] | [G,0B,0D0D,0] |
[C,0E0C0G0B0]D2<E2 C,2DB, [E0F,0C0G0B0]DB,2 | F,4 [F0E,0B,0D0E,,0]E, | [D4F4B,4] [B,4D4F4E,4] [D8F8B,8D,,8D,8] | [G,0B,0D0G,,0] |
[E0C,0C0G0B0]D2<E2DB, [E0C0G0F,0B0]DB,4 |C2 [E,7B,7D7F7E,,7]E, | [D4F4B,4] [D4E,4B,4F4] [F0D,,0D0B,0D,0] | [D,8G,8B,8D8G,,8] |
[C,4G4C,,4C4E4] B4 [F,,40F,40C40E40G40B40] | [B,,,24B,,24D,24F,24B,24] |","['Soul', 'Blues', 'Rap', 'Folk']",Rap,2,Choose the most probable genre label of the provided score.
Rap_Trap Latino_BAD_OhI.abc,"X:1
M:3/4
L:1/16
K:Cm
[G,8C8E8] [G,8D8B,8] | [G,8C8E8] | [G,8B,8E8] [C0A,0E0] | G,4 F,4 |
E,4 [F,16B,16D16] | [G,8C8E8] | [G,8B,8D8] | [G,8C8E8] [E8G,8B,8] |
[A,8C8E8] C,8 | [B,8D8G,8] | [F,136D136=B,136] | [D32E32C32G32] |
[A,16F,16E16] C15 |g [B,FG,Db] d'15f'15 | [C32G32E32] | D32 |
[C16F,16A,16] E15 | g0 | [G,0B,0F0b0D0] d'15f'15 | [E,7E7G,7C7] [E7G,7C7][B,0D0D,0] |
[G,2B,2D2]G,2 [E,2C2E2][D,2B,2D2] [E,8C8E8] [G,8C8E8] | [G,2E2B,2][F,0C0F0G,0] [E,2E2B,2][F,2F2C2] [E,0E0A,0]< [C0A,0E0] |[C2F2F,2] [E,0A,0E0] G,4 F,2[F,0C0F0B,0]< [A,0E0E,0] E,2 |[G,2C2G2] [D0F0F,0B,0] [B,2D2F,2][G,4C4E4G4]< [F4F,4B,4D4] |
[C2G,2E2G2] [F,2D2F2B,2][G0E0G,0C0] E,7 [G,7C7E7] |[DD,B,] [G,2B,2D2]G,2 [E,2C2E2][D,2B,2D2] [E8E,8C8] | [G,8C8E8] [E2G,2B,2][C0F0F,0G,0]< [B,0E,0E0] |[F,2F2C2] [E,0A,0E0] [A,2C2E2][F2F,2C2] [E,4A,4E4] |
C,2[C2F2F,2B,2] [E,0A,0E0][C2G2G,2] [F,0B,0D0F0] [D4G,4B,4] [B,,4B,4] | [=B,8B,,8] [D8F,8B,8] [C,160C160] | [C32D32G32] E32 | [A,16C16E16] |
F,15 | g0 [B,DG,b] F d'15f'15 | [G32D32E32] C32 | [F,16A,16C16E16] |
g [FbG,B,D] d'f'15 | [G,7C7E7E,7] | [G,7C7E7][B,DD,] [G,2B,2D2]G,2 [E2E,2C2] |[D,2B,2D2] [C8E,8E8] [G,8C8E8] [G,2E2B,2] |
[G,2C2F2F,2] [G,0E,0E0B,0][C2F2F,2] [E,0A,0E0]< [A,0C0E0][C2F2F,2] [A,0E0E,0] | G,4 F,2[F,2B,2F2C2] [E,0A,0E0] E,2[C2G,2G2] [F,0B,0F0D0] [B,2D2F,2] |[G,4E4G4C4]< [F,4B,4F4D4][C2G,2E2G2] [F,2B,2F2D2] |[G0C0G,0E0] E,7 [E7G,7C7][D,B,D] [G,2D2B,2] |
G,2 [C2E,2E2][D,2D2B,2] [C8E,8E8] [G,8C8E8] | [G,2B,2E2][G,2F2F,2C2] [E,2G,2B,2E2][F,2F2C2] [E,0A,0E0] [A,2E2C2] |[F,2C2F2] [E4E,4A,4] C,2[B,2C2F,2F2] [A,2E2B,2E,2] |[G,2C2G2] [F0F,0B,0D0] [B,4G,4D4] [B,4B,,4] [=B,,8B,8] |
[=B,8D8F,8] [C128C,128] | [E,7C7G,7E7][D,3B,3D3] |G,2 [E,2E2C2][D,2B,2D2] [E,10C10E10] |[G,2F2F,2C2] [E,2G,2E2B,2][F,2C2F2] [A,2E,2E2] |
[F,4C4F4]< [E,4A,4E4][F2F,2B,2C2] [E,2E2A,2] |[G,2C2G2] [B,2F,2D2F2][E4G,4C4G4]< [F,4B,4D4F4] |[G2G,2C2E2] [D2F,2B,2F2][G,2C2E2G2] E,7 |[D3D,3B,3]G,2 [C2E2E,2][D,2B,2D2] [E10E,10C10] |
[F,2G,2C2F2] [G,2E2E,2B,2] |[F,2F2C2] [A,2E2E,2][F,4F4C4]< [E4E,4A,4] |[B,2F,2C2F2] [A,2E,2E2][G,2C2G2] [F,2B,2D2F2][G,4C4E4G4]< [F,4D4B,4F4] |[G,2G2E2C2] [D4F4B,4F,4] [C7E,7G,7E7] [G,7C7E7] |
[B,D,D] [D2G,2B,2]G,2 [E2E,2C2] |[B,2D2D,2] [E8E,8C8] [C8E8G,8] [G,2B,2E2] |[C2F,2G,2F2] [G,2E2E,2B,2][C2F,2F2] [E,0A,0E0]< [E0A,0C0][F,2C2F2] [E0A,0E,0] | G,4 F,2[F,2B,2C2F2] [E,0A,0E0] E,2[G,2C2G2] [B,0D0F,0F0] [F,2D2B,2] |
[C4G4G,4E4]< [D4F,4B,4F4][E2G,2C2G2] [F,2B,2F2D2] |[C0G0G,0E0]< E,0 [C7E7G,7][D,B,D] | [B,2D2G,2]G,2 [E2E,2C2][D,2B,2D2] [C8E,8E8] [E8G,8C8] | [G,2E2B,2][F,2G,2C2F2] [B,2E2E,2G,2][F,2C2F2] [E,0E0A,0] |
[A,2C2E2][F,2C2F2] [E,4E4A,4] C,2[B,2F2F,2C2] [E,2E2A,2] |[G,2C2G2] [F,0B,0D0F0] [G,2B,2D2][G,2C2G2E2] [F,4D4F4B,4] [F,2D2=B,2] |[C2G,2E2G2] [B,4F,4D4F4] [E,7G,7C7E7] [G,7C7E7] |[B,D,D] [D2G,2B,2]G,2 [E2E,2C2][B,2D,2D2] [E,8C8E8] [C8E8G,8] |
[B,2G,2E2][F,2C2G,2F2] [E2G,2E,2B,2] |[C2F,2F2] [E,0A,0E0] [A,2C2E2][C2F2F,2] [E,0E0A,0] G,4 F,2 |[F2F,2B,2C2] [E,0A,0E0] E,2[G,2C2G2] [F,0B,0D0F0] [F,2B,2D2][E4G,4G4C4]< [D4F4F,4B,4] |[G2G,2C2E2] [F,2D2F2B,2][G,0G0C0E0] E,7 [E7G,7C7] |
[D,B,D] [B,2D2G,2]G,2 [C2E2E,2] |[D,2B,2D2] [E,8C8E8] [E8G,8C8] [G,2B,2E2] |[F2F,2G,2C2] [G,2E,2B,2E2][F,2C2F2] [E,0E0A,0] [C2A,2E2][C2F2F,2] [E,4A,4E4] | C,2[C2F,2B,2F2] [A,2E2E,2][C2G2G,2] [F,0D0B,0F0] |
[G,4B,4D4] [B,,4B,4] [=B,,8B,8] [F,8B,8D8] | [C,2C2] |","['Rock', 'Classical', 'Ambient', 'Rap']",Rap,3,Choose the most probable genre label of the provided score.
Rap_Christian Trap_Cortes_She.abc,"X:1
M:3/4
L:1/16
K:Db
[A,2D2D,,2]F,2 [A,2D2]F,2 [A,2D2F,,2]F,2 | [A,2D2]F,2 [G,,4D,4B,4D4] G,4 | [C4A,,4B,4E4] [G,4A,4C4] [A,2D2]F,2 | [A,2D2]F,2 [A,2D2]F,2 [A,2D2]F,2 | [B,2D2]=G,2 [B,2D2]G,2 [B,2D2]G,2 |
[B,2D2]=G,2 [B,2D2]_G,2 [B,2D2]G,2 | [B,2D2]G,2 [B,2D2]G,2 [A,2D2]F,2 | [A,2D2]F,2 [B,2=D2]F,2 [B,2D2]F,2 | [B,2D2E2]G,2 [B,2D2E2]G,2 [B,2D2E2]G,2 |
[B,2D2E2]G,2 [=A,2D2E2]G,2 [A,2D2E2]G,2 | [=A,2D2E2]G,2 [A,2D2E2]G,2 [_A,2D2]F,2 | [A,2D2]F,2 [A,2D2]F,2 [A,2D2]F,2 | [B,2D2]G,2 [B,2D2]G,2 [C4B,4E4] |
[G,4A,4C4] [A,2D2]F,2 =A,0 [_A,2B,2D2]G,2 | [A,4C4B,4E4] [G,4A,4C4] [A,2D2]F,2 | [A,2D2]F,2 [A,2D2]F,2 [A,2D2]F,2 | [B,2D2]=G,2 [B,2D2]G,2 [B,2D2]G,2 |
[B,2D2]=G,2 [B,2D2]_G,2 [B,2D2]G,2 | [B,2D2]G,2 [B,2D2]G,2 [A,2D2]F,2 | [A,2D2]F,2 [B,2=D2]F,2 [B,2D2]F,2 | [B,2D2E2]G,2 [B,2D2E2]G,2 [B,2D2E2]G,2 |
[B,2D2E2]G,2 [=A,2D2E2]G,2 [A,2D2E2]G,2 | [=A,2D2E2]G,2 [A,2D2E2]G,2 [_A,2D2]F,2 | [A,2D2]F,2 [A,2D2]F,2 [A,2D2]F,2 | [B,2D2]G,2 [B,2D2E2]G,2 [C4B,4E4] |
[G,4A,4C4] [A,2D2]F,2 =A,0 [_A,2B,2D2]G,2 | [A,4C4B,4E4] [G,4A,4C4] [A,2D2]F,2 | [A,2D2]F,2 [A,2D2]F,2 [A,2D2]F,2 | [B,2D2]=G,2 [B,2D2]G,2 [B,2D2]G,2 |
[B,2D2]=G,2 [B,2D2]_G,2 [B,2D2]G,2 | [B,2D2]G,2 [B,2D2]G,2 [A,2D2]F,2 | [A,2D2]F,2 [B,2=D2]F,2 [B,2D2]F,2 | [B,2D2E2]G,2 [B,2D2E2]G,2 [B,2D2E2]G,2 |
[B,2D2E2]G,2 [=A,2D2E2]G,2 [A,2D2E2]G,2 | [=A,2D2E2]G,2 [A,2D2E2]G,2 [_A,2D2]F,2 | [A,2D2]F,2 [A,2D2]F,2 [A,2D2]F,2 | [B,2D2]=G,2 [B,2D2E2]G,2 [C4B,4E4] |
[G,4A,4C4] [A,2D2]F,2 [A,2D2]F,2 | [A,2D2]F,2 [A,2D2]F,2 [=A,2D2]=E,2 | [=A,2D2]=E,2 [A,2D2]E,2 [A,2D2]E,2 | [A,2_C2]=E,2 [A,2C2]E,2 [A,2C2]E,2 |
[A,2_C2]=E,2 [G,2=A,2]=D,2 [G,2A,2]D,2 | [G,2=A,2]=D,2 [G,2A,2]D,2 [F,2_A,2]_D,2 | [F,2A,2]D,2 [F,2A,2]D,2 [F,2A,2]D,2 | [G,2=A,2]D,2 [G,2A,2]D,2 [E,2G,2]_C,2 |
[E,2G,2]_C,2 [A,2C2]=E,2 [A,2C2]E,2 | [A,2D2]F,2 [A,2D2]F,2 [B,2D2]=G,2 | [B,2D2]=G,2 [B,2D2]G,2 [B,2D2]G,2 | [B,2D2]=G,2 [B,2D2]G,2 [C2E2]A,2 |
[C4E4] [A,2A,2D2]F,2 [A,2D2]F,2 | [A,2D2]F,2 [A,2D2]F,2 [B,2D2]=G,2 | [B,2D2]=G,2 [B,2D2]G,2 [B,2D2]G,2 | [B,2D2]G,2 [B,2D2]G,2 [B,2D2]G,2 |
[B,2D2]G,2 [A,2D2]F,2 [A,2D2]F,2 | [B,2=D2]F,2 [B,2D2]F,2 [B,2_D2E2]G,2 | [B,2D2E2]G,2 [B,2D2E2]G,2 [B,2D2E2]G,2 | [=A,2D2E2]G,2 [A,2D2E2]G,2 [A,2D2E2]G,2 |
[=A,2D2E2]G,2 [_A,2D2]F,2 [A,2D2]F,2 | [A,2D2]F,2 [A,2D2]F,2 [B,2D2]=G,2 | [B,2D2E2]=G,2 [C4B,4E4] [_G,4A,4C4] | [B,2D2]G,2 [B,2D2]G,2 [B,2D2]G,2 |
[B,2D2]G,2 [A,2D2]F,2 [A,2D2]F,2 | [A,2D2]F,2 [A,2D2]F,2 [B,2D2]G,2 | [B,2D2]G,2 [A,4C4E4] [E,6A,6C6] |[D,16F,16A,16D16] |","['Blues', 'Ambient', 'Rap', 'Jazz']",Rap,2,Choose the most probable genre label of the provided score.
Rap_Miami Hip Hop_DJ Laz_Sabrosura (DJ Laz Bonus Beats).abc,"X:1
M:3/4
L:1/16
K:F
[c0A0f0F0F,,0] f4>[F4f4A4f4] | [e4F4] e4 [A4F4c4C4A,,4c4] [d0B0d0F0B,0B,,0] f2 |d0[F2B2d2B,2B,,2] c0 [F8A8c8A,8A,,8] | [d4F4B4B,4G,,4A4]>A4[A2F2A,2c2G,,2] G0 [B4B,4d4F4C,,4] C0 |
[B4G4e4C4C,,4] F0 [F4A4c4f4F,,4] [C4C,,4] | [F,8F,,8] [A2F,2F,,2F2f2]C2 | [F2A,2C2F2][A2f2] [F2F,2F,,2e2] A,2A2 [A,2C2F,2C,,2c2c2A,2C2F2]A2 | [D4B,,4B,4F,4B,,,4B4d4] [D2d2D2B,2F2]B,,,2 [A,4F,4C4A,,4A,,,4A4c4] |
[C4F4A,4] [D4B,4F,4B,,4B,,,4B4d4] [d2G,2C2E2][C2c2] | [B,,4F,4B,4D4C,,4c4d4] [C,4E4E,,4e4G,4B,4C4E4] [A4G4C4F,4F,,4A4g4] | [A,4C4F4F,4F,,4f4A,4C4F4]>[A,4F4] [C2F,,2G2A,2C2F2][F2A2] | [G4C,4C,,4G4g4] [C2E,,2G,2C2E2][E2e2] [C2G,2G,,2c2]c2 |
[G,2C2C,2C,,2d2c2B,2G,2C2E2]c2 [A,4C4F4F,4F,,4A4f4] [C2A,,2A,2C2F2][A2a2] | [c2C,2c'2]F2 [F2C2F,2F,,2G2f2C2F2A,2]A2 [E4C4G4C,4G,,4G4g4] | [E,,2c2G,2E2C2][E2e2] [C4C,,4c4] [E4C,4E,,4B4e4B,4G,4E4] | [G4F,4C4F,,4B4g4] [C4A,4F,4F4F,,4A4f4C4A,4F4] C,,2D,,2 |
[C2C,2E,,2c2c2C2A,2F2][C,,2c2] [A,4C4C4F,4F4F,,4A4f4] [F,4A,4C4F4E,,4A4f4A,4C4F4] | [F2F,2D,,2A2f2][E2G2e2] [F2C,,2A2f2A,2C2F2][G2B2g2] [C4F,4F4A4F,,4c4a4] | [F,4A4C4F4C,,4c4a4A,4C4F4] [C4A4F4F,4F,,4c4a4] [C2C,,2A2d2A,2C2F2][A2d2] | [D4B,4G4G,4G,,4B4g4] [D4G,4G4B,4F,,4B4g4C4B,4D4G,4] [D2G2G,2E,,2B2g2][F2A2f2] |
[G2D,,2B2g2G,2B,2D2][G2A2c2a2] [B,4C4E4B4C,,4d4b4] [B,4E4C4B4G,,4d4b4G,4C4E4] | [C4E4B,4B4C,,4b4] [D2G,,2d2d2d2G,2C2E2][E2D2] [C4E4C,,4c4e4] | [G,2E2C2][C2E2B,2C,,2c2e2] [D4G,,4B4d4] [C4c4c4G,4B,4C4E4] | [c4A4A,4F,,4A4c'4] [A,2C2F2][F,,2B2] [F,,2c2]F2 |
[F2A2f2C2F2A,2]c2 [G4G,4G,,4B4g4] [d2G,2C2E2][G,,2^f2] | [G4C,,4c4g4] [A4e4a4G,4B,4E4] [A,4C4F4F,,4f4f4] | [A,2f2A,2C2F2A2][C2F,,2d2G2] [A,2D2F2D,,2c2F2]A2 [A,2c2D2F2A,2F2][D,,2F2E2] | [F2B,2D2G,,2B2D2]d2 [f2G,2B,2F2D2F2][G,,2d2] [G,4C4E4C,,4e4E4] |
[c2B,2G,2C2E2C2]C,,2 [C2F2A,2F,,2f2C2A,2F2F2][d2F2] [F2B,2D2C,,2c2B,2D2F2A2][A2c2] | [A,2F2C2F,,2F2A,2C2F2f2]C,,2 D,,2E,,2 [f0A0F,0F,,0F0]C2 | [F2A,2C2F2]f0A2 e0 [F2F,2F,,2] A,2A2 c0 [A,2C2F,2C,,2c2A,2C2F2]A2 | [d0D0B,,0B,0F,0B,,,0B0]< d0 [D2D2B,2F2]B,,,2 c0 [A,4F,4C4A,,4A,,,4A4] |
[C4F4A,4] d0 [D4B,4F,4B,,4B,,,4B4] [d2G,2C2E2]c2C2 d0 | [B,,4F,4B,4D4C,,4c4] e0 [C,4E4E,,4G,4B,4C4E4] g0 [A4G4C4F,4F,,4A4] f0 | [A,4C4F4F,4F,,4A,4C4F4]>[A,4F4] [C2F,,2G2A,2C2F2][F2A2] [g0G0C,0C,,0G0] | [C2E,,2G,2C2E2][e2E2] c0 [C2G,2G,,2]c2 c0 |
[G,2C2C,2C,,2d2B,2G,2C2E2]c2 [A,0C0F0F,0F,,0A0f0] [C2A,,2A,2C2F2]a2A2 c'0 | [c2C,2]F2 f0 [F2C2F,2F,,2G2C2F2A,2]A2 g0 [E4C4G4C,4G,,4G4] | [E,,cG,EC]e2Ec [C4C,,4] e0 [E2C,2E,,2B2B,2G,2E2]>g2 | [G4F,4C4F,,4B4] f0 [C4A,4F,4F4F,,4A4C4A,4F4] C,,2D,,2 c0 |
[C2C,2E,,2c2C2A,2F2]C,,2 f0 [A,4C4C4F,4F4F,,4A4] f0 [F,4A,4C4F4E,,4A4A,4C4F4] | [F2F,2D,,2A2f2]e2[E2G2] [f0F0C,,0A0A,0C0F0]g2[G2B2] a0 [C2F,2F2A2F,,2c2]a2 a0 | [F,4A4C4F4C,,4c4A,4C4F4] a0 [C4A4F4F,4F,,4c4] d0 [C2C,,2A2A,2C2F2]A2 g0 | [D4B,4G4G,4G,,4B4] g0 [D4G,4G4B,4F,,4B4C4B,4D4G,4] [g0D0G0G,0E,,0B0][F2A2]f2 |
[G2D,,2B2G,2B,2D2g2]a0[G2A2c2] b0 [B,4C4E4B4C,,4d4] b0 [B,4E4C4B4G,,4d4G,4C4E4] b0 | [C4E4B,4B4C,,4] d0 [D2G,,2d2d2G,2C2E2][E2D2] [C4E4C,,4c4e4] | [G,2E2C2]e0[C2E2B,2C,,2c2] [D4G,,4B4d4] c0 [C4c4G,4B,4C4E4] c'0 | [c4A4A,4F,,4A4] [A,2C2F2][F,,2B2] [F,,2c2]F2 f0 |
[F2A2C2F2A,2]c2 [g0G0G,0G,,0B0] [d2G,2C2E2]f2G,,2 g0 | [G4C,,4c4] a0 [A4e4G,4B,4E4] f0 [A,4C4F4F,,4f4] | [A,2f2A,2C2F2A2][C2F,,2d2G2] [A,2D2F2D,,2c2F2]A2 [A,2c2D2F2A,2F2][D,,2F2E2] | [F2B,2D2G,,2B2D2]d2 [f2G,2B,2F2D2F2][G,,2d2] [G,4C4E4C,,4e4E4] |
[c2B,2G,2C2E2C2]C,,2 [C2F2A,2F,,2f2C2A,2F2F2][d2F2] [F2B,2D2C,,2c2B,2D2F2A2][A2c2] | [A,2F2C2F,,2F2A,2C2F2f2]C,,2 [D,,2c2]E,,2 [A2F,2F,,2F2f2]C2 | [F2A,2C2F2][A2f2] [F2F,2F,,2e2] A,2A2 [A,2C2F,2C,,2c2c2A,2C2F2]A2 | [D4B,,4B,4F,4B,,,4B4d4] [D2d2D2B,2F2]B,,,2 [A,4F,4C4A,,4A,,,4A4c4] |
[c4C4F4A,4] [D4B,4F,4B,,4B,,,4B4d4] [d2G,2C2E2][C2c2] | [B,,4F,4B,4D4C,,4c4d4] [C,4E4E,,4e4G,4B,4C4E4] [A4G4C4F,4F,,4A4g4] | [A,4C4F4F,4F,,4f4A,4C4F4]>[A,4F4] [C2F,,2G2f2A,2C2F2][F2A2] | [G4C,4C,,4G4g4] [C2E,,2G,2C2E2][E2e2] [C2G,2G,,2c2]c2 |
[G,2C2C,2C,,2d2c2B,2G,2C2E2]c2 [A,4C4F4F,4F,,4A4f4] [C2A,,2A,2C2F2][A2a2] | [c2C,2c'2]F2 [F2C2F,2F,,2G2f2C2F2A,2]A2 [E4C4G4C,4G,,4G4g4] | [E,,2c2G,2E2C2][E2e2] [C4C,,4c4] [E4C,4E,,4B4e4B,4G,4E4] | [G4F,4C4F,,4B4g4] [C4A,4F,4F4F,,4A4f4C4A,4F4] C,,2D,,2 |
[C2C,2E,,2c2c2C2A,2F2][C,,2c2] [A,4C4C4F,4F4F,,4A4f4] [F,4A,4C4F4E,,4A4f4A,4C4F4] | [F2F,2D,,2A2f2][E2G2e2] [F2C,,2A2f2A,2C2F2][G2B2g2] [C4F,4F4A4F,,4c4a4] | [F,4A4C4F4C,,4c4a4A,4C4F4] [C4A4F4F,4F,,4c4a4] [C2C,,2A2d2A,2C2F2][A2d2] | [D4B,4G4G,4G,,4B4g4] [D4G,4G4B,4F,,4B4g4C4B,4D4G,4] [D2G2G,2E,,2B2g2][F2A2f2] |
[G2D,,2B2g2G,2B,2D2][G2A2c2a2] [B,4C4E4B4C,,4d4b4] [B,4E4C4B4G,,4d4b4G,4C4E4] | [C4E4B,4B4C,,4b4] [D2G,,2d2d2d2G,2C2E2][E2D2] [C4E4C,,4c4e4] | [G,2E2C2][C2E2B,2C,,2c2e2] [D4G,,4B4d4] [C4c4c4G,4B,4C4E4] | [c4A4A,4F,,4A4c'4] [A,2C2F2][F,,2B2] [F,,2c2]F2 |
[F2A2f2C2F2A,2]c2 [G4G,4G,,4B4g4] [d2G,2C2E2][G,,2f2] | [G4C,,4c4g4] [A4e4a4G,4B,4E4] [A,4C4F4F,,4f4f4] | [A,2f2A,2C2F2A2][C2F,,2d2G2] [A,2D2F2D,,2c2F2]A2 [A,2c2D2F2A,2F2][D,,2F2E2] | [F2B,2D2G,,2B2D2]d2 [f2G,2B,2F2D2F2][G,,2d2] [G,4C4E4C,,4e4E4] |
[c2B,2G,2C2E2C2]C,,2 [C2F2A,2F,,2f2C2A,2F2F2][d2F2] [F2B,2D2C,,2c2B,2D2F2A2][A2c2] | [A,2F2C2F,,2F2A,2C2F2f2] |","['Pop', 'Electronic', 'Rock', 'Rap']",Rap,3,Choose the most probable genre label of the provided score.
Rap_Pop Rap_Jennifer Lopez_Tu.abc,"X:1
M:3/4
L:1/16
K:A
[D32F32A,32B,,32F,32] | [C,32C32E32A32] | [D,32A,32F32A32D32] | [D16F16B16B,16E,16] | [E16B16G16] |
[E16C16A,16A,,16] | [F,16A,16D16D,16] | [A,,16E,16B,16G,16E16] | [A,,8E8C8A,8] |
[G,,8B,8G,8E8] [E16C16A,16F,16] | [F,16A,16D16D,16] | [E18B,18G,18E,18] |[G,4B,4E,4] |
[F,4A,4C4][G,6D6B,6] | [E6C6A6A,,6]c4A6 | [A,,16A,16D16F16A16] | [E16B16A,,16G16G,16] |
[A,,8A,8A8E8c8] [E8G8B8G,8] | [A16c16F16F,16] | [D,16A,16F16A16D16] | [E18G18B,18E,18] |
A2 E2B,2 | G4 E4 [F,16B,16D16F16B,,16] | F,2B,2 D2F4D6 | [C8E8C,8] |
A,4 C2A4G4 |E6 C4 | [B,8F8D8B,,8] B,4 | D2F4A6 |
B,8 [C4E4A4A,,4] | C4 E4 C2B4 |A4E4C6 | [D8A8F8B,,8] |
B,4 D2E4F6 | A8 | [C8A8E8C,8] A,4 | C2A4E4C4 |
E6 [A8D8F8D,8] | D4 A,2A4 |F4D10 | [E8F8A8E,8] |
E2B,2 A2E2 [G16E16E,16] | [E4c4A4A,4] E2B4A4 |[D10F10A10D,10] | F4 D2F2 [B8G8E8E,8] |
F4 E4 | [E6G6E,6][F,4E4A4F4][G,6E6B6G6] | [E4c4A4A,4] E4 | c2A2 E2[D10A10F10D,10] |
A4 D4 | [B14G14E14E,14] |[B12E12G12E,12] |[G6B6E6E,6] [E8c8A8A,,8] |
B2A2 E2[D10F10A10D,10] | A4 | D2F2 [E4B4G4E,4] E2F4 |G6 [B4G4E,4] |
E2[F4B4]G4E2 | [D4A4F4F,4] D2F4A4 |[E4B4G4G,4]E2 F4<G4 | F2E2 [D8A8F8F,8] |
D2F2 A2[G18E,18B18E18] | [A8c8E8A,,8] | E4 [d20B20A20F20B,,20] | [c12A12C,12E12] |
[A12D12F12D,12] | [B2D2]A2 F8< [E8A8c8A,,8] | [A12F12d12B,,12] | c2A2 |
F4 [E8c8A8C,8] | E4 [D,20D20A20F20] | [E10G10B10E,10]B,2 | [E10F10A10]B,2 |
A2B2 e2B,2 [B12G12E,12] | B,4 | E16 | [E6C6A6A,,6]c4 |
A6 [A,,16A,16D16F16A16] | [E16B16A,,16G16G,16] | [A,,8A,8A8E8c8] | [E8G8B8G,8] [A16c16F16F,16] |
[D,16A,16F16A16D16] | [E18B,18G,18E,18] |[G,4B,4E,4] |[F,4A,4C4][G,6D6B,6] |
[E6C6A6A,,6]c4A6 | [A,,16A,16D16F16A16] | [E16B16A,,16G16G,16] | [A,,8A,8A8E8c8] [E8G8B8G,8] |
[A16c16F16F,16] | [D,16A,16F16A16D16] | [E18G18B,18E,18] |A2 E2B,2 |
G4 E4 [F,16B,16D16F16B,,16] | F,2B,2 D2F4D6 | [C8E8C,8] | A,4 C2A4G4 |
E6 C4 | [B,8F8D8B,,8] B,4 | D2F4A6 | B,8 [C4E4A4A,,4] |
C4 E4 C2B4 |A4E4C6 | [D8A8F8B,,8] | B,4 D2E4F6 |
A8 | [C8A8E8C,8] A,4 | C2A4E4C4 |E6 [A8D8F8D,8] |
D4 A,2A4 |F4D10 | [E8F8A8E,8] | E2B,2 A2E2 [G16E16E,16] |
[E4c4A4A,4] E2B4A4 |[D10F10A10D,10] | F4 D2F2 [B8G8E8E,8] | F4 E4 |
[E6G6E,6][F,4E4A4F4][G,6E6B6G6] | [E4c4A4A,4] E4 | c2A2 E2[D10A10F10D,10] | A4 D4 |
[B14G14E14E,14] |[B12E12G12E,12] |[G6B6E6E,6] [E8c8A8A,,8] | B2A2 E2[D10F10A10D,10] |
A4 | D2F2 [E4B4G4E,4] E2F4 |G6 [B4G4E,4] | E2[F4B4]G4E2 |
[D4A4F4F,4] D2F4A4 |[E4B4G4G,4]E2 F4<G4 | F2E2 [D8A8F8F,8] | D2F2 A2[G18E,18B18E18] |
[E4c4A4A,4] E2B4 |A4[D10F10A10D,10] | F4 D2F2 | [B8G8E8E,8] F4 |
E4 [E6G6E,6][F,4E4A4F4] |[G,6E6B6G6] [E4c4A4A,4] | E4 c2A2 E2[D10A10F10D,10] | A4 |
D4 [B14G14E14E,14] |[B12E12G12E,12] |[G6B6E6E,6] | [E8c8A8A,,8] B2A2 |
E2[D10F10A10D,10] | A4 D2F2 [E4B4G4E,4] | E2F4G6 | [B4G4E,4] E2[F4B4]G4 |
E2 [D4A4F4F,4] D2F4 |A4[E4B4G4G,4]E2 | F4<G4 F2E2 | [D8A8F8F,8] D2F2 |
A2[G18E,18B18E18] | [A8c8E8A,,8] | E4 [d20B20A20F20B,,20] | [c12A12C,12E12] |
[A12D12F12D,12] | [B2D2]A2 F4 | [E12A12c12A,,12] | [A12F12d12B,,12] |
c2A2 F4 [E8c8A8C,8] | E4 [D,20D20A20F20] | [C2A2E2A,,2]E,2 A,2C4 |E4> [A4c4E4] |","['Blues', 'Soul', 'Rap', 'Electronic']",Rap,2,Choose the most probable genre label of the provided score.
Rap_Pop Rap_Dru Hill_What Do I Do With The Love.abc,"X:1
M:3/4
L:1/16
K:Dm
D,2F,2 A,2F0D,2A,2D2 |E0[F,0A,0]F2A,2D,2[F,0D0]D2A,2A,2[F,0C0F0A0]F,2 |D,2C2F,0F2 A,2C2A2C0[D,0C0][F0A,0] |C2[F,0B,,0B,0D0][D,2G,2]D2G,2G0[B,B,] C0<D0D,0C,2[B0G,0] |[B,0D0][D0G0]D,2D2G,0B,2[D,0D0]E2G0G,2 |
D2B,2F0[B0D,0]E0D2G,2D0[G0B,0]D2[A,0D,0D0F0][D,0F0] |[A,2D,2][D0F,0][A,0A,0]E2[F0D,0]A,2D,2[D0F,0D0] |[A,2A,2][F,0C0F0A0]F,2[C2C2]D,2F0F,2A,2C2[C0A0] |[D,2C2]F,0[B,2F2][C2A,2][D,0A,0^F0]<[D0D0G,0G0B0][D,2G,2]D0G,2G0[B,2B,2] |
D0[C2D,2]B0G,2D2B,2[G0D,0D0]D0G,2B0<G,0B,2 |[D0D,0E0]G0G,2B,2D2[B0F0D,0][E0D0]G,2B,0G0D2 |D2E[A,0D,0D0F0]D,0F2[A,2D,2][F,2D2][A,0A,0E0][D,2F2] |A,2[D0D0]A,2A,2F,2[F,0C0F0A0]F,0D, C0<C0F,2F0A,2 |
C2D,2[A2C2]C0[A,0F,0]D,0F2C2[D,0A,0D0^F0]<[D0G,0G0B0D,0]G,2 |[G,2D2][B,0B,0G0][D,2C2D2]B0G, B,2D2D,0<[G0D0] |D0G,d0<B0B,0G,2[G,0D0E0]D,0G2[B,2D2][G,0F0B0] |[E0D,0D0][D0G0]D2[D,0D0F0][D2D,2D,2F,2]A,2A,2D2 |
A,0[F,2D,2A,2]D2F0[A,2F,2D,2]D2A,2D2A,2[D0F,0D,0A,0D,0] |A,2D2 D0<[F,0D,0A,0]A,2[D,0F,0D0A,0]F2A,2D2 |A,2[F,0A,0D,0D0]<F,0D,2A,2D D [A,0F,0D,0]A,2[D0F,0D,0][A,0F0] |A,2D2A,2[D,0D,0A,0]D2A,2D2 |
A,2[C0F0F,0F,0F,0A,,0A,,0][C,2C,2A2]C2F2C2[F,0F,0B,,0B,0D0]<[G,,0G,,0B,,0B,,0G,0][D,2D,2] |D2G2[B,,0B,,0D,0D,0][G,,0G,,0]D2[G,,0G,,0B,,0B,,0B0]D2G2 |D2[D,0D,0B,,0B,,0G,,0G,,0]G,2D2G2[D,0D,0B,,0B,,0][G,,2G,,2D2]B0[B,,0B,,0D,0D,0][G,,2G,,2] |D2G2D[G,C,CE][E,0E,0G,,0G,,0C,0C,0]C,2G,2C2 |
G,2E0[C0C0E0E0][G,0G,0][A,A,]G,2C2[C2C2]G,2B,0<C,0[C2C2E2E2G,2G,2] |G,2B,2[C0C0E0E0G,0G,0]G,2E0[E0E0C0C0][G,2G,2]G,2[B,2G,2G,2] |G,[CF,FA][C0C0F0F0][A,0A,0]F,2C2F2 [A,0A,0C0C0]<[F0F0]C2[A,0A,0C0C0A0][F2F2] |C2F2C2[A,0A,0C0C0][F0F0F,0]C2F2 |
[A,0A,0C0C0C0][F2F2]A2C2F0[A,2A,2C2C2]C[EE,A,,A,]^C0<[A,0A,0E0E0C0C0]A,,2 |E,2A,2 [E0E0^C0C0A,0A,0]E,2[C2C2A,2A,2C2E2E2]E,2A,2 |E,G,[G,2G,2A,,2][E2E2][^C2C2]E,2G,2E,0[E2E2G,2G,2C2C2]C0[G,2G,2E2E2C2C2] |E,2G,2E,2[A,0D,0D0F0]<[D,0F0F0][D2D2A,2A,2]A,2D2 |
[D0D0F0F0A,0A,0]A,2F0[F2F2D2D2A,2A,2]A,2D2A,2[F,0C0F0A0][F,0A,0A,0D0D0F0F0] |C2F2C0[D2D2A,2A,2F2F2][A0D0D0F0F0A,0A,0] [C3C3]C2F2 |C[D,0A,0D0^F0]<[D0G,0G0B0D0D0][B,0B,0][G,2G,2G,2]D2G2 [D0D0G,0G,0B,0B,0]D2[D0D0G,0G,0][B,0B,0B0] |D2G2D2G,0[G,2G,2D2D2B,2B,2]D2G2 |
[D0D0B,0B,0G,0G,0D0]B0[D0D0B,0B,0][G,2G,2]D2G2D[E,0=B,0E0G0]<[G,0C,0C0E0][C0C0E0E0]<[G,0G,0]C,2 |G,2C2 [C0C0]< [G,0G,0E0E0]G,2[C0C0E0E0G,0G,0E0]G,2C2 |G,2[G,0G,0C0C0E0E0]B,0C,2G,2B,2[B,0B,0C0C0G,0][G,2G,2E2E2]E0[B,0B,0E0E0][C0C0][G,G,] |G,2B,2G,[C0F,0F0A0]<[C0C0F0F0][A,0A,0]F,2C2F2 |
[A,0A,0C0C0][F0F0C0]A0[A,2A,2C2C2F2F2]C2F2C2F,0[A,2A,2C2C2][F2F2] |C2F2[C0C0A,0A,0C0][F2F2][A0C0C0][A,2A,2][F2F2]C2F2 |C2F,0[E0E0A,0A,0][^C0C0A,,0]E,2A,2[E0E0][C0C0A,0A,0E,0]C0[C2C2A,2A,2] |E,2A,2E,G,A,,0[G,2G,2^C2C2E2E2]E,2G,2 |
[E0E0G,0G,0E,0][^C2C2]C0[E2E2G,2G,2A,2A,2][CC] D,2E,2F,0G, A,E,2[D0D0F0F0F0][A,2A,2D,2] |A,2D2 [F0F0D0D0]< [A,0A,0]E0[F,0A,0][F2F2]F2A,2D,2[F,2D2][D2D2D2] |[A,0A,0A,0]A,[F,CFA][D0D0F0F0F,0]D,2C2F,0F2 [A,2A,2A,2]C2A2 |[C0C0C0][D,0C0][C0C0][F0A,0A,0A,0][F2F2]C2[D0D0G,0G0B0][D,2G,2]D0[G,2G,2G,2]G0[B,B,B,B,] |
[C0D0D0]<[B,0B,0G,0G,0]D0D,0C,2[B0G,0][B,0D0][G,0G,0B,0B,0]<[D0D0D0G0]D,2D2G,0B,2 |[D,0D0D0D0][B,2B,2E2]G0[G,2G,2G,2]D0B,2F0[B0D,0][B,2B,2D2D2]E0D0[G,2G,2G,2][D0D0D0G0G,0G,0][B,2B,2B,2] |D2[A,0D,0D0F0][D2D2D,2][F2F2F2A,2A,2][A,2D,2][D0F,0]A,0[F0F0E0D0D0A,0A,0A,0][F0D,0] |A,2D,2[F,2D2][D2D2D2F2F2][A,2A,2A,2A,2][F,0C0F0A0][F2F2F,2A,2A,2][C2C2C2C2]D,2F0F, |
[A,,0E,0A,0]< [C0F0F,0][C0C0F0F0A,0A,0A,0]C2[C0A0][D,2C2][C0C0]<[A,0A,0][F0F0]<F,0[B,0F0][C2A,2][D0D0D0G,0G0B0][D,2G,2] |D0[G,2G,2G,2]G0[B,B,B,B,] [D0D0G,0G,0B,0B,0]<D0[C2D,2]B0G,2D0B,2[G0D,0D0D0D0][B,2B,2] |D0[G,2G,2G,2]G,0B,2[D0D,0E0][D0D0B,0B,0]G0[G,2G,2G,2]B,0D2[B0F0D,0][B,2B,2G,2G,2] |[E0D0][G,0G,0G,0]<B,0G0[D2D2D2]D2E[D,0D0F0][F0F0D,0][D,2F,2]A,2A,2D2 |
A,0[F,2D,2A,2]D2F0[A,2F,2D,2]D2A,2D2A,2[D0D0D0F,0D,0A,0A,0A,0F0F0D,0] |A,2D2[D0D0D0F0F0][F,0D,0A,0A,0A,0]A,2[D,0F,0][D0D0D0F0A,0A,0A,0F0F0]A,2D [DD] |A,2[F,0D,0]<D,0[A,2A,2A,2D2D2D2F2F2]A,2D2 [F,0D,0D0D0D0]<[A,0A,0A,0F0F0A,0D0D,0]A,2[D0D0D0F,0D,0A,0A,0A,0]F2 |A,2D2A,2[F,0D,0][C0F0A0F,0][D2D2A,2A,2F2F2]C2F2 |
[C0C0A,0A,0]C2A2C2F2C2[D0D0G,0G0B0G,0G,0B,0B,0]G,2 |D2G2[D0B,0B,0][G,2G,2D2D2]B2D2G2 | [G,0G,0]D2[D0D0]G,2D2G2[D0D0B,0B,0][G,2G,2D2]B2 |D2G2D[E,0=B,0E0G0]<[G,0C,0C0E0][E0E0G,0G,0C0C0C,0]G,2C2 |
[E0E0C0C0]<[G,0G,0]G,2[E0E0E0C0C0G,0G,0]G,2C2((3G,2B,2B,0)[B,0C0C0][G,2G,2C,2E2E2] |G,2B,2G,0[E0E0G,0G,0C0C0B,0B,0]E2G,2[E0E0]B,2 |G,2[C0F,0F0A0]<[C0C0A,0A,0][F2F2F,2]C2F2 [A,0A,0C0C0F0F0]C2A2 |C2F0[A,2A,2]C2[C2C2F,2A,2A,2][F2F2]C2F2 |
[A,0A,0C0C0C0][F2F2]A2C2F2C2[E,0A,,0A,0^C0]<A,,0[E2E2A,2A,2][C2C2] |E,2A,2 [E0E0]< [^C0C0A,0A,0]E,2C2E,2[A,0E0E0A,0A,0][C2C2] |E,G,[G,0G,0][^C2C2A,,2]E,2G,2[E0E0C0C0E,0][A,2A,2G,2G,2]C2 |E,2G,2E,[A,0D,0D0F0]<[F0F0][D0D0][A,2A,2D,2]A,2D2 |
[D0D0F0F0A,0A,0]A,2F2A,2D [DD]A,2[F,0C0F0A0][D0D0F0F0F,0A,0A,0] |C2F2C0[A,0A,0][F0F0][C0C0][D2D2]A2C2F[A,A,] |C2[D0G,0G0B0]<[D0D0B,0B,0G,0][G,2G,2]D2G2[D0D0D0][B,2B,2G,2G,2]B2 |D2G2D2[G,0D0D0][B,2B,2G,2G,2]D2G2 |
[D0D0D0B,0B,0][G,2G,2]B2D2G2D[E,0=B,0E0G0]<[G,0C,0C0E0][E0E0G,0G,0C0C0]C,2 |G,2C2G,0[E2E2C2C2G,2G,2]E2G,2C2 |G,2B,0<[B,0B,0C0C0E0E0G,0G,0]C,2G,2B,2[E0E0][G,0C0C0G,0G,0][B,2B,2]E2 |G,2B,0[C2C2]G,[CF,FA][F,0F0F0][A,2A,2]C2F |
[C0C0F0F0A,0A,0]C2A2C2[A,2A,2F2]C2[A,0A,0C0C0F0F0]F,2 |C2F2[F2F2C2C2A,2A,2C2]A2C2F2 |C2[E,0A,,0A,0^C0]<A,,0[C2C2A,2A,2E2E2]E,2A,2 [A,0A,0E0E0]<[C0C0]E,G,C2 |E,2G,2E,2A,,0[G,2G,2E2E2^C2C2]E,2G,2 |
E,0[A,2A,2E2E2][G,2G,2^C2C2]C2E,2G,2E,2[A,0D,0D0F0]D,2 | [A,0A,0D0D0F0F0]A,2D2 [D0D0F0F0A,0A,0]A,2F2A,2D0[D2D2] |A,2[D,0D0D0F0F0][A,2A,2]A,2D2A,0[F0F0D0D0][A,2A,2]F2 |A,2D0[F2F2]A,2[D0D,0][D0D0][F0F0A,0A,0] A,2[AD]F2 |
A,2d[F0F0][D8F8A8][F,,0C0A,0A,0C0C0]<F,0[FF] C2 |F2[C0C0][A,0A,0] [C0F0F0]A2 C2[F0C0C0] C2 |[G,0D0G0B0D0D0][G,0G,0B,0B,0]G,2 D2G2[D0D0][G,0G,0][B,0B,0] D2B2 D2 |G[G,G,] D2[G,0G,0G,0]<[B,0B,0] D2[G0D0D0]< D0 [G,2G,2] |
B2 [D2B,2B,2]G2 D2[D0D0F0F0D,0A,0D0F0][A,0A,0D,0] A,2 |D2 [A,0F0F0]< [D0D0A,0A,0]F2 A,2D0[D2D2] A,0 [FF] |[A,0A,0F,0F0A0C0C0]F,2 C2F2[F0F0A,0A,0C0C0C0]A2 C2 |F2[A,2A,2] C2[G,0D0G0B0][D0D0]G,2[G,0G,0D0]G0[B,2B,2] [D0D0D0] |
B2 D2G2[G,2G,2] D0 [F,2B,,2B,2D2][B,,0G,0G,0] F,2 [B,2B,2] |[B,0D0D0]<[G,0G,0] F,0 [D2G2G,2]d2 D2 [B,2B,2]G0[D2D2] D2 |[D,0A,0D0F0][D,0F0F0D0D0][A,2A,2] A,2D2[F0F0D0D0A,0A,0] A,2F2 A,2 |[D2D2D2][F0F0A,0][A,0A,0F,0F0A0][C2C2F,2] C2F2[F0F0A,0A,0C0C0C0] |
A2 C2[A,0A,0]F2 C2[DD][B,B,][G,2G,2]<[G2B2] |G[D0D0G,0G,0][B,B,] D2B2 D2G2 D2 |[G,0G,0]G,2[B,2B,2] D2[D0D0]G2[G,0G,0] D2B2[B,2B,2D2] |[D2D2G2] D2[A,,0E0E,0A,0][E0E0F0F0^C0C0A,0A,0][A,,0C0][=B,2B,2] E,2A,2[E0E0E,0] [C0C0A,0A,0] |
^C2 E,2A,[CC] E,2A,,0[A,2A,2] [E,2C2C2] |A,0[EE]G, E,2^C2D,2 [C2C2E,2]F,[G,0E0E0][A,A,A,] E,2 |[F0D,0A,0D0F0]D,2 A,2D2E0[F,0A,0]F2 A,2 D,2 |[F,0D0]D2A,2 A,2[C0F,0F0A0]F,2D,2 C2F,0F2A,2 C2 |
A2C0[D,0C0][F0A,0] C2[B,,0F,0B,0D0][D,0B,,0D0G0B0G,0] D2 G,2 |G0[B,B,]C0 [D0F0F0]< D,0 C,2[B0G,0]<[B,0D0][D0G0]D,2 D2 |G,0B,2[D,0D0] E2G0G,2 D2 B,2F0[B0D,0]<E0 D2 G,2 |D0[G0B,0] D2[D,0^F0A,0D0][D,0=F0][A,2A,2D2D2][F2F2F2] [A,2D,2][D0F,0]<[F0F0D0D0] [A,0A,0A,0A,0] E2 |
[F0D,0] A,2 D,2[D2D2D2F,2D2] [A,A,] [FF][CF,FA][F0F0]F,2 [C2C2C2C2] D,2 |F0F,2[F0F0C0C0][A,2A,2A,2] C2[C0A0][D,2C2]F,0[B,2F2] [CA,] |[D,0A,0D0^F0][G,0D0G0B0][D,2G,2][D2D2] D0 [G,2G,2G,2]G0[B,B,B,B,][G,0G,0B,0B,0] D0 [C2D,2]B0G,2 D2 B,2 |[G0D,0D0D0D0] D2G,0<[G,0G,0G,0B,0] [D0D,0E0]<G0G,2 D2 [B,2B,2B,2] |
[B0F0D,0]<[E0D0] G,2B,0G0[D2D2D2] D2 E[^F0D,0A,0D0]=F0[D,0D,0F,0]A,2 A,2 |D2 A,0 [F,2D,2A,2] D2F0[A,2F,2D,2]D2 A,2D2 A,2 |[D0D0D0F,0D,0A,0A,0A,0F0F0D,0] A,2D2[D0D0D0F0F0] [F,0D,0A,0A,0A,0] A,2[D,0F,0]<[D0D0D0F0A,0A,0A,0F0F0] A,2 |D[DD] A,2[F,0D,0]D,0[A,2A,2A,2D2D2D2F2F2] A,2D2[F,0D,0D0D0D0][A,0A,0A,0F0F0A,0D0D,0] A,2 |
[D0D0D0F,0D,0A,0A,0A,0]F2 A,2D2 A,2[F,0D,0]<[C0F0A0F,0][D2D2A,2A,2F2F2] C2 |F2[C0C0A,0A,0] C2A2 C2F2 C2 |[D0D0G,0G0B0G,0G,0B,0B,0]G,2 D2G2 [D0B,0B,0] [G,2G,2D2D2]B2 D2 |G2[G,0G,0] D2[D0D0]G,2 D2G2 [D0D0B,0B,0] [G,2G,2D2] |
B2 D2G2 D[E,0=B,0E0G0][G,0C,0C0E0][E0E0G,0G,0C0C0C,0] G,2 |C2[E0E0C0C0] [G,0G,0] G,2[E0E0E0C0C0G,0G,0] G,2C2 ((3G,2B,2B,0) |[B,0C0C0][G,2G,2C,2E2E2] G,2B,2 G,0< [E0E0G,0G,0C0C0B,0B,0]E2 G,2 |[E0E0]B,2 G,2[C0F,0F0A0][C0C0A,0A,0][F2F2F,2] C2F2[A,0A,0C0C0F0F0] C2 |
A2 C2F0[A,2A,2] C2[C2C2F,2A,2A,2][F2F2] C2 |F2 [A,0A,0C0C0C0] [F2F2]A2 C2F2 C2 |[E,0A,,0A,0^C0]A,,0[E2E2A,2A,2][C2C2] E,2A,2[E0E0][C0C0A,0A,0] E,2C2 E,2 |[A,0E0E0A,0A,0][^C2C2] E,G,[G,0G,0][C2C2A,,2] E,2G,2 [E0E0C0C0E,0] [A,2A,2G,2G,2] |
^C2 E,2G,2 E,[A,0D,0D0F0][F0F0][D0D0][A,2A,2D,2] A,2 |D2[D0D0F0F0A,0A,0] A,2F2 A,2D[DD] A,2 |[F,0C0F0A0]<[D0D0F0F0F,0A,0A,0] C2F2 C0< [A,0A,0] [F0F0]< [C0C0] [D2D2]A2 C2 |F[A,A,] C2[D0G,0G0B0][D0D0B,0B,0G,0][G,2G,2] D2G2 [D0D0D0] [B,2B,2G,2G,2] |
B2 D2G2 D2[G,0D0D0][B,2B,2G,2G,2] D2 |G2 [D0D0D0B,0B,0] [G,2G,2]B2 D2G2 D |[E,0=B,0E0G0][G,0C,0C0E0][E0E0G,0G,0C0C0]C,2 G,2C2 G,0 [E2E2C2C2G,2G,2]E2 G,2 |C2 G,2B,0[B,0B,0C0C0E0E0G,0G,0]C,2 G,2B,2 [E0E0]< [G,0C0C0G,0G,0] [B,2B,2] |
E2 G,2B,0[C2C2] G,[CF,FA][F,0F0F0][A,2A,2] C2 |F[C0C0F0F0A,0A,0] C2A2 C2[A,2A,2F2] C2 |[A,0A,0C0C0F0F0]F,2 C2F2 [F2F2C2C2A,2A,2C2]A2 C2 |F2 C2[E,0A,,0A,0^C0]A,,0[C2C2A,2A,2E2E2] E,2A,2[A,0A,0E0E0] [C0C0] E, |
G,^C2 E,2G,2 E,2A,,0[G,2G,2E2E2C2C2] E,2 |G,2 E,0 [A,2A,2E2E2] [G,2G,2^C2C2]C2 E,2G,2 E,2 |[A,0D,0D0F0]D,2[A,0A,0D0D0F0F0] A,2D2[D0D0F0F0A,0A,0] A,2F2 A,2 |D0[D2D2] A,2[D,0D0D0F0F0][A,2A,2] A,2D2 A,0< [F0F0D0D0] [A,2A,2] |
F2 A,2D0[F2F2] A,2[D0D,0]<[D0D0][F0F0A,0A,0]A,2 |[AD]F2A,2 d[F0F0][D8F8A8] |[F,,0C0A,0A,0C0C0]F,0[FF]C2 F2[C0C0]<[A,0A,0][C0F0F0] A2C2 | [F0C0C0]C2 [G,0D0G0B0D0D0]< [G,0G,0B,0B,0] G,2D2 G2[D0D0]<[G,0G,0][B,0B,0]D2 |
B2D2 G[G,G,]D2 [G,0G,0G,0]<[B,0B,0]D2 | [G0D0D0]<D0[G,2G,2] B2[D2B,2B,2] G2D2 | [D0D0F0F0D,0A,0D0F0]< [A,0A,0D,0]A,2 D2[A,0F0F0]<[D0D0A,0A,0] F2A,2 | D0 [D2D2]A,0[FF] [A,0A,0F,0F0A0C0C0] F,2C2 F2[F0F0A,0A,0C0C0C0] |
A2C2 F2 [A,2A,2]C2 [G,0D0G0B0]< [D0D0] G,2[G,0G,0D0] | G0[B,2B,2][D0D0D0] B2D2 G2[G,2G,2]D0[F,2B,,2B,2D2] | [B,,0G,0G,0]F,2[B,2B,2] [B,0D0D0]<[G,0G,0]F,0[D2G2G,2] d2D2[B,2B,2] | G0[D2D2]D2 [D,0A,0D0F0]< [D,0F0F0D0D0][A,2A,2]A,2 D2[F0F0D0D0A,0A,0]A,2 |
F2A,2 [D2D2D2][F0F0A,0]< [A,0A,0F,0F0A0] [C2C2F,2]C2 | F2[F0F0A,0A,0C0C0C0] A2C2 [A,0A,0] F2C2 | [DD] [B,B,] [G,2G,2]<[G2B2] G[D0D0G,0G,0][B,B,]D2 B2D2 | G2D2 [G,0G,0] G,2[B,2B,2]D2 [D0D0] G2[G,0G,0]D2 |
B2[B,2B,2D2] [D2D2G2]D2 [A,,0E0E,0A,0]< [E0E0F0F0^C0C0A,0A,0] [A,,0C0][=B,2B,2]E,2 | A,2[E0E0E,0]<[^C0C0A,0A,0] C2E,2 A,[CC]E,2 | A,,0[A,2A,2][E,2^C2C2] A,0 [EE]G,E,2 C2D,2[C2C2E,2] F, | [G,0E0E0][A,A,A,]E,2 [D0F0]< [D,0D,0] [A,2A,2D2D2F2F2F2][A,2A,2] D2[F,0D,0D0D0D0]<[F0F0A,0A,0A,0A,0D0D,0]A,2 |
[D0D0D0F,0D,0A,0A,0A,0] F2A,2 D2A,2 [F,0D,0]< [C0F0A0F,0][D2D2A,2A,2F2F2]C2 | F2[C0C0A,0A,0]C2 A2C2 F2C2 | [D0D0G,0G0B0G,0G,0B,0B,0] G,2D2 G2[D0B,0B,0][G,2G,2D2D2] B2D2 | G2[G,0G,0]D2 [D0D0] G,2D2 G2[D0D0B,0B,0][G,2G,2D2] |
B2D2 G2D [E,0=B,0E0G0]< [G,0C,0C0E0] [E0E0G,0G,0C0C0C,0]G,2 | C2[E0E0C0C0]<[G,0G,0]G,2 [E0E0E0C0C0G,0G,0]G,2 C2((3G,2B,2B,0) | [B,0C0C0] [G,2G,2C,2E2E2]G,2 B,2G,0<[E0E0G,0G,0C0C0B,0B,0] E2G,2 [E0E0] | B,2G,2 [C0F,0F0A0]< [C0C0A,0A,0] [F2F2F,2]C2 F2[A,0A,0C0C0F0F0]C2 |
A2C2 F0 [A,2A,2]C2 [C2C2F,2A,2A,2] [F2F2]C2 | F2[A,0A,0C0C0C0][F2F2] A2C2 F2C2 [E,0A,,0A,0^C0] | A,,0 [E2E2A,2A,2][^C2C2]E,2 A,2[E0E0]<[C0C0A,0A,0]E,2 C2E,2 | [A,0E0E0A,0A,0] [^C2C2]E,G, [G,0G,0] [C2C2A,,2]E,2 G,2[E0E0C0C0E,0][A,2A,2G,2G,2] |
^C2E,2 G,2E, [A,0D,0D0F0]< [F0F0] [D0D0] [A,2A,2D,2]A,2 | D2[D0D0F0F0A,0A,0]A,2 F2A,2 D[DD]A,2 | [F,0C0F0A0]< [D0D0F0F0F,0A,0A,0]C2 F2C0<[A,0A,0][F0F0]<[C0C0][D2D2] A2C2 | F[A,A,]C2 [D0G,0G0B0]< [D0D0B,0B,0G,0] [G,2G,2]D2 G2[D0D0D0][B,2B,2G,2G,2] |
B2D2 G2D2 [G,0D0D0] [B,2B,2G,2G,2]D2 | G2[D0D0D0B,0B,0][G,2G,2] B2D2 G2D [E,0=B,0E0G0]< [G,0C,0C0E0] | [E0E0G,0G,0C0C0] C,2G,2 C2G,0[E2E2C2C2G,2G,2] E2G,2 | C2G,2 B,0< [B,0B,0C0C0E0E0G,0G,0] C,2G,2 B,2[E0E0]<[G,0C0C0G,0G,0][B,2B,2] |
E2G,2 B,0 [C2C2]G, [CF,FA] [F,0F0F0] [A,2A,2]C2 | F[C0C0F0F0A,0A,0]C2 A2C2 [A,2A,2F2]C2 | [A,0A,0C0C0F0F0] F,2C2 F2[F2F2C2C2A,2A,2C2] A2C2 | F2C2 [E,0A,,0A,0^C0]< A,,0 [C2C2A,2A,2E2E2]E,2 A,2[A,0A,0E0E0]<[C0C0]E,G, |
^C2E,2 G,2E,2 A,,0 [G,2G,2E2E2C2C2]E,2 | G,2E,0[A,2A,2E2E2][G,2G,2^C2C2] C2E,2 G,2E,2 [A,0D,0D0F0] | D,2[A,0A,0D0D0F0F0]A,2 D2[D0D0F0F0A,0A,0]A,2 F2A,2 | D0 [D2D2]A,2 [D,0D0D0F0F0] [A,2A,2]A,2 D2A,0<[F0F0D0D0][A,2A,2] |
F2A,2 D0 [F2F2]A,2 [D0D,0]< [D0D0] [F0F0A,0A,0]A,2 [AD] |F2A,2d [F0F0] [D8F8A8][F,,0C0A,0A,0C0C0] F,0 [FF] |C2F2[C0C0][A,0A,0][C0F0F0]A2C2[F0C0C0] |C2[G,0D0G0B0D0D0][G,0G,0B,0B,0]G,2D2G2 [D0D0]<[G,0G,0][B,0B,0]D2B2 |
D2G [G,G,]D2[G,0G,0G,0][B,0B,0]D2[G0D0D0] |D0[G,2G,2]B2[D2B,2B,2]G2D2[D0D0F0F0D,0A,0D0F0][A,0A,0D,0] |A,2D2[A,0F0F0][D0D0A,0A,0]F2A,2D0[D2D2] |A,0[FF][A,0A,0F,0F0A0C0C0]F,2C2F2[F0F0A,0A,0C0C0C0]A2 |
C2F2[A,2A,2]C2[G,0D0G0B0]<[D0D0]G,2[G,0G,0D0]G0[B,2B,2] |[D0D0D0]B2D2G2[G,2G,2]D0[F,2B,,2B,2D2][B,,0G,0G,0] |F,2[B,2B,2][B,0D0D0][G,0G,0]F,0[D2G2G,2]d2D2[B,2B,2]G0[D2D2] |D2[D,0A,0D0F0][D,0F0F0D0D0][A,2A,2]A,2D2[F0F0D0D0A,0A,0]A,2F2 |
A,2[D2D2D2][F0F0A,0][A,0A,0F,0F0A0][C2C2F,2]C2F2 |[F0F0A,0A,0C0C0C0]A2C2[A,0A,0]F2C2[DD][B,B,][G,G,] | [G2B2]>G2 [D0D0G,0G,0] [B,B,]D2B2D2G2 |D2[G,0G,0]G,2[B,2B,2]D2[D0D0]G2[G,0G,0]D2B2 |
[B,2B,2D2][D2D2G2]D2[A,,0E0E,0A,0][E0E0F0F0^C0C0A,0A,0][A,,0C0][=B,2B,2]E,2A,2 |[E0E0E,0][^C0C0A,0A,0]C2E,2A, [CC]E,2A,,0[A,2A,2] |[E,2^C2C2]A,0[EE] G,[A,0A,0E,0]C |","['Ambient', 'Pop', 'Rock', 'Rap']",Rap,3,Choose the most probable genre label of the provided score.
Rock_Pop Rock_Lisa Loeb  Nine Stories_Stay.abc,"X:1
M:3/4
L:1/16
K:Bbm
[A,0D0D,,0] [D2F2] D2 D,2 A,A15e14 | [D0E0B,,,0] [B,F,] B,, D A,FA2F13 B12 | E,,0 [E,2E,2]D0[E2A,2] D0 [B2D2]E,2 | F,,0 F,2D0[E2A,2] D2 [c2D2]F,,2[F,2F,2] G,,0 [G,F,]G,D0A,[GGG,] | D,,0 [d2D2][D10G,,,10][G10d10a10A10] |
[D,0A,0D0D,,0] [D2F2] D2 D,2 A,2<A2e2 G6<E6 | [F,0B,0D0B,,,0] [B,F,] B,, D A,FA2F2 BA,FF | F2FG F2D2 E,,0 [E,2E,2]D0[E2A,2] | D0 [B2D2]E,,2E,2 F,,0 F,2D0[E2A,2] D2 [c2D2]F,,2[F,2F,2] |
G,,0 [G,F,]G,D0A,d [D0D,,0] Dd[D10G,,,10][G10d10a10A10] | [D0F0D,,0] [D2F2] D2 D,2 A,A2eA, G6<E6 | [E0B,,,0] [B,F,] B,, D A,FA2F2 | BA,F2 F2F2 G2<E2 |
[D0E,,0] [E,2E,2][E2A,2] [B2D2][D0E,,0]E,2 [C2F,,2] F,2[E2A,2] | [c2D2]F,,2[F,2F,2] [B,0G,,0] [G,F,]G,2A,[GGG,] D,,0 [d2D2]G,,,0[G5d5a5A5] |E,,, A,,,B,,,D,,2 [G,2B,2D2G2E,,2] [D,2E,2G,2A,2D2G,2B,2D2G2]E[G,B,DFEG,,][D,F,A,DF,A,DF] | [E2E,,2]B,,,[F,A,DFED,,][D,F,A,DF,A,DF]D F[F,A,DFA,,][D,F,A,DF,A,DF]D[F,A,DFFD,,][D,F,A,DF,A,DF] [F,A,DGA,,] [D,E,G,A,DG,B,DG][F,2A,2D2F2D2A,,2][D,2F,2A,2D2F,2A,2D2F2][F,A,DF] |
[G,2B,2D2G2E,,2] [D,2E,2G,2A,2D2G,2B,2D2G2]D[G,B,DGBDG,,][D,F,A,DB,DGB] [D2E,,2]B,,,[F,A,DFDD,,][D,F,A,DF,A,DF]D F[G,B,DGA,,][D,F,A,DG,B,DG]A[G,B,DGAD,,][D,F,A,DG,B,DG] | [G,B,DGA,,] [D,E,G,A,DG,B,DG][B,DGBA,,][D,F,A,DB,DGB]D,,[G,B,DG] [G,2B,2D2G2E,,2] [D,2E,2G,2A,2D2G,2B,2D2G2]E[G,B,DFEG,,][D,F,A,DB,DGB] E,,B,,,[F,2A,2D2F2G2D,,2][D,2F,2A,2D2F,2A,2D2F2] | F[F,A,DFA,,][D,F,A,DF,A,DF]E[F,A,DFDD,,][D,F,A,DF,A,DF] [F,A,DGFA,,] [D,E,G,A,DF,A,DF][F,A,DFA,,][D,F,A,DF,A,DF][EA,,]D[F,A,DF] [G,2B,2D2G2E,,2] [D,2E,2G,2A,2D2G,2B,2D2G2]D[G,B,DFDG,,][D,F,A,DB,DFB] | [D2E,,2]B,,,[F,A,DFED,,][D,F,A,DF,A,DF]D F[F,A,DFA,,][D,F,A,DB,DGB]E[F,A,DFDD,,][D,F,A,DF,A,DF] [F,A,DGDA,,] [D,E,G,A,DF,A,DF][F,A,DFA,,][D,F,A,DF,A,DF][DD,,][dDF,,] |
[E0G,,0] [D2G2A2d2D,2G,2A,2B,2D2]DG,,[DGAdD,G,A,B,D] [D2G2A2d2A,2][=E0A0d0G,,0][D7G7A7d7D7] |D,,E,,D,,[=A,DGAD,G,A,D] [A,0G,,0] [A,2D2G2A2D,2G,2A,2D2]_A2G,, G2G,,0[=A,DGAD,G,A,D]E5 | [=E=AG,,,][_E_AA,,,]B,,,[DD,,] [G,2B,2D2G2E2E,,2] [D,2E,2G,2A,2D2G,2B,2D2G2B2]D[G,B,DGG,,][D,F,A,DG,B,DG] | E,,B,,,[F,3A,3D3F3D,,3][D,3F,3A,3D3F,3A,3D3F3][F,2A,2D2F2][D,2F,2A,2D2F,2A,2D2F2][F,A,DFD,,][D,F,A,DF,A,DF] [F,A,DGA,,] [D,E,G,A,DD]E[F,A,DGA,,][D,F,A,D]DD,,B,[F,A,DF=D,,] |
[G,3B,3D3G3E,,3] [D,2E,2G,2A,2D2G,2B,2D2G2]>[G,2B,2D2G2G,,2][D,F,A,DF,A,DF] E,,[F,A,DFB,,,][F,0A,0D0F0D,,0][D,3F,3A,3D3F,3A,3D3F3]A,,2[D,2F,2A,2D2]A,,[D,F,A,D] | A,,, [D,E,G,A,DG,B,DG]A,,,0[D,F,A,DF,A,DF]B,,,2 [E,D,,] D2A2eA, G2A,E0D | F4 D2D[Ae] [B,,0B,,,0] [B,E]FA[FD] | [BA]A,F0EF F2FG F0 D2[DB,,,]A, |
[E,0A,0D0F0E,,0] [E2E,2]F0[EA,]G0G E0 [B2D2]E,,2E,2 [F,0A,0D0F0F,,0] [F2F,2]F0[FA,]G0A | F0 [cC]E[D0F,,0]A,E [G,0A,0D0F0G,,0] [GG,]FF0[GA,]G0B F0 [dD]FG,,0A,[GE,,] | [D,0A,0D0F0D,,0] [DD,]E[D0D,,0][D2F,2]F [F0D,,0] [AD]E[D0D,,0]A,E [E,0A,0D0E,,0] E,2F[DA,]E | F0 [BD]GGE,,0[DE,]E [F,0A,0D0F,,0] F,2F0[FA,]GA F0 [cC]EA[D0F,,0][DA,]E |
[D,G,A,DFG,,] [deaG,A,DG]FF[D,G,A,DGG,,][dG,A,DG] [D,0G,0A,0D0F0G,,0] [deaG,A,DG]E[D,2G,2A,2D2D2G,,2][d2e2a2G,2A,2D2G2] F[D,G,A,DG,,][dG,A,DG][D,0G,0A,0D0F0G,,0][deaG,A,DG]G,, | [D,G,A,DFG,,] [deaG,A,DG][D,G,A,DD,,][dG,A,DG][D,G,A,DFE,,][deaG,A,DG]D,,[G,A,DG] [D,2G,2A,2D2F2G,,2] [d2e2a2F,2]E,F,0[D,G,A,DD,,][dE,] [D,G,A,DG,,] [deaF,]E,[D,0G,0A,0D0G,,,0][deaA,]A, | E,F,0[dE,][deaD,]G,,,B,, D,,0 [deaD,A,]E,,[A,0G,,0]E,[eA,] [e2E,,2] [E,2G,2B,2D2G2]A[e2A2G,,2][E,G,B,DG] | [AE,,][AB,,,][e2A2D,,2]>[D,2F,2A,2D2F2]G2[eA,,][D,F,A,DF][eAD,,][dAD,,][D,F,A,DF] [cAD,,] [E,G,B,DG][dAD,,][E,G,B,DG][dAD,,][D,F,A,DF][eGD,,] |
[e2E,,2] [E,2G,2B,2D2G2]F[e0F0G,,0][E,G,B,DG] [FE,,][FB,,,][A2A2d2F2D,,2][D,2F,2A,2D2F2] F[dFA,,][D,F,A,DF]F[dA,,][E,G,B,DG] | [A0E0A,,,0] [E,G,B,DG][dB,,,][D,F,A,DF][d2D,,2]F,, [eEAEE,,] [E,G,B,DG]EE[eG,,][E,G,B,DGB] [E2E,,2]B,,,[DAdED,,][D,F,A,DF]D | E[A0d0F0A,,0][D,F,A,DF]E[FD,,][D,F,A,DF] [D0A0E0A,,0] [E,G,B,DG][e0D0A,,0][E,G,B,DG]D,,[D,F,A,DF]=D,, [eEAEE,,] [E,G,B,_DG]EE[e2G,,2][E,G,B,DGB] | [AE,,][AB,,,][E,G,B,DGB][DAdAD,,][D,F,A,DF]A F[A0d0F0D,,0][D,F,A,DF]FD,,D [DAEA,,,] E[d0D0B,,,0]DD,,B,F,,A, |
[D,G,B,DE,,] [E,G,B,DGB]BB[ABG,,][E,G,B,DGB] B0 [ABE,,][GAB,,,][FAD,,][D,F,A,DF]A A[d2F2A,,2][D,F,A,DF]F[dFD,,][D,F,A,DF] | [dGA,,] [E,G,B,DG][dFA,,][E,G,B,DG][dED,,][D,F,A,DF][dD=D,,] [E,G,B,EEE,,] [E,G,B,_DG]EE[E,G,B,EDG,,][E,G,B,DG] [=E2_E,,2]B,,,[D,F,A,DED,,][D,F,A,DF]D | DD,,[D,F,A,DF][D,F,A,DB,]D,,[D,F,A,DF] [B,2E2A,,,2] [B,E]B,,,[B,EA,D,,][B,E][DF,,]D [G,B,DGE,,] [E,G,B,DG]EE[AEG,,][E,G,B,DGB] B0 | [AE,,][GEB,,,][F2D,,2][D,2F,2A,2D2F2] F[D,2F,2A,2D2A,,2][D,F,A,DFB]E[D,F,A,DDD,,][D,F,A,DF] [D,F,A,DFA,,] [E,G,B,DG][D,F,A,DEA,,][E,G,B,DG][E2D,,2][D,F,A,DF]=D,, |
[G,B,DGDE,,] [E,G,B,DG]D2[G,B,DGG,,][E,G,B,DGB] E,,B,,,[F,3A,3D3F3D,,3][D,3F,3A,3D3F3][F,2A,2D2F2D,,2][D,2F,2A,2D2F2B2][A,FD,,][D,F,A,DF] | [A,DFF,A,,,] [E,G,B,DG][A,0D0F0B,,,0][E,G,B,DG][FD,,][D,F,A,DF][DF,,] [G,0B,0D0E0G0B0E0E,,0] [E,E,G,B,DE]E[E0E,,0][A,E,G,B,DE]D [G,0B,0D0E0G0B0E0E,,0] [DE,G,B,DE]EE,,2[A,E,G,B,DE]D | [G,0B,0D0E0G0B0E0E,,0] [E,E,G,B,DE]E[E0E,,0][DE,G,B,DE]D [G,0B,0D0E0G0B0E0E,,0] [A,E,G,B,DE]F[F0E,,0][DE,G,B,DE]F [D,0G,0B,0D0G0A0F0G,,0] [F,D,G,B,DG]F[F0G,,0][A,D,G,B,DG]F | [D,0G,0B,0D0G0A0E0G,,0] [DD,G,B,DG]FG,,2[A,D,G,B,DG]D [D,0G,0B,0D0G0A0F0G,,0] [F,D,G,B,DG]F[F0G,,0][DD,G,B,DG]F [D,0G,0B,0D0G0A0F0G,,0] [A,D,G,B,DG]E[D0=D,,0][_D2D,2G,2B,2D2G2] |
[E,0E,,0] [E,2E,2G,2B,2D2E2][G,0E,,0][A,E,G,B,DE]D [B,0D0G0B0F0E,,0] [DE,G,B,DE]E[D0E,,0][A,2E,2G,2B,2D2E2] [F,0E,,0] [F,2F,2A,2D2F2][A,0E,,0][A,2F,2A,2D2F2] | [D0F0A0c0E0E,,0] [D2F,2A,2D2F2][D0E,,0][A,2F,2A,2D2F2] [G,0G,,0] G,2A,0A,G,,[dea] D0 [D2d2e2a2][G0A0d0G,,0][A3d3e3a3] |[G0A0d0D,,0][A,dea]E,,0DD,, [GAdG,,] [Adea]D,,E,,DD,,A, [G,0B,0D0G0E,,0] [E,G,B,DGd]ABd[G,B,DGBG,,][E,G,B,DGf] | E,,[BB,,,]d[F,0A,0D0F0B0D,,0][D,F,A,DFA]e A[F,A,DFA,,][D,F,A,DFF]FA[F,0A,0D0F0D,,0][D,F,A,DFB] [G,B,DGFA,,] [E,G,B,DG][F,A,DFA,,][D,F,A,DFA][ED,,]F=D,,A |
[G,0B,0D0G0E,,0] [E,G,B,DGd]ADd[G,0B,0D0G0D0G,,0][E,G,B,DGf] E,,[DB,,,]A[F,0A,0D0F0A0D,,0][D,F,A,DFB]A F F[F,0A,0D0D0D,,0][D,F,A,DFe]E[DD,,][D,F,A,DFA] | [FA,,,] [E,G,B,DGB][DB,,,][D,F,A,DFA][B,DD,,]F[A,F,,]D [G,0B,0D0G0E,,0] [E,G,B,DGd]ADd[G,B,DGDG,,][E,G,B,DGf] E,,[DB,,,]d[F,0A,0D0F0A0D,,0][D,F,A,DFA]Ae | A[F,A,DFFD,,][D,F,A,DFF]BA[F,0A,0D0F0B0D,,0][D,F,A,DFB] [G,B,DGBA,,,] [E,G,B,DG][F,A,DFAB,,,][D,F,A,DFA][GD,,]FF,,A [G,0B,0D0G0E,,0] [E,G,B,DGd]DAGd[G,B,DGFG,,][E,G,B,DGf] | [EE,,]B,,,d[F,0A,0D0F0D0D,,0][D,F,A,DFA]F2e2[F,A,DDEA,,][D,F,A,DFF]D0A[D0D,,0][D,F,A,DFB] [FA,,] [E,G,B,DG][DA,,][D,F,A,DFA][B,DE,,]F[A,DF,,]D |
[G0A,0D0A0E0G,,0] [G,A,DGAA]GD0A[G0G,,0][G,A,DGAe] G,,0 A2[B0G,,0][G,2G,2A,2A,2D2D2G2G2B2A2]<e2Ae2 |D,,E,,F,,[G,=A,DGA] [G,2A,2D2G2A2G,,2] [G,2A,2D2G2A2G,2A,2D2G2A2]G2G,, [G4G,,4]<[G,4A,4D4G4A4G,,,4][G,6A,6D6G6A6G,6A,6D6G6A6] | A,,,B,,,D,,F,, [E,2G,2B,2D2E2E,,2] [D,2E,2G,2A,2D2]E[E,G,B,DEG,,][D,F,A,DG,B,DG] | [DE,,]B,,,[G,B,DG][D,3F,3A,3D3D,,3][D,2F,2A,2D2F,2A,2D2F2]>[D,2F,2A,2D2A,,2][D,F,A,DF,A,DF]A,,,[D,D,,][D,F,A,DF,A,DF] [E,D,,] [D,E,G,A,DG,B,DG][D,D,,][D,F,A,DF,A,DF][B,,D,,][A,,=D,,] |
[E,3G,3B,3D3E3E,,3] [D,2E,2G,2A,2D2E,2G,2B,2D2]>[E,2G,2B,2D2E2G,,2][D,F,A,DG,B,DG] E,,B,,,[G,B,DG][D,3F,3A,3D3D,,3][D,3F,3A,3D3F,3A,3D3F3][A2A,,2][D,2F,2A,2D2F,2A,2D2F2][DD,,][D,F,A,DF,A,DF] | [AA,,] [D,F,A,DF,A,DF][A0A,,0][D,F,A,DF,A,DF][FD,,][D=D,,] [G,0B,0_D0E0G0B0E0E,,0] [E,G,B,DEE,]E[E0E,,0][E,G,B,DEA,]D [G,0B,0D0E0G0B0E0E,,0] [E,G,B,DED][EE,,]E,,0[E,G,B,DEA,][DE,,] | [G,0B,0D0E0G0B0E0E,,0] [E,G,B,DEE,]E[E0E,,0][E,G,B,DED]D [G,0B,0D0E0G0B0E0E,,0] [E,G,B,DEA,]F[F0E,,0][E,G,B,DED][FE,,] [D,0G,0B,0D0G0A0F0G,,0] [D,G,B,DGF,]F[F0G,,0][D,G,B,DGA,]F | [D,0G,0B,0D0G0A0E0G,,0] [D,G,B,DGD][FG,,]G,,0[D,G,B,DGA,][DG,,] [D,0G,0B,0D0G0A0F0G,,0] [D,G,B,DGA]F[F0G,,0][D,G,B,DGD]F [D,0G,0B,0D0G0A0F0G,,0] [D,G,B,DGA]F[F0G,,0][D,G,B,DGD][DD,,] |
[E,0E,,0] [E,G,B,DEE,]A,[G,0E0E,,0][E,G,B,DEE]c [B,0D0G0B0E,,0] [E,G,B,DE]AFE,,0[E,G,B,DEE]E0E,,A [F,0F,,0] [F,A,DFF,]A,0D[A,0F,,0][F,A,DFD]e | [D0F0A0c0F,,0] [F,2A,2D2F2]AE,,0[F,A,DFF]F,,A [G,0G,,0] [G,A,DGA]EA,AD,,[G,A,DGA] D0 [G,2A,2D2G2A2d2f2][G4A4d4G,,,4][G,4A,4D4G4A4d4a4] |A,0A,2 E0 [D2D2]E2 [A,0D0E0D,,0] [D2F2] D2 D,2 A,A15e14 | [B,0D0F0B,,,0] [B,F,] B,, D A,FA2F3 B2D10 |
[G0E,,0] [E,2E,2][E2A,2] [B2D2]E,,2E,2 | [A2F,,2] F,2[E2A,2] [c2D2]F,,2[F,2F,2] [A0B0G,,0] [G,F,]G,2A,[GGG,] | D,,0 [d2D2]G,,,10[G10d10a10A10] | [D0F0A0D,,0] [D2F2] D2 D,2 A,A2eA, G2E10 |
[D0F0B0B,,,0] [B,F,] B,, D A,FA2F2 BA,FF | F2FG F2D2 [G0E,,0] [E,2E,2][E2A,2] | [B2D2]E,,2E,2 [A2F,,2] F,2[E2A,2] [c2D2]F,,2[F,2F,2] | [G0G,,0] [G,F,]A0G,d0A,[GGG,] [A0D,,0] [d2D2][A,0f0a0G,,,0][G9d9a9A9] |","['Rap', 'Electronic', 'Classical', 'Rock']",Rock,3,Choose the most probable genre label of the provided score.
Rock_Alternative Rock_Manic Street Preachers_Ocean Spray.abc,"X:1
M:3/4
L:1/16
K:G
[G,4B,4D4G,,4] | [G,4B,4D4] [B,4G,4D4] [G,2B,2D2]D,,2 | [G,4B,4D4G,,4] [G,4B,4D4] [G,4B,4D4] | [G,4B,4D4] [D2G2B2=F,,2]F,2 [D2G2B2]F,2 | [D2G2B2]=F,2 [D2G2B2]F,,F,, [D4G4B4F,,4] |
[D4G4B4] [D4G4B4] [D2G2B2]=F,,2 | [C4E4G4E,,4] [C4E4G4] [C2E2G2]E,,2 | [C2E2G2]E,,2 [C4^D4G4D,,4] [C4D4G4] | [C4^D4G4] [C4D4G4] [=D4F4A4D,,4] |
[D4F4A4] [D4F4A4] [D2F2A2]D,,2 | [D4F4A4d4D,,4] [D4F4A4d4] [d8f8a8d'8] | [G,,8F,8A,8C8D8] | [G,2B,2D2G,,2]D,2G, A,B,D,2 [G,2B,2D2G,,2]D,2 |
[G,2B,2D2]D,2 [G,2B,2D2]D,2 [G,2B,2D2]G,,2 | [A,2C2E2A,,2]E,2 [C2A,2E2]A,,2 [A,2C2E2G,,2]G,2 | [A,2C2E2]G,,2 [F,4A,4D4F,,4] [A,4F,4D4] | [F,2A,2C2D2D,,2]D,2 [F,2A,2C2D2]D,2 [G,2B,2D2G,,2]D,2 |
[G,2B,2D2]D,2 [D2G,2B,2]D,2 [G,2B,2D2]G,,2 | [A,2C2E2G2A,,2]E,2 [A,2C2E2G2]A,,2 [F,2A,2D2D,,2]D,2F, | [F,2A,2D2]D,2 [F,4A,4C4D4G,,4] [A,2C2F,2D2]G,,2 | [G,2B,2D2G,,2]D,G, A,B,D,2 [G,2A,2B,2G,,2]D,2 |
[A,2G,2B,2]D,2 [G,2A,2B,2]D,2 [G,2A,2B,2]G,,2 | [A,2C2E2A,,2]E,2 [A,2C2E2]A,,2 [E2A,2C2^G,,2]G,2 | [A,2C2E2]^G,,2 [D2F,2A,2D,,2]D,2 [A,2F,2D2]D,,2 | [C2F,2A,2D2D,,2]D,2 [D2F,2A,2]D,2 [G,2A,2B,2G,,2]D,2 |
[G,2A,2B,2]D,2 [G,2A,2B,2]D,2 [G,2A,2B,2]G,,2 | [G,2C2E2G,,2]D,2 [G,2C2E2]D,2 [C2E2]CD | E4 [A,0B,0G,,0G,0]D,2 [G,2A,2B,2]D,2 | [G,2A,2B,2]D,2 [G,2A,2B,2]G,,2 [G,2A,2B,2G,,2]>D,2 |
[G,2A,2B,2]D,2 [G,2A,2B,2]D,2 [G,2A,2B,2]G,,2 | [G,2C2E2G,,2]D,2 [G,2C2E2]D,2 [G,2C2E2]D,2 | [G,2C2E2]D,2 [G,2C2E2G,,2]D,2 [G,2C2E2]D,2 | [G,2C2E2]D,2G, [G,E][G,D][G,2D2] [A,2C2E2A,,2]E,2 |
[A,2C2E2]E,2 [A,4C4E4] [A,2C2E2]A,,2 | [A,2C2E2G,,2]G,2 [A,2C2E2]G,2 [A,2C2E2]G,,2 | [A,2C2E2]G,,2 [F,4A,4D4F,,4] [F,4A,4D4] | [F,4A,4D4] [F,2A,2D2]F,,2 [A,2C2E2G2A,,2]E,2 |
[A,2C2E2]A,,2 [D,,2F,2A,2D2]D,F, [E,,2F,2A,2C2D2]F,2 | [G,2A,2B,2G,,2]D,2 [G,2A,2B,2]D,2 [G,2A,2B,2]D,2 | [G,2A,2B,2]D,2 [G,2A,2B,2G,,2]D,2 [G,2A,2B,2]D,2 | [G,2A,2B,2]D,2 [G,2A,2B,2]G,,2 [G,2C2E2G,,2]D,2 |
[G,2C2E2]D,2 [G,2C2E2]D,2 [G,2C2E2]D,2 | [G,2C2E2G,,2]D,2 [G,2C2E2]D,2 [G,2C2E2]D,2G, | [B,,2G,2E2]D2 [A,2C2E2A,,2]E,2 [A,2C2E2]E,2 | [A,2C2E2]E,2 [A,2C2E2]A,,2 [A,2C2E2G,,2]G,2 |
[A,2C2E2]G,2 [A,2C2E2]G,2 [A,2C2E2]G,,2 | [A,2C2=F2F,,2]F,2 [A,2C2F2]F,2 [A,2C2F2]F,2A, | [A,2C2=F2]F,,2 [^F,2A,2D2D,,2]D,2 [F,2A,2D2]D,,2 | [D,,2F,2D2A,2]F,F, [E,,2F,2A,2D2]F,2 [F,4A,4C4D4G,,4] |
[A,2C2F,2D2]G,,2 [G,2B,2D2G,,2]D,2G, A,B,D,2G, | [G,2B,2D2G,,2]D,2 [G,2B,2D2]D,2 [G,2B,2D2]D,2 | [G,2B,2D2]G,,2 [A,2C2E2A,,2]E,2 [A,2C2E2]A,,2 | [A,2C2E2G,,2]G,2 [A,2C2E2]G,,2 [F,4A,4D4F,,4] |
[F,2A,2D2]F,,2 [F,2A,2C2D2D,,2]D,2 [F,2A,2C2D2]D,2 | [G,2B,2D2G,,2]D,2 [G,2B,2D2]D,2 [G,2B,2D2]D,2 | [G,2B,2D2]G,,2 [A,2C2E2A,,2]E,2 [A,2C2E2]A,,2 | [F,2A,2D2D,,2]D,2F, [F,2A,2D2]D,2 [F,4A,4C4D4G,,4] |
[F,2A,2C2D2]G,,2 [G,2B,2D2G,,2]D,2G, A,B,D,2G, | [G,2B,2D2G,,2]D,2 [G,2B,2D2]D,2 [G,2B,2D2]D,2 | [G,2B,2D2]G,,2 [A,2C2E2A,,2]E,2 [A,2C2E2]A,,2 | [A,4C4E4^G,,4] [C2E2A,2]G,,2 [F,2A,2D2D,,2]D,2 |
[D2F,2A,2C2]D,,2 [F,2A,2D2D,,2]D,2 [F,2A,2D2]D,2 | [B,2G,2A,2G,,2]D,2 [G,2B,2D2]G,,2 [G,,2G,2B,2D2]G,,G,, | [G,B,D]G,,G,,G, [G,2C2E2D,,2]D,2G, [G,2C2E2]D,,2 | [F,2A,2D2D,,2]D,2F, [F,2A,2D2]D,2 [A,2C2D2F,2G,,2]D,2 |
[A,2F,2D2]G,,2 [G,2B,2D2G,,2]D,2G, [G,A,]B,D,2G, | [G,2B,2D2G,,2]D,2 [G,2B,2D2]D,2 [G,2B,2D2]D,2 | [G,2B,2D2]D,2 [A,2C2E2A,,2]E,2 [A,2C2E2]A,,2 | [A,2C2E2G,,2]G,2 [A,2C2E2]G,,2 [F,4A,4D4F,,4] |
[F,2A,2D2]F,,2 [F,2A,2D2D,,2]D,2 [F,2A,2C2D2]D,2 | [G,2A,2B,2G,,2]D,2 [G,2B,2D2]D,2 [G,2B,2D2]D,2 | [G,2B,2D2]G,,2 [A,2C2E2G2A,,2]E,2 [A,2C2E2]A,,2 | [F,2A,2D2D,,2]D,2F, [F,2A,2D2]D,2 [F,4A,4C4D4G,,4] |
[F,2A,2C2D2]G,,2 [G,2B,2D2G,,2]D,2G,2 A,B,A,D, | [G,2A,2B,2G,,2]D,2 [G,2A,2B,2]D,2 [G,2A,2B,2]D,2 | [G,2A,2B,2]G,,2 [B,2C2A,2A,,2]E,2 [C2A,2]A,,2 | [A,2C2E2^G,,2]G,2 [A,2C2E2]G,,2 [F,2A,2C2D2D,,2]D,2 |
[C2D2F,2A,2]D,,2 [C2F,2A,2D2D,,2]D,2 [F,2A,2D2]D,2 | [G,2A,2B,2G,,2]D,2 [G,2B,2]D,2 [G,2B,2D2]D,2G, | [G,2B,2D2]F,,2 [G,2B,2E2E,,2]E,2 [G,2B,2E2]E,2 | [G,2B,2E2]E,2 [G,2B,2E2]E,2 [A,2C2E2A,,2]E,2 |
[A,2C2E2]A,,2 [A,4C4E4^G,,4] [A,2C2E2]G,,2 | [F,2A,2D2D,,2]D,2 [F,2A,2D2]D,,2 [D2F,2A,2D,,2]D,2 | [F,2A,2D2]D,G, [A,2B,2G,,2]D,2 G,2D,2 | A,2D,2G, B,D,G,2 [G,2^D2E2C2G,,2]=D,2 |
[G,2C2^D2]=D,2 [G,2C2^D2G2]=D,2 [G,2C2^D2]=D,2 | [G,A,B,G,,]D,2G,A, B,DGA B2d2 | g2bd' [g'b'G,,] |","['Blues', 'Soul', 'Classical', 'Rock']",Rock,3,Choose the most probable genre label of the provided score.
Rock_Album Rock_Supertramp_Take The Long Way Home.abc,"X:1
M:3/4
L:1/16
K:Dm
[C,,15C,,,15] |C,, C,,,2[C2C,2] C,,2[C,2C2] C,,2 |[C2C,2] C,,2[CC,]C,, C,,,2[C2C,2] C,,2 |[C2C,2] C,,2[C2C,2] C,,2[CC,]C,, C,,,2 |[C2C,2] C,,2[C2C,2] C,,2[C2C,2] C,,2 |
[CC,]C,, C,,,2[C2C,2] C,,2[C2C,2] C,,2 |[C,2C2] C,,2[C2C,2] [C,,2C,,,2][C2C,2] | C,,2[C2C,2] C,,2[C2C,2] C,,2[CC,]C,, C,,,2 |[C2C,2] C,,2[C,2C2] C,,2[C2C,2] C,,2 |
[C,2C2] [G,2B,2_E2C,,2][C,2E2G,2B,2] C,,G,,[EB,]C,[G,G,,] [B,2C,,2] | D2[C,2D2B,2F,2] C,,G,,[B,C,D][F,C,] [A,2C2C,,2][C,2F,2A,2C2] C,, |G,,[F,CC,A,]C,F, [E2G,2C2C,,2][C,2E2G,2C2] C,,C,[CEG,][CC,EG,] [B,0F,0D0C,,0] |[C2B,2F,2C,2] [B,2C,,2F,2C2][C2F,2B,2C,2] [F,2C2C,,2][F,2B,2C2C,2] [F,B,CC,,] |
[F,DB,]((3C,2F,2G,4) [D2C,,2][C2G,2C,2] [C2G,2C,,2][G,2C2C,2] [G,2C2C,,2] |[G,2C2C,2] [G,C,,C]G,((3C,2G,2_E4) [B,2G,2C,,2][E2B,2G,2C,2] C,, |G,,[G,C,_EB,][G,C,] [D0B,0C,,0]<[D0F,0B,0C,0] C,,G,,[F,DB,C,][C,F,] [A,0C0F,0C,,0] |[C,2F,2A,2C2] C,,G,,[F,C,CA,][F,C,] [E2G,2C2C,,2][C,2G,2E2C2] C,, |
[C,G,][CEG,][CEC,] [F,0B,0D0] C,,2[F,2B,2C2C,2] [B,2C2F,2C,,2][F,2B,2C2C,2] [F,2C2B,2C,,2] |[B,2F,2C2C,2] [B,CC,,F,]B,0[F,D]((3C,2F,2G,4) [D2C,,2][G,2C2C,2] [G,2C2C,,2] |[G,2C2C,2] [G,2C2C,,2][G,2C2C,2] [G,CC,,]G,C,G, [C,,0_E0B,0G,0] |[C,2_E2B,2G,2] C,,G,,[EB,C,][G,G,,] [D2B,2C,,2][B,0F,0C,0D0] |
C,,G,,[C,F,DB,][F,C,] [A,0C0C,,0][C,2A,2F,2C2] C,,G,,[F,C,A,C][F,C,] [E0G,0C0C,,0] |[C,2E2C2G,2] C,,G,,[C,G,CE][CG,C,E] [D2B,2] [F,2C,,2][C2F,2B,2C,2] [C0F,0B,0C,,0] |[F,2C2B,2C,2] [C2F,2B,2C,,2][F,2B,2C2C,2] [B,F,CC,,][F,DB,]((3C,2F,2C,,4) [G,2D2] |[G,2C2C,2] [C2G,2C,,2][G,2C2C,2] [G,2C2C,,2][G,2C2C,2] [G,CC,,] |
G,C,G, [C,,0G,0_E0B,0][C,2E2G,2B,2] C,,G,,[G,EB,C,][G,C,] [B,0D0C,,0] |[C,2D2B,2F,2] C,,G,,[C,F,DB,][F,C,] [C0A,0F,0C,,0][F,2A,2C2C,2] C,, |G,,[F,A,CC,][F,C,] [G,0C0E0C,,0][C2G,2C,2E2] C,,2[CC,EG,][CEG,C,] [B,2D2C,,2] |[B,2F,2C2C,2] [B,2C2F,2C,,2][B,2F,2C2C,2] [F,2C2B,2C,,2][B,2F,2C2C,2] [F,CC,,B,] |
[F,D]((3C,2F,2C,,4) [G,2D2][C2G,2C,2] [C,,2C2G,2][G,2C2C,2] [C2G,2C,,2] |[C2G,2C,2] [G,CC,,]G,C,2 [G2=B,2E2][EGB,]E,2 |E,[G=B,E]E, [B,2E2A2][B,EA]E,2E,[B,AE]E, [C2A2E2] |[CAE]A,2A,[EAC]A, [=B2E2] [G2C2][ECB]((3G2G,4G,2) |
[C=BE]((3G2G,2A4) [F2C2][CFA]F,2F,[CFA]F, [c2D2F2A2] |[cFAD]F,F, F,F,A,[A0D0c0F0]((3B,2F,2D4) [F2B2][FDB]B,2 |B,[DFB]B, [C0F0A0] A,2[CFA]A,2A,[CAF]A, [G=BD] |E[=B0D0G0]BG,B BG,[GBD]BG,B [G0B0E0] B2[B0E0G0]BE,0B2 |
E,[=BGE]AE,G [E0C0A0] A2[A0C0E0]GA,0E2A,[CAE]A, [B2C2E2] | G2G3[C3=B3E3]B2>G,2[EBC][GA][G,G] [F0c0A0] A2[c0F0A0G0]<F,0F2 |F,[cFA]F, [D2c2A2F2][DFcA]F,C DF,E[A0F0D0c0F0]F, [D2F2B2] |[FDB]B,2B,[DFB]B, [C0A0F0] A2[CFA]A,2 |
A,[CAF]A, [G0=B0D0G0][BDG]G,2G,[GDB]G, [G2D2B2] |[=BDG]G,2G,[DGB]G, [G_B_e]C[eGB]C2 |C[_eB]GC [BdF]C[dFB]C2C[BFd]C | [FAc]C[FAc]C2C[FcA]C [Gce]C[ecG]C2 |
C[eGcA,F][cGe][FA,] [B,0F0B0d0] F2[B2c2F2][B,2F2] [F0c0B0] [FB,]C[B2c2F2] [FcB] |C[c2B2F2] [BFc][FdB][B,F][CFB,] [F0B0d0G,0F0][G2c2G,2E2E2] [G0E0c0] | [G,E]C[E2c2G2] [cG] EC[E2G2c2] [EGc]C[EGc]C [_eGB] |[GC][GB_eB][CB] BC[GBe]ACG [dFB] ACB[dFB]((3B2C4C2) |
[FdB]C [AFc]CG[FAc]A[CA] AC[AFAc][cC] | [ecAG]CG[e0G0c0]((3E2C4C2)[ecG][A,F][eGc][FA,] [B,0F0d0] [F2B2][B2F2c2][B,2F2] [B0c0F0F0B,0] |C[c2F2B2] [BF] ((3c2C2B4)[F2c2] [BFc][FBd][B,F]C[FB,] [d2B2F2G,2F2] |[E2G2c2G,2E2] [E0c0G0G,0E0]C[E2G2c2] [GEc]C[E2G2c2] [GcE] |
C[E2G2c2] [G=B,E][G,E][B,GE]BG,B BG,[B,GE]B[G,B] [EAB,] | =BG,[B,AE]BG,0B2G,[B,AE]A[G,G] [C0A0E0] AA,[CEA]GA,0E2 |A,[CEA]A, [GEC=B]G,[B0E0G0C0]((3B2G,4G,2)[BCGEA]G,((3G2C0F2) [AA] |F,[CAFG]F,0F2F,[CFA]F, [ADF] cF,[DcAF][F,F,] |
F,F,A,[D0A0F0c0]B,F, [BFD]B,[DFB]B,2B,[FBD]B, [C0A0F0] | A,A,[FAC]A,2A,[FAC]A, [D=BG][EB,][BGD]B[B,B] | =BB,[GBD]B[B,B] [GEBB]G,[EBG]BG,0B2G,[GBE]A[G,G] | [ACA]A,[AECG][A,0E0]A,[CAE]A, [E=BC]G,[E0B0C0G0B0]G,2 |
G,[CG=BE]AG,G [F2c2A2A2][GA][Fc]F0F,2F,[FcA]F, [cFDA] |F,[cDFA]F,C DF,E[F0D0A0c0]FF, [FBD]B,[FBD]B,2 |B,[DFB]B, [F0A0A0]A,[FA]A,2A,[FAC]A, [D0G0G0] | =B,G,[DG]((3B,2G,4G,2)[DB,G]G, [GD] BG,[BGD]G,2 |
G,[D2G2=B2] [G,2_B,2_E2][E2B,2G,2] [G,EB,]E,[G,EB,]E, [F,2B,2D2] |[D2F,2B,2] [F,B,D]D,[F,B,D]D, [C2A,2F,2][A,2C2F,2] [A,F,C] |C,[F,CA,]C, [C2G,2] E2[G,2C2E2] [G,E] CC,[EG,C]C, B,2 | [F,2D2][C2B,2F,2] [F,B,C]C,[B,2F,2C2] [F,B,C]C,[B,2F,2C2] [CB,F,] |
[D2B,2F,2]C, [F,2D2B,2][G,2E,2C2] [G,CE,]C,[G,2E,2C2] [CG,E,] |C,[C2E,2G,2] [E,2G,2C2][G,E,C]C, [G,2_E2B,2][E2B,2G,2] | [G,B,_E]E,[G,EB,]E, [B,2F,2] D2[F,2D2B,2] [B,DF,]D,[B,F,D]D, | [A,2F,2C2][C2A,2F,2] [F,A,C]C,[F,A,C]C, [G,2E2C2][G,2C2E2] |
[ECG,]C,[EG,C]C, [B,2F,2D2][B,2C2F,2] [CF,B,]C,[B,2F,2C2] [F,B,C] |C,[B,2F,2C2] [CB,F,][D2F,2B,2]C, [B,DF,]C,[E,2G,2C2] C | [G,E,]C,[G,2C2E,2] [G,E,C]C,[C2E,2G,2] [E,CG,]C,[E,2G,2C2] [G=B,E] |[G,E][=B,GE]BG,B BG,[B,GE]B[G,B] [EAB,] BG,[B,AE]BG,0B2 |
G,[=B,AE]A[G,G] [C0A0E0] AA,[CEA]GA,0E2A,[CEA]A, [GECB] |G,[=B0E0G0C0]((3B2G,4G,2)[BCGEA]G,((3G2C0F2) [AA]F,[CAFG]F,0F2 |F,[CFA]F, [ADF] cF,[DcAF][F,F,] F,F,A,[D0A0F0c0]B,F, [BFD] |B,[DFB]B,2B,[FBD]B, [C0A0F0] A,A,[FAC]A,2 |
A,[FAC]A, [D=BG][EB,][BGD]B[B,B] BB,[GBD]B[B,B] [GEBB] |G,[E=BG]BG,0B2G,[GBE]A[G,G] [ACA]A,[AECG][A,0E0] |A,[CAE]A, [E=BC]G,[E0B0C0G0B0]G,2G,[CGBE]AG,G [F2c2A2A2] |[GA][Fc]F0F,2F,[FcA]F, [cFDA]F,[cDFA]F,C |
DF,E[F0D0A0c0]FF, [FBD]B,[FBD]B,2B,[DFB]B, [F0A0A0] |A,[FA]A,2A,[FAC]A, [D0G0G0] =B,G,[DG]B,G,2 |G,[D=B,G]G, [GD] BG,[BDG]G,2G,[D2G2B2] [_e_BG] |C[_eGB]C2C[eBG]C [dFB]C[FBd]C2 |
C[FdB]C [AFc]C[FAc]C2C[FcA]C [Gce] |C[eGc]C2[CB,G][ecG][B,G][ec][GB,G] [B2d2] [F2B,2G2][F2B2c2][B,2F2] [F0B0B,0F0] | cC[F2c2B2] [FBc]C[BFc]C2[FBd][B,F]B,C[FB,] [_E2^G2d2G,2F2] |[_E2^G2c2][G,2E2] [EG,EGc]C[E2G2c2] [EGc]C[GEc]C2 |
[^G0_E0d0][G,F][G,F]C[FG,] [d2A2F2] [A,2F2][F2c2A2][A,2F2] [AA,Fc] FC[F2c2A2] [AFc] |C[FcA]C2[AdF][A,F][A,F]C[FA,] [d0F0B0] [B,2F2][B0F0c0][B,2F2] [F0B0c0B,0F0] |C[B2F2c2] [FBc]C[BFc]C2[FBd][B,F][B,F]C[FB,] [_E0^G0d0] | [^G,2F2][_E0G0c0][G,2E2] [EcGG,E]C[E2c2G2] [EG] cC[EGc]C2 |
[^G0_E0d0][G,F][G,F]C[FG,] [F0d0A0] [A,2F2][F0c0A0][A,2F2] [c0F0A0] [A,F]C[A2c2F2] [FcA] |C[AFc]C2[dAF][A,F][A,F]C[FA,] [B0F0d0] [B,2F2][B0F0c0][B,2F2] [F0c0B0] | [B,F]C[B2c2F2] [FBc]C[BFc]C2[F0d0B0][B,F][B,F]C[FB,] [A0d0F0] | [A,2F2][A2F2c2][A,2F2] [AFcFA,]C[F2A2c2] [AcF]C[AcF]C2 |
C[F2A2c2] [A,2D2F2]F0F,2<[d2D2]c2C2 | A2[F2F,2]<d2D3[C2c2] [E2G2C2][G,0G0][D3d3] |[C2c2] [G,2E2]G,0G2<[d2D2][C2c2] | [D2A,2F2][F0F,0]d3D3[C2c2] [D2A2][F,0F0]d3D3 |
[c2C2] [E2G2=B2][G,0G0][d3D3][C2c2] | [C2E2G2][G,2G2]<[d2D2][c2C2] [D2F2A,2]FF,2<d2D3 |[C2c2] [D2F2A2]FF,2<[d2D2][C2c2] | [C2E2G2][G2G,2]<[d2D2][C2c2] [G,2C2E2]GG,2<[d2D2] |
c2C2 C,,0 [F,2B,2C2][B,2C,2F,2C2] C,,2[F,2C,2C2B,2] | C,,2[F,2B,2C2C,2] C,,2[B,0F,0C0C,0] [^G,2C2_E,2C,,2][C,2E,2G,2]C2 C,,2 |[^G,2_E,2C,2C2] C,,2[G,2E,2C,2]C2 C,,2[E,0G,0C,0]C2 [C,,0F,0A,0] | C2C,2[A,2C2F,2] C,,2[C2C,2A,2]F,2 C,,2[A,2C,2F,2C2] C,,2 |
[F,0A,0]<[C,0C0] [C,,0B,0] [F,2C2][B,2C,2F,2C2] C,,2[C,2B,2F,2C2] C,,2 |[F,2C,2B,2C2] C,,2[F,2C2B,2C,2] [_E,2C,,2C2^G,2][C,2E,2G,2C2] C,,2 |[_E,2^G,2][C2C,2] C,,2[G,2E,2C2C,2] C,,2[E,0G,0C0C,0]< C,,0 [F,2C2A,2] |[C,2F,2A,2C2] C,,2[C,2A,2C2F,2] C,,2[A,2F,2C2C,2] C,,2 |
[A,2F,2C,2C2] C,,32 [C,32B,32F,32C32] |","['Latin', 'Ambient', 'Pop', 'Rock']",Rock,3,Choose the most probable genre label of the provided score.
Rock_Rock-And-Roll_Crispian St Peters_The Pied Piper.abc,"X:1
M:3/4
L:1/16
K:B
[B,,2F,2B,2D2F2f2][F2f2] | [B2b2][d2d'2] [e2e'2][d2d'2] [c2c'2][B2b2] | [B,2G,2E,2E2G2g2][G2g2] [B2b2][d2d'2] [e2e'2][d2d'2] | [c2c'2][B2b2] [B,,2F,2B,2D2F2F2f2][F2f2] [B2b2][d2d'2] | [e2e'2][d2d'2] [c2c'2][B2b2] [B,2G,2E,2E2G2g2][G2g2] |
[B2b2][d2d'2] [e2e'2][d2d'2] [c2c'2][B2b2] | [B,,2B,2D2F2F2f2][F2f2] [B2b2][d2d'2] [e2e'2][d2d'2] | [c2c'2][b2B2] [G,16C,16E16C16] | [F,,16F,16A,16C16] |
[F,2B,,2B,2D2F2f2][F2f2] [B2b2][d2d'2] [e2e'2][d2d'2] | [c2c'2][B2b2] [G,2E,2B,2E2G2g2][G2g2] [B2b2][d2d'2] | [e2e'2][d2d'2] [c2c'2][B2b2] [B,,2F,2B,2D2F2F2f2][F2f2] | [B2b2][d2d'2] [e2e'2][d2d'2] [c2c'2][B2b2] |
[B,2E,2G,2E2G2g2][G2g2] [B2b2][d2d'2] [e2e'2][d2d'2] | [c2c'2][B2b2] [B,,2F,2B,2D2F2F2f2][F2f2] [B2b2][d2d'2] | [e2e'2][d2d'2] [c2c'2][B2b2] [G,8C8E8C,8G8] | [F,,8F,8A,8C8] |
[F,2B,,2D2B,2F2f2][F2f2] [B2b2][d2d'2] [e2e'2][d2d'2] | [c2c'2][B2b2] [E,,2E,2G,2B,2G2g2][G2g2] [B2b2][d2d'2] | [e2e'2][d2d'2] [c2c'2][B194b194] | [F,2B,,2D2F2B,2F2f2][F2f2] |
[B2b2][d2d'2] [e2e'2][d2d'2] [c2c'2][B2b2] | [E,,2E,2G,2B,2G2g2][G2g2] [B2b2][d2d'2] [e2e'2][d2d'2] | [c2c'2][B2b2] [B,,2F2B,2D2F2f2][F2f2] [B2b2][d2d'2] | [e2e'2][d2d'2] [c2c'2][B2b2] [E,,2E,2G,2B,2G2g2][G2g2] |
[B2b2][d2d'2] [e2e'2][d2d'2] [c2c'2][B2b2] | [B,,2F2D2B,2F2f2][F2f2] [B2b2][d2d'2] [e2e'2][d2d'2] | [c2c'2][B2b2] [G,16C,16E16G16C16] | [F,,16F,16A,16C16] |
[B,,2F,2B,2D2F2F2f2][F2f2] [B2b2][d2d'2] [e2e'2][d2d'2] | [c2c'2][B2b2] [G2E2E,2G,2B,2G2g2][G2g2] [B2b2][d2d'2] | [e2e'2][d2d'2] [c2c'2][B2b2] [B,,2F,2D2B,2F2F2f2][F2f2] | [B2b2][d2d'2] [e2e'2][d2d'2] [c2c'2][B2b2] |
[G,2B,2E2E,2G2g2][G2g2] [B2b2][d2d'2] [e2e'2][d2d'2] | [c2c'2][B2b2] [F,2B,,2D2B,2F2F2f2][F2f2] [B2b2][d2d'2] | [e2e'2][d2d'2] [c2c'2][B2b2] [C,8E,8G,8] | [F,,8F,8A,8C8] |
[D2B,2B,,2F,2F2f2][F2f2] [B2b2][d2d'2] [e2e'2][d2d'2] | [c2c'2][B2b2] [E,2G,2B,2G2g2][G2g2] [B2b2][d2d'2] | [e2e'2][G2B2d2d'2] [c2c'2][B2b2] [D2F2F2f2][F2f2] | [B2b2][d2d'2] [e2e'2][E2G2d2d'2] [F2A2c2c'2][G2B2B2b2] |
[G2g2][G2g2] [B2b2][d2d'2] [B2G2e2e'2][B2d2d'2] | [c2c'2][B2b2] [D2F2F2f2][F2f2] [B2b2][d2d'2] | [e2e'2][G2E2d2d'2] [F2A2c2c'2][G2B2B2b2] [G2g2][G2g2] | [B2b2][d2d'2] [B2G2e2e'2][d2d'2] [B2c2c'2][B2b2] |
[F2D2F2f2][F2f2] [B2b2][d2d'2] [e2e'2][d2d'2] | [D2F2c2c'2][b2B2] G8 | E4>E4 G10 |[B6G6] |
[D2F2F2f2][F2f2] [B2b2][d2d'2] [e2e'2][G2E2d2d'2] | [F2A2c2c'2][G2B2B2b2] [G2g2][G2g2] [B2b2][d2d'2] | [B2G2e2e'2][B2d2d'2] [c2c'2][B2b2] [D2F2F2f2][F2f2] | [B2b2][d2d'2] [e2e'2][E2G2d2d'2] [F2A2c2c'2][G2B2B2b2] |
[G2g2][G2g2] [B2b2][d2d'2] [B2G2e2e'2][F2B2d2d'2] | [E2G2c2c'2][B2b2] [B2F2f2][F2f2] [B2b2][F2d2d'2] | [e2e'2][d2d'2] [c2c'2][b2B2] G8 | E8 |
[B2F2f2][F2f2] [B2b2][d2d'2] [e2e'2][d2d'2] | [c2c'2][B2b2] [G2g2][G2g2] [B2b2][d2d'2] | [e2e'2][B2d2d'2] [c2c'2][A2B2b2] [D2F2F2f2][F2f2] | [B2b2][d2d'2] [e2e'2][E2G2d2d'2] [F2A2c2c'2][G2B2B2b2] |
[G2g2][G2g2] [B2b2][d2d'2] [B2G2e2e'2][B2d2d'2] | [c2c'2][B2b2] [D2F2F2f2][F2f2] [B2b2][d2d'2] | [e2e'2][G2E2d2d'2] [F2A2c2c'2][G2B2B2b2] [G2g2][G2g2] | [B2b2][d2d'2] [B2G2e2e'2][d2d'2] [B2c2c'2][B2b2] |
[D2F2F2f2][F2f2] [B2b2][d2d'2] [e2e'2][E2G2d2d'2] | [F2A2c2c'2][G2B2B2b2] [G2g2][G2g2] [B2b2][d2d'2] | [B2G2e2e'2][B2d2d'2] [c2c'2][B2b2] [D2F2F2f2][F2f2] | [B2b2][d2d'2] [e2e'2][G2E2d2d'2] [F2A2c2c'2][G2B2B2b2] |
[G2g2][G2g2] [B2b2][d2d'2] [B2G2e2e'2][d2d'2] | [B2c2c'2][B2b2] [B2F2F2f2][F2f2] [B2b2][d2d'2] | [D2F2e2e'2][d2d'2] [c2c'2][d2d'2] [ff'] |","['Rap', 'Blues', 'Ambient', 'Rock']",Rock,3,Choose the most probable genre label of the provided score.
Rock_Dance Rock_Erasure_Man In The Moon.abc,"X:1
M:3/4
L:1/16
K:Dm
a6ga f2c5 |c f2ff ggg2 a2 |f6 a6 |ga f2c5c B2 |
BB ccc2 c2f70 | [G2B2g2d2]GB | d2g2 [d2f2A2] a2Ad f2a2 | d0< [B0g0b0]B2<[B2d2] g2b2 g4 c'4 |
[c'4g4] g4 c'4 [c0g0] b2d2 | f2gf7d2 | f2d2<f2c10 | c2d2 f4 |
g2a2 g4 f2gc'2 |a10 | c2d2 f2g8 |gg2fg2 g2a10 |
a2g2 | f4 d2f2 g4 | c2c2 B2g10 | C2 c2[D2d2] [F2f2][Gg]f7F7 |
[D2d2] [f2F2][D2d2]<[F2f2] |[c10C10] | [C2c2][D2d2] [F2f2]F2f2 G2 g2A2a2 | G4 g4 [F2f2]G2g2 [c2c'2]a10A10 |
[c2C2][D2d2] | F2 f2G8g8[Gg][Gg] | F2 f2G2g2 G2 g2A46a46 | f2d2 f2d10 |
f2d2 | f2d10 | [f2F2][D4d4]f2F2 E2 e2FfG2g2 |AaF66f66 |
a6 |ga f2c5c f2 |ff ggg2 a4<f4 | a6ga f2 |
c5c B2BB c |cc2 c2f70 | [G2B2g2d2]GB d2g2 | [d2f2A2] a2Ad f2a2 d0< [B0g0b0]B2<[B2d2] |
g2b2 g4 c'4 [c'4g4] | g4 c'4 [c0g0] b2d2 f2gf7 |d2 f2d2<f2 |c10 |
c2d2 f4 g2a2 | g4 f2gc'2a10 | c2d2 | f2g8gg2 |
fg2 g2a10 | a2g2 f4 | d2f2 g4 c2c2 | B2g10 |
C2 c2[D2d2] [F2f2][Gg]f7F7 |[D2d2] [f2F2][D2d2]<[F2f2][c10C10] | [C2c2][D2d2] | [F4f4] G2 g2A2a2 G4 g4 |
[F2f2]G2g2 [c2c'2]a10A10 | [c2C2][D2d2] F2 f2G8g8 |[gG][g0G0] gFf[g2G2] G2 g2 |[A46a46] |
f2d2 f2d10 | f2d2 f2d10 | [f2F2][D4d4] |f2F2 E2 e2FfG2g2AaF2f2 |
a6ga f2c5 |c f2ff ggg2 a2 |f6 a6 |ga f2c5c B2 |
BB ccc2 c2f22 | f2ff | g2g2 a2f22 | ffff g2g2 |
f8 [G2B2g2d2]GB | d2g2 [d2f2A2] a2Ad f2a2 | d0< [B0g0b0]B2<[B2d2] g2b2 [e0c0c'0g0] | b4 a4 [g2g'2]b'2 |
[e4c''4] [b'4c''4] [a'4c''4] | [c''2C2] g'2 c2D2d2 F2 f2GgF7f7 |d2D2 F2 f2[d2D2]<[F2f2]C10c10 | [C2c2]D2d2 [F4f4] |
G2 g2[A2a2] [G4g4] F2 | f2G2g2 [cc']cc'A10a10 | c2 C2[d2D2] [f2F2][Gg][F7f7] |[g2G2] [g2G2][g2G2] |
g3 G6<[a6A6] | [A2a2][G2g2] [F4f4] d2 D2[f2F2] | [G4g4] [C2c2]C2c2 B,2 B2G10g10 | [C2c2]D2d2 |
[F2f2]gG[g0f0F0]D2d2 | F2 f2[D2d2]<[f2F2]c10 | [c2C2][d2D2] [f0F0]f2 [g2G2] |[A2a2] [G4g4] [f2F2][g2G2] |
[c'c]c'a10A10 | [c2C2][d2D2] f2 F2[Gg][f7F7] |g2G2 [G2g2][g2G2] [g6G6]<[A6a6] | [a2A2][g2G2] |
F4 f4 D2 d2F2f2 [G4g4] | [C2c2][c2C2] B,2 B2[G10g10] | [C2c2][d2D2] [f2F2][Gg]F0f7 |[D2d2] [f2F2][d2D2]<[F2f2] |
c10C10 c2 | C2d2D2 [f2F2][f2F2] [g2G2][A2a2] | G4 g4 F2 f2[g2G2] [c0c'0]c'a10A10 | C2 c2[d2D2] |
f2 F2Gg[F0f0][g2G2] | [g2G2][g2G2] [g6G6]<[a6A6] | a2 A2[g2G2] [F4f4] | [D2d2][F2f2] G4 g4 [C2c2][c2C2] |
[B2B,2][G0g0] | c2d |","['Rock', 'Jazz', 'Blues', 'Latin']",Rock,0,Choose the most probable genre label of the provided score.
Rock_Argentine Rock_La Mosca Tse-Tse_El Demonio (Está En Esa Mujer).abc,"X:1
M:3/4
L:1/16
K:Am
C,,2[C3G,3E3] |[C2G,2D2][E2G,2C2][E2G,2C2][DC] [G,2E2C2][E2C2G,2] | E,,2[E3B,3G,3][B,2G,2D2][G,2E2B,2][B,2G,2E2][B,D] | [G,2E2B,2][E2B,2G,2] D,,2[A,3F,3D3][F,2A,2C2][A,2F,2D2] |[A,2D2F,2][F,C] [F,2D2A,2][F,2A,2D2D,,2] [G,,4D4G4B4] |
[F,,4C4F4A4] [E,,4E4G4B4] [D,,4D4F4A4] | C,,2[G,3C3E3][C2G,2D2][G,2C2E2][G,2E2C2][CD] | [G,2E2C2][G,2E2C2] E,,2[G,3B,3E3][G,2B,2D2][G,2B,2E2] |[G,2B,2E2][G,B,D] [E2G,2B,2][E2B,2G,2] D,,2[A,2F,2D2] |
A,[A,2F,2C2][F,2D2A,2][A,2F,2D2][F,C] [A,2D2F,2][A,2F,2C2] | [G,,16B,16D16G16] | [c15C15E15G15] |E,0E16 G16 B15 |
A,0D16 F16 | A15 |G,B,0 D16 G15 |CE0 G0 c12 |
c3E,0E8 G8 | B8 [E4E,4G4B4] | [^D4^F4_B4D,4] [A15=D,15D15=F15] |G,0B,18 D18 G18 |
[C3G,3E3][C2G,2D2][E2G,2C2][E2G,2C2][DC] | [G,2E2C2][E4C4G,4][E3B,3G,3][B,2G,2D2][G,2E2B,2] |[B,2G,2E2][B,D] [G,2E2B,2][E4B,4G,4][A,3F,3D3] |[F,2A,2C2][A,2F,2D2][A,2D2F,2][F,C] [F,2D2A,2][F,2A,2D2] |
[D4G4B4] [C4F4A4] [E4G4B4] | [D6F6A6][G,3C3E3][C2G,2D2][G,2C2E2] |[G,2E2C2][CD] [G,2E2C2][G,4E4C4][G,3B,3E3] |[G,2B,2D2][G,2B,2E2][G,2B,2E2][G,B,D] [E2G,2B,2][E4B,4G,4] |
[A,2F,2D2] A,[A,2F,2C2][F,2D2A,2][A,2F,2D2][F,C] | [A,2D2F,2][A,2F,2C2] [D4G4B4] [C4F4A4] | [E4G4B4] [D4F4A4] C,,2[C3G,3E3] |[C2G,2D2][E2G,2C2][E2G,2C2][DC] [G,2E2C2][E2C2G,2] |
E,,2[E3B,3G,3][B,2G,2D2][G,2E2B,2][B,2G,2E2][B,D] | [G,2E2B,2][E2B,2G,2] D,,2[A,3F,3D3][F,2A,2C2][A,2F,2D2] |[A,2D2F,2][F,C] [F,2D2A,2][F,2A,2D2D,,2] [G,,4D4G4B4] | [F,,4C4F4A4] [E,,4E4G4B4] [D,,4D4F4A4] |
C,,2[G,3C3E3][C2G,2D2][G,2C2E2][G,2E2C2][CD] | [G,2E2C2][G,2E2C2] E,,2[G,3B,3E3][G,2B,2D2][G,2B,2E2] |[G,2B,2E2][G,B,D] [E2G,2B,2][E2B,2G,2] D,,2[A,2F,2D2] | A,[A,2F,2C2][F,2D2A,2][A,2F,2D2][F,C] [A,2D2F,2][A,2F,2C2] |
[G,,16B,16D16G16] | [c15C15E15G15] |E,0E16 G16 B15 |A,0D16 F16 |
A15 |G,B,0 D16 G15 |CE0 G0 c12 | c3E,0E8 G8 |
B8 [E4E,4G4B4] | [^D4^F4_B4D,4] [A15=D,15D15=F15] |G,0B,16 D16 G16 | [E16G,16C16] |
[G,12E12B,12] | c''' b'' a'' g'' f''e''d''c''b'a'g'f'e'd'c'bagfedc3B2[A,3F,3D3] |[F,2A,2C2][A,2F,2D2][A,2D2F,2][F,C] [F,2D2A,2][F,2A,2D2] | [D4G4B4] [C4F4A4] [E4G4B4] |
[D6F6A6][G,3C3E3][C2G,2D2][G,2C2E2] |[G,2E2C2][CD] [G,2E2C2][G,4E4C4][G,3B,3E3] |[G,2B,2D2][G,2B,2E2][G,2B,2E2][G,B,D] [E2G,2B,2][E4B,4G,4] |[A,2F,2D2] A,[A,2F,2C2][F,2D2A,2][A,2F,2D2][F,C] |
[A,2D2F,2][A,2F,2C2] [D4G4B4] [C4F4A4] | [E4G4B4] [D6F6A6][G,3C3E3] |[C2G,2D2][G,2C2E2][G,2E2C2][CD] [G,2E2C2][G,4E4C4] |[G,3B,3E3][G,2B,2D2][G,2B,2E2][G,2B,2E2][G,B,D] |
[E2G,2B,2][E4B,4G,4][A,2F,2D2] A,[A,2F,2C2][F,2D2A,2] |[A,2F,2D2][F,C] [A,2D2F,2][A,2F,2C2] [D4G4B4] | [C4F4A4] [E4G4B4] [D132F132A132] | [D4B4G4] |
[C4A4F4] [B,4E4G4] [A6F6D6] |[C3G,3E3][C2G,2D2][E2G,2C2][E2G,2C2][DC] | [G,2E2C2][E4C4G,4][E3B,3G,3][B,2G,2D2][G,2E2B,2] |[B,2G,2E2][B,D] [G,2E2B,2][E4B,4G,4][A,3F,3D3] |
[F,2A,2C2][A,2F,2D2][A,2D2F,2][F,C] [F,2D2A,2][F,2A,2D2] | [D4G4B4] [C4F4A4] [E4G4B4] | [D6F6A6][G,3C3E3][C2G,2D2][G,2C2E2] |[G,2E2C2][CD] [G,2E2C2][G,4E4C4][G,3B,3E3] |
[G,2B,2D2][G,2B,2E2][G,2B,2E2][G,B,D] [E2G,2B,2][E4B,4G,4] |[A,2F,2D2] A,[A,2F,2C2][F,2D2A,2][A,2F,2D2][F,C] | [A,2D2F,2][A,2F,2C2] [D4G4B4] [C4F4A4] | [E4G4B4] [D6F6A6][C3G,3E3] |
[C2G,2D2][E2G,2C2][E2G,2C2][DC] [G,2E2C2][E4C4G,4] |[E3B,3G,3][B,2G,2D2][G,2E2B,2][B,2G,2E2][B,D] | [G,2E2B,2][E4B,4G,4][A,3F,3D3][F,2A,2C2][A,2F,2D2] |[A,2D2F,2][F,C] [F,2D2A,2][F,2A,2D2] [D4G4B4] |
[C4F4A4] [E4G4B4] [D6F6A6] |[G,3C3E3][C2G,2D2][G,2C2E2][G,2E2C2][CD] | [G,2E2C2][G,4E4C4][G,3B,3E3][G,2B,2D2][G,2B,2E2] |[G,2B,2E2][G,B,D] [E2G,2B,2][E4B,4G,4][A,2F,2D2] |
A,[A,2F,2C2][F,2D2A,2][A,2F,2D2][F,C] [A,2D2F,2][A,2F,2C2] | [D4G4B4] [C4F4A4] [E4G4B4] | [D3F3A3] |","['Folk', 'Soul', 'Rock', 'Classical']",Rock,2,Choose the most probable genre label of the provided score.
Rock_Canadian Indie_Jeremy Fisher_High School.abc,"X:1
M:3/4
L:1/16
K:A
^b'=b'^a'=g'0 ^e' =e' d' ^b=b=ag^e=ed^B =B | A =G^E=ED^B,6 [A,,4E4A4c4] | [A,,4A4E4c4]>[E,4E4B4] [E,4E4G4B4] | [D,2D2F2A2]D,4< [D,4D4F4A4][E,2E2B2] | [E,4E4G4B4] [A,,4E4A4c4] [A,,6E6A6c6] |
[E,2B2] [E,4E4G4B4] [D,2D2F2A2]D,2 | [D,4F4A4D4]>[E,4E4B4] [E,4E4G4B4] | [A,,4E4A4c4] [A,,4A4E4c4]>[E,4E4B4] | [E,4E4G4B4] [D,2D2F2A2]D,4< [D,4D4F4A4] |
[E,2E2B2] [E,4E4G4B4] [A,,4E4A4c4] | [A,,4E4A4c4]>[E,4B4] [E,4E4G4B4] | [D,2D2F2A2]D,4< [D,4F4A4D4][E,2E2B2] | [E,4E4G4B4] [C4E4A4] [A6C6E6] |
[B,2E2] [E4G4B,4] [D4A,4F4] | [D4F4A,4]>[B,4E4] [E4G4B,4] | [E4A4C4] [E4A4C4]>B,4 | [E4G4B,4] [D4F4A,4] [F6A,6D6] |
[B,2E2] [E4G4B,4] [C4E4A4] | [A4C4E4]>[B,4E4] [E4G4B,4] | [D4A,4F4] [D4F4A,4]>[B,4E4] | [E4G4B,4] [E4A4C4] [E6A6C6] |
B,2 [E4G4B,4] [D4F4A,4] | [F4A,4D4]>[B,4E4] [E4G4B,4] | [C4E4A4] [A4C4E4]>[B,4E4] | [E4G4B,4] [D4A,4F4] [D6F6A,6] |
[B,2E2] [E4G4B,4] [E4A4C4] | [E4A4C4]>B,4 [E4G4B,4] | [D8F8A,8]< [F8A,8D8] | [A,2D2A2][A14D14A,14] |
[A2A,2C2][A16A,16C16] |E,2 [A2B,2E2]E,2 [E2A2B,2][E4G4B,4] |E,2 [A2E2B,2]E,2 [A2E2B,2][B,8E8G8] |E,2 [A,2D2A2][A14D14A,14] |
[A2A,2C2][A14A,14C14] | [E2E,2][E2E,2] [E2E,2][E2E,2] | [E2E,2][E2E,2] [E2E,2][E2E,2] [e2E2][e2E2] | [e2E2][e2E2] [e2E2][e2E2] [e2E2][e2E2] |
[e2a2A2][e2a2A2] [e2a2A2][e2A2a2] [e2A2a2][e2A2a2] | [e2A2a2][e2A2a2] [e16A16a16] | E,,2E,,2 | E,,2E,,2 E,,2E,,2 E,,2E,,E, |
[B2E2]E,,2 E,,2E,,2 E,,2E,,2 | E,,2E,,2 E,,2E,,2 E,,2E,,2 | E,,2E,,2 E,,2E,,2 A,,2A,,2 | A,,2A,,2 A,,2A,,2 A,,2A,,E, |
[A,,2A,2E2]A,,2 A,,2A,,2 A,,2A,,2 | A,,2A,,2 E,,2E,,2 E,,2E,,2 | E,,2E,,2 E,,2E,,E, [B2E2]E,,2 | E,,2E,,2 E,,2E,,2 E,,2E,,2 |
E,,2E,,2 E,,2E,,2 E,,2E,,2 | E,,2E,,2 A,,2A,,2 A,,2A,,2 | A,,2[a'A,,]g'f'e'0^d'0c'0b a0< g0 [f0A,,0][A,,a']g'f'e'd'c' b0< a0 [gA,,] f edcBAA,,2 | C,2C,2 D,2D,2 ^D,2D,2 |
[B2e2E2][B2e2E2] [B2E2e2][B2E2e2] [B2E2e2][B2E2e2] | [B2E2e2][B2E2e2] [E2B2e2][E2B2e2] [E2B2e2][E2B2e2] | [E2B2e2][E2B2e2] [E2B2e2][B2E2e2] [^a2e2B2][e2B2b2] | [e2B2a2][e2B2g2] [B2e2][B2E2] [E2^A2]=A2 |
[e2A,2][e2A2A,2] [f2A2][e2A2] [A2=g2A,2]A2 | [A2f2][A2e2A,2] A2[e2A2A,2] [A2f2][A,2A2] | [A2e2][A2A,2] [A2f2][A,2A2e2] E2[B2e2E2] | [B2E2e2][B2E2e2] [B2E2e2][B2E2e2] [B2E2e2][B2E2e2] |
[E2B2e2][E2B2e2] [E2B2e2][E2B2e2] [E2B2e2][E2B2e2] | [E2B2e2][B2E2e2] [^a2e2B2][e2B2b2] [e2B2=a2][e2B2g2] | [B2e2][B2E2] [E2^A2]=A2 A,2A,2 | [f2A2]A,2 [e2A2]A,2 [A2f2][A4e4] |
[e2A,2] [A2f2]A,2 [A2e2]A,3 |[A3e3] [be]BbB bBbB | bBbB bBbB bBbB | bBbB bBbB b2[b2B2e2] |
[^a2e2B2][e2B2b2] [e2B2=a2][e2B2g2] [B2e2][B2E2] | [E2^A2]=A2 [e2A,2][e2A2A,2] [f2A2][e2A2] | [A2=g2A,2]A2 [A2f2][A2e2A,2] A2[e2A2A,2] | [A2f2][A,2A2] [A2e2][A2A,2] [A2f2][A,2A2e2] |
b e BbeBbeBbeB b e BbeBbeBbeB b e BbeBbeBbeB | b e BbeBbeBbeB b2 e2 B2b2e2B2 b2 e2 B2b2e2B2 | b2 e2 B2b2e2B2 b2 e2 B2b2e2B2 [^a2e2B2][e2B2b2] | [e2B2a2][e2B2g2] [B2e2][B2E2] [E2^A2]=A2 |
[A4A,,4E4c4] [A,,4A4E4c4]>[E,4E4B4] | [E,4E4G4B4] [D,2D2F2A2]D,4< [D,4D4F4A4] |[E,2E2B2] [E,4E4G4B4] [A,,4E4A4c4] | [A,,4E4A4c4]>[E,4B4] [E,4E4G4B4] |
[D,2D2F2A2]D,4< [D,4F4A4D4][E,2E2B2] | [E,4E4G4B4] [C4E4A4] [A6C6E6] |[B,2E2] [E4G4B,4] [D4A,4F4] | [D4F4A,4]>[B,4E4] [E4G4B,4] |
[E4A4C4] [E4A4C4]>B,4 | [E4G4B,4] [D4F4A,4] [F6A,6D6] |[B,2E2] [E4G4B,4] [C4E4A4] | [A4C4E4]>[B,4E4] [E4G4B,4] |
[D4A,4F4] [D4F4A,4]>[B,4E4] | [E4G4B,4] [E4A4C4] [E6A6C6] |B,2 [E4G4B,4] [D4F4A,4] | [F4A,4D4]>[B,4E4] [E4G4B,4] |
[C4E4A4] [A4C4E4]>[B,4E4] | [E4G4B,4] [D4A,4F4] [D6F6A,6] |[B,2E2] [E4G4B,4] [E4A4C4] | [E4A4C4]>B,4 [E4G4B,4] |
[D8F8A,8]< [F8A,8D8] | [A,2D2A2][A14D14A,14] | [A2A,2C2][A16A,16C16] |E,2 [B,2A2E2]E,2 [E2A2B,2][E4G4B,4] |
E,2 [A2E2B,2]E,2 [A2E2B,2][B,8E8G8] |E,2 [A,2D2A2][A14D14A,14] | [A2A,2C2][A14A,14C14] | [E2E,2][E2E,2] [E2E,2][E2E,2] |
[E2E,2][E2E,2] [E2E,2][E2E,2] [e2E2][e2E2] | [e2E2][e2E2] [e2E2][e2E2] [e2E2][e2E2] | [e2a2A2][e2a2A2] [e2a2A2][e2A2a2] [e2A2a2][e2A2a2] | [e2A2a2][e2A2a2] [e16A16a16] |
E,,2E,,2 | E,,2E,,2 E,,2E,,2 E,,2E,,E, | [B2E2]E,,2 E,,2E,,2 E,,2E,,2 | E,,2E,,2 E,,2E,,2 E,,2E,,2 |
E,,2E,,2 E,,2E,,2 A,,2A,,2 | A,,2A,,2 A,,2A,,2 A,,2A,,E, | [A,,2A,2E2]A,,2 A,,2A,,2 A,,2A,,2 | A,,2A,,2 E,,2E,,2 E,,2E,,2 |
E,,2E,,2 E,,2E,,E, [B2E2]E,,2 | E,,2E,,2 E,,2E,,2 E,,2E,,2 | E,,2E,,2 E,,2E,,2 E,,2E,,2 | E,,2E,,2 A,,2A,,2 A,,2A,,2 |
A,,2[a'A,,]g'f'e'0^d'0c'0b a0< g0 [f2A,,2][A,,a']g'f'e'd'c' b0< a0 [g0A,,0] f e0dcBAA,,2 | C,2C,2 D,2D,2 ^D,2D,2 | [B2e2E2][B2e2E2] [B2e2E2][B2E2e2] [B2E2e2][B2E2e2] | [B2E2e2][B2E2e2] [E2B2e2][E2B2e2] [E2B2e2][E2B2e2] |
[E2B2e2][B2E2e2] [E2B2e2][B2E2e2] [^a2e2B2][e2B2b2] | [e2B2a2][e2B2g2] [B2e2][B2E2] [E2^A2]=A2 | [e2A,2][e2A2A,2] [f2A2][e2A2] [A2=g2A,2]A2 | [A2f2][A2e2A,2] A2[e2A2A,2] [A2f2][A,2A2] |
[A2e2][A2A,2] [A2f2][A,2A2e2] E2[B2e2E2] | [B2e2E2][B2E2e2] [B2E2e2][B2E2e2] [B2E2e2][B2E2e2] | [E2B2e2][E2B2e2] [E2B2e2][E2B2e2] [E2B2e2][B2E2e2] | [E2B2e2][B2E2e2] [^a2e2B2][e2B2b2] [e2B2=a2][e2B2g2] |
[B2e2][B2E2] [E2^A2]=A2 A,2A,2 | [f2A2]A,2 [e2A2]A,2 [A2f2][A4e4] |[e2A,2] [A2f2]A,2 [e2A2]A,3 |[A3e3] [be]BbB bBbB |
bBbB bBbB bBbB | bBbB bBbB b2[b2B2e2] | [^a2e2B2][e2B2b2] [e2B2=a2][e2B2g2] [B2e2][B2E2] | [E2^A2]=A2 [e2A,2][e2A2A,2] [f2A2][e2A2] |
[A2=g2A,2]A2 [A2f2][A2e2A,2] A2[e2A2A,2] | [A2f2][A,2A2] [A2e2][A2A,2] [A2f2][A,2A2e2] | b e BbeBbeBbeB b e BbeBbeBbeB b e BbeBbeBbeB | b e BbeBbeBbeB b2 e2 B2b2e2B2 b2 e2 B2b2e2B2 |
b2 e2 B2b2e2B2 b2 e2 B2b2e2B2 [^a2e2B2][e2B2b2] | [e2B2a2][e2B2g2] [B2e2][B2E2] [E2^A2]=A2 | [A4A,,4E4c4] [A,,4A4E4c4]>[E,4E4B4] | [E,4E4G4B4] [D,2D2F2A2]D,4< [D,4D4F4A4] |
[E,2E2B2] [E,4E4G4B4] [A,,4E4A4c4] | [A,,4E4A4c4]>[E,4B4] [E,4E4G4B4] | [D,2D2F2A2]D,4< [D,4F4A4D4][E,2E2B2] | [E,4E4G4B4] [A4A,,4E4c4] [A,,6A6E6c6] |
[E,2E2B2] [E,4E4G4B4] [D,2D2F2A2]D,2 | [D,4D4F4A4]>[E,4E4B4] [E,4E4G4B4] | [A,,4E4A4c4] [A,,4E4A4c4]>[E,4B4] | [E,4E4G4B4] [D,2D2F2A2]D,4< [D,4F4A4D4] |
[E,2E2B2] [E,4E4G4B4] [A4A,,4E4c4] | [A,,4A4E4c4]>[E,4E4B4] [E,4E4G4B4] | [D,2D2F2A2]D,4< [D,4D4F4A4][E,2E2B2] | [E,4E4G4B4] [A,,4E4A4c4] [A,,6E6A6c6] |
[E,2B2] [E,4E4G4B4] [D,2D2F2A2]D,2 | [D,4F4A4D4]>[E,4E4B4] [E,4E4G4B4] | [A4A,,4E4c4] [A,,4A4E4c4]>[E,4E4B4] | [E,4E4G4B4] [D,2D2F2A2]D,4< [D,4D4F4A4] |
[E,2E2B2] [E,4E4G4B4] [A,,4E4A4c4] | [A,,4E4A4c4]>[E,4B4] [E,4E4G4B4] | [D,2D2F2A2]D,4< [D,4F4A4D4][E,2E2B2] | [E,4E4G4B4] [A4A,,4E4c4] [A,,6A6E6c6] |
[E,2E2B2] [E,4E4G4B4] [D,2D2F2A2]D,2 | [D,4D4F4A4]>[E,4E4B4] [E,4E4G4B4] | [A,,4E4A4c4] [A,,4E4A4c4]>[E,4B4] | [E,4E4G4B4] [D2A2d2D,2][C,2C2G2c2] [D8D,8A8d8] |
[e4B4G4E,4] [A,,,27E,27A,27C27] |","['Ambient', 'Rock', 'Blues', 'Rap']",Rock,1,Choose the most probable genre label of the provided score.
Rock_Deep Christian Rock_Plankeye_Goodbye.abc,"X:1
M:3/4
L:1/16
K:E
E,,8 E2[B,4B,4B,4] |[E,2E,2E,2] E,,4<E,4 | E2[B,2B,2B,2] E,4 [=D,8F,8A,8D,,8A,,8D,8A,8] | [C,8E,8A,8A,,8C,8E,8A,8] | [E,,8E,8E,,8] E2[B,4B,4B,4] |
[E,2E,2E,2] E,,4<E,4 | E2[B,2B,2B,2] E,4 [=D,8F,8A,8D,,8A,,8D,8A,8] | [C,8E,8A,8A,,8C,8E,8A,8] | [E,,0E,0E,,0E,0] [G,16B,16] |
E,,8 | E2[B,4B,4B,4][E,2E,2E,2] C,4<E,4 | E2[C2C2C2] G,2B,,2 | A,,4<A,4 E2[C4C4C4] |
[E,2E,2] B,,4<B,4 | F2[D4D4D4][F,2F,2] E,,8 | E2[B,4B,4B,4][E,2E,2E,2] | C,4<E,4 E2[C2C2C2] |
G,2B,,2 A,,4<A,4 | E2[C4C4C4][E,2E,2] B,,4<B,4 | F2[D4D4D4][F,2F,2] | E,,2E,4[B,2B,2] D2G,2 |
D,2G,,4< C,4[C2C2] | E2B,2 G,2[E,2E,2] A,,4<A,4 | E2[C4C4C4][E,2E,2] | B,,4<B,4 F2[D4D4D4] |
[F,2F,2] E,,8 | E2[B,4B,4B,4][E,2E,2E,2] [=D,8F,8A,8D,,8A,,8D,8A,8] | [C,8E,8A,8A,,8C,8E,8A,8] | [E,,8E,8E,,8] E2[B,4B,4B,4] |
[E,2E,2E,2] E,,8 | E2[B,4B,4B,4][E,2E,2E,2] E,,8 | E2[B,4B,4B,4][E,2E,2E,2] | C,4<E,4 E2[C2C2C2] |
G,2B,,2 A,,4<A,4 | E2[C4C4C4][E,2E,2] B,,4<B,4 | F2[D4D4D4][F,2F,2] | E,,8 E2[B,4B,4B,4] |
[E,2E,2E,2] C,4<E,4 | E2[C2C2C2] G,2B,,2 A,,4<A,4 | E2[C4C4C4][E,2E,2] | B,,4<B,4 F2[D4D4D4] |
[F,2F,2] E,,2E,4[B,2B,2] | D2G,2 D,2G,,4< C,4 |[C2C2] E2B,2 G,2[E,2E,2] | A,,4<A,4 E2[C4C4C4] |
[E,2E,2] B,,4<B,4 | F2[D4D4D4][F,2F,2] E,,8 | E2[B,4B,4B,4][E,2E,2E,2] | [=D,8F,8A,8D,,8A,,8D,8A,8] [C,8E,8A,8A,,8C,8E,8A,8] |
[E,,8E,8E,,8] | E2[B,4B,4B,4][E,2E,2E,2] E,,8 | E2[B,4B,4B,4][E,2E,2E,2] | [A,,4E,4A,,4]<A,4 E2[C4C4C4] |
[E,2E,2] [G,,2D,2D2]G,2 D,2G,,2 | [G,,2C,2C,2]E,2 C2G,2 [G,,2D,2D2]G,2 | D,2G,,2 [G,,2C,2C,2]E,2 C2G,2 | [G,,2D,2D2]G,2 D,2G,,2 [G,,2C,2C,2]E,2 |
C2G,2 [F,,8C,8F,,8] | F2[C2C2] [^A,2A,2][F,2F,2] [F,,8C,8F,,8] | F2[C2C2] [^A,2A,2][F,2F,2] | [F,,8C,8F,,8] F2[C2C2] |
[^A,2A,2][F,2F,2] [B,,4D,4B,,4] [B,0D0F0B,0B,0] D4 F4 | [B2B2]D4[F,2F,2] [E,,2B,,2E,,2]E,4 |[B,2B,2] [G,,2B,,2D2]G,2 D,2G,,2 | [C,4E,4C,4]>[C4C4] [B,,2E,2E2]B,2 |
G,2[E,2E,2] [A,,4E,4A,,4]<A,4 | E2[C4C4C4][E,2E,2] [B,,4D,4B,,4]<B,4 | F2[D4D4D4][F,2F,2] | [E,,8B,,8E,,8] E2[B,4B,4B,4] |
[E,2E,2E,2] [=D,8F,8A,8D,,8A,,8D,8A,8] | [C,8E,8A,8A,,8C,8E,8A,8] [E,,8E,8E,,8] | E2[B,4B,4B,4][E,2E,2E,2] | [=D,8F,8A,8D,,8A,,8D,8A,8] [C,8E,8A,8A,,8C,8E,8A,8] |
[E,,8E,8E,,8] | E2[B,4B,4B,4][E,2E,2E,2] E,,8 | E2[B,2B,2B,2]<F,2[E,2E,2E,2] | [E,8E,,8] E2[B,2B,2B,2] F,2 |
[E,2E,2E,2] C,0 E,4<E,4 | E2[CCC]F, G,2B,,2 E,0 A,,4<A,4 | E2[C2C2C2]<G,2[E,2E,2] | B,,0 F,4<B,4 F2[D2D2D2] |
F,2[F,2F,2] [E,8E,,8] | E2[B,2B,2B,2] F,2[E,2E,2E,2] E,0 C,4<E,4 | E2[CCC]F, G,2B,,2 | [E,4A,,4]<A,4 E2[C2C2C2]<G,2 |
[E,2E,2] [B,,4D,4F,4B,,4]<B,4 | F2[D4D4D4][F,2F,2] [E,,2B,,2E,,2]E,4 |[B,2B,2] [G,,2B,,2D2]G,2 D,2G,,2 | [C,4E,4C,4]>[C4C4] [B,,2E,2E2]B,2 |
G,2[E,2E,2] [A,,4E,4A,,4]<A,4 | E2[C4C4C4][E,2E,2] [B,,4D,4B,,4]<B,4 | F2[D4D4D4][F,2F,2] | [E,,8B,,8E,,8] E2[B,4B,4B,4] |
[E,2E,2E,2] [=D,8F,8A,8D,,8A,,8D,8A,8] | [C,8E,8A,8A,,8C,8E,8A,8] [E,,8E,8E,,8] | E2[B,4B,4B,4][E,2E,2E,2] | [=D,8F,8A,8D,,8A,,8D,8A,8] [C,8E,8A,8A,,8C,8E,8A,8] |
[E,,8E,8E,,8] | E2[B,4B,4B,4][E,2E,2E,2] [=D,8F,8A,8D,,8A,,8D,8A,8] | [C,8E,8A,8A,,8C,8E,8A,8] E,,0 | B,0< E,,0 [E,16E16E,16] |","['Classical', 'Ambient', 'Rock', 'Rap']",Rock,2,Choose the most probable genre label of the provided score.
Rock_French Rock_Indochine_Bye Bye Valentine.abc,"X:1
M:3/4
L:1/16
K:Cm
[A2F,,2F,,,2]c2 [G2F,2]A2 [F2F,,2]G2 | [E2F,2]D2 [B,,4B,4B,,,4] [B,4F4] | [B,,4B,4] [B,4F4] [A2F,,2F,,,2]c2 | [G2F,2]A2 [F2F,,2]G2 [A2F,2]B2 | [B,,4B,4B,,,4] [B,4F4] [B,,4B,4] |
[B,4F4] [A2F,,2F,,,2]c2 [G2F,2]A2 | [F2F,,2]G2 [E2F,2]D2 [B,,4B,4B,,,4] | [B,4F4] [B,,4B,4] [B,4F4] | [A2F,,2F,,,2]c2 [G2F,2]A2 [F2F,,2]G2 |
[A2F,2]B2 [B,,4B,4B,,,4] [B,4F4] | [B,,4B,4] [B,4F4] [F,,4F,,,4] | [F2F,2]F2 [A2F,,2]A2 [F2F,2]F2 | [c2A,,2A,,,2]c2 A,2c2 A,,2A2 |
A,4 [B2E,,2E,,,2]B2 E,2B2 | E,,2G2 E,4 [B2B,,2B,,,2]B2 | B,2B2 B,,2A2 [G2B,2]F2 | [F,,4F,,,4] [F2F,2]F2 [A2F,,2]A2 |
[F2F,2]F2 [c2A,,2A,,,2]c2 A,2c2 | A,,2A2 A,4 [B2E,,2E,,,2]B2 | E,2B2 E,,2G2 E,4 | [B2B,,2B,,,2]B2 B,2B2 B,,2A2 |
[G2B,2]F2 [A2F,,2F,,,2]c2 [G2F,2]A2 | [F2F,,2]G2 [E2F,2]D2 [B,,4B,4B,,,4] | [B,4F4] [B,,4B,4] [B,4F4] | [A2F,,2F,,,2]c2 [G2F,2]A2 [F2F,,2]G2 |
[A2F,2]B2 [B,,4B,4B,,,4] [B,4F4] | [B,,4B,4] [B,4F4] [A2F,,2F,,,2]c2 | [G2F,2]A2 [F2F,,2]G2 [E2F,2]D2 | [B,,4B,4B,,,4] [B,4F4] [B,,4B,4] |
[B,4F4] [A2F,,2F,,,2]c2 [G2F,2]A2 | [F2F,,2]G2 [A2F,2]B2 [B,,4B,4B,,,4] | [B,4F4] [B,,4B,4] [B,4F4] | [F,,4F,,,4] [F2F,2]F2 [A2F,,2]A2 |
[c2F,2]c2 [d2B,,2B,,,2]B2 B,4 | [d2B,,2]d2 [B2B,2]B2 [F,,4F4F,,,4] | [F2F,2]F2 [A2F,,2]A2 [c2F,2]e2 | [d2B,,2B,,,2]B2 B,4 [f2B,,2]e2 |
[d2B,2]B2 [A2F,,2F,,,2]c2 [G2F,2]A2 | [F2F,,2]G2 [E2F,2]D2 [B,,4B,4B,,,4] | [B,4F4] [B,,4B,4] [B,4F4] | [A2F,,2F,,,2]c2 [G2F,2]A2 [F2F,,2]G2 |
[A2F,2]B2 [B,,4B,4B,,,4] [B,4F4] | [B,,4B,4] [B,4F4] [A2F,,2F,,,2]c2 | [G2F,2]A2 [F2F,,2]G2 [E2F,2]D2 | [B,,4B,4B,,,4] [B,4F4] [B,,4B,4] |
[B,4F4] [A2F,,2F,,,2]c2 [G2F,2]A2 | [F2F,,2]G2 [A2F,2]B2 [B,,4B,4B,,,4] | [B,4F4] [B,,4B,4] [B,4F4] | A32 F32F,31F,,,31 |","['Soul', 'Rock', 'Blues', 'Rap']",Rock,1,Choose the most probable genre label of the provided score.
Rock_Art Rock_Harold Budd_Wanderer (Album Version).abc,"X:1
M:3/4
L:1/16
K:Am
A4 G4 ^F4 | F4 E4 D4 | C16 | A,4 B,4 C4 |
B,4 A,4 B,4 | ^F,4 ^G,4 | A,4 C4 E4 | A0 G40 |
C,2E,2 A,4<E,4 | C,10 |^C,2 E,2A,C,2E,2G,19 |D,2 F,2A,2 D2 |
F2 A2d2 A2F2[D,0F,0A,0] | D4F2A2[d3F,3] |D2 A4F d8 A8 | C,2E,2 A,2E,2 C,8 |
C,4 | D,4F,4A,4D3 [D4F,4A,4] | F,4 A,4 [A,10D10] F,10 |D,6 |
E,16 | [A,4C,4] E,4 A,10 [C,10E,10] |D,4D,6 | C,2E,2 A,4<E,4 |
C,4 E,6 C,6 |^C,2 E,2G,2 C,2E,2 A,4 | [^C,4E,4A,4] [C,9E,9] A,8 | D,2F,2 A,2D2 F2 |
A2 d2A2 F2d2 [D0F,0A,0] D,4 | A0 F4 d4F,2 |A,2 D2A2 d2A0F6 | C,2E,2 A,4<E,4 |
E,4 C,4 [C,8E,8] A,8 | F,4C,3 F,12 C,12 | D,8 | C,4 E,4 A,4 |
E,4 C,8 | ^C,4 E,4 G,4 | ^C,4 E,4 D,4 | F,2A,2 D2A,2 |
F,2D,2 D2A,2 F,2D2 | D,4 [A,4F,4] D2A,7 | D0< F,0 D,4 [F,8D8A,8] | C,2E,3A,3 C,2 |
E,2 A,2C2 E2A | E2C2 C,2E,2 A,2C2 | C,2E,2 A,4 [E4C4A4] [E10A10C10] |D,6 |
E,12 D,12 | E,17 | C,2E,2 A,8< A,8 | C,12 |
^C,2E,2 G,2C,2 E,8< A,8 | D,4 | F,2A,2 D4 | A,4 F,3 D2A,4 |
F,2 A,2D2 A,2F,2 D2 |A,2 F,2D2 A,4<F,4 | C,2E,2 A,4 E,4 | C,4 A,8 |
C,2E,2 A,2E,10 | [C,0E,0A,0] D,4 | F,2A,2 D4 A,7 |F,14 |
D,8 | D,4 D,8 | ^C,4 E,4 A,4 | ^C,4 E,8 |
^C,4 E,4 A,5 |E,3 ^C,A,7 | ^C,4 E,20 | ^C,4 E,4 |
A,8 [E,0A,0^C,0] | D,4 ^F,4 A,2E,2 ^G,4 | [D,0B,0] D4 [D8B,8] ^G,8 | ^C,0 E,4 A,8 |
[A,4^C,4] E,4 E,10 [A,10C,10] |D,5E,17 | ^C,4 E,4 | A,4 ^C,4 E,10 |
C,2 F,20 | C,4 E,4 A,4 | E,4 C,8 | ^C,4 E,4 G,4 |
^C,4E,4D,4 | F,4 A,4D4 | A,4 F,8< D,8 | F,2 |
A,2 D4 A,4<F,4 | C,4 E,4 | A,4 E,3 C,8 | C,4 E,4 A,4 |
E,4 C,10 |E,6 | ^G,2B,2 E2E,2 B,2D2 | D,4 [B,0^G,0] D4 [G,8D8] B,8 |
[^G,4D4B,4] [G,8B,8] D8 | C,2E,2 A,4 A,14 | E,14 C,14 |^C,2 E,2G,2 C,2E,2 A,30 |
D,2 F,2A,2 | D5A,2F,2 D8 | F,4[A,4D4] [D8F,8] A,8 | C,2E,2 A,4 |
E,4C,2A, E,8 | C,2E,2 A,4 | [E,5A,5][C,4E,4A,4][E,0A,0]C,17 |F,32C,32 |
E,18 | D,24 | E,39 [^C,38A,38] |","['Ambient', 'Latin', 'Electronic', 'Rock']",Rock,3,Choose the most probable genre label of the provided score.
Rock_Pop Rock_David Gray_This Years Love.abc,"X:1
M:3/4
L:1/16
K:Em
[D6C,6E,6G,6]D6 | [D6D,6F,6A,6]D6 | [D6C,6E,6G,6]D6 | [D6D,6F,6A,6]D6 | [B,6G,6]B,4C2 |
[B,6G,6][G,6E,6] | [C,4E,4G,4]>c4 B4 | [A2D,2F,2A,2]F4A2 B2c2 | [C,4E,4G,4]>c4 B4 |
[A2D,2F,2A,2]F4A6 | [GE,G,]FE4c2 B4 | [A2D,2F,2A,2]F4A2 B4 | [G4G,4]>B,4 G2E2 |
[GG,]ED4E,6 | [C,4E,4G,4] G2c2 B4 | [A2D,2F,2A,2]F4d4B2 | [c4C,4E,4G,4] A2e2 d2B2 |
[dD,F,A,]BA4B2 A2G2 | [C,4E,4G,4] G2c2 B4 | [A2D,2F,2A,2]F4A2 B4 | [G6G,6][G6B,6] |
[G4G,4]>[A4D,4] B4 | [G6E,6]G6 | [G4E,4]>A4 B4 | [A,,2^C,2E,2]G2 E2[A,,2C,2E,2] G4 |
[C,2E,2G,2]E2 G20 | [C,4E,4G,4]>c4 B4 | [A2D,2F,2A,2]F4A2 B2c2 | [C,12E,12G,12] |
[D,12F,12A,12] | [C,4E,4G,4]>c4 B4 | [A2D,2F,2A,2]F4A2 B2G2 | [C,12E,12G,12] |
[D,12F,12A,12] | [C,4E,4G,4]>c4 B4 | [A2D,2F,2A,2]F4A6 | [G,2B,2]G2 GED18 |","['Rock', 'Ambient', 'Blues', 'Classical']",Rock,0,Choose the most probable genre label of the provided score.
Soul_Funk_Teddy Pendergrass_In My Time (LP Version).abc,"X:1
M:3/4
L:1/16
K:Ab
[_G,16=B,16E16E,16] | [E8A,8E,8] | B,8 [E8G,8E,8B,8] | [=B,16E16_G,16E,16] | [=A,0E0D0] _G,10 |
=B,2 E4 | [=B,16A,16=E16E,16] | [G,16=E,16] [E16=B,16] | [E16_G,16E,16] =B,16 |
[_G16D16B,16G,16] | [E0_G,0E,0] | E2_G2 D[=B,B,]A,2 [F8D8A,8] | D8 [E,8G,8] |
[=B,16E16_G,16E,16] | [=A,0E0D0] _G,10 |=B,2 [E,,4E4] [B,0A,0=E0E,0E,,0] | [G,12=E,12] [E12=B,12] |
D4 [E16_G,16E,16] =B,16 | [_G16D16B,16G,16] | [F16D16A,16] | [B,8D8E,8] |
B,4 [E8E8]< [E8B,8G,8E,8] | [E4B,4] | [F,16=A,16D16] | [A,16F16D16] |
[E8B,8G,8E,8] | E8 | [A,32E32A32] | [F16D16A,16] |
[B,8D8E,8] B,4 | [E8E8]< [E8B,8G,8E,8] | [E4B,4] [F,16=A,16C16] | [A,16F16D16] |
[G,16=E16] [=A,16D16] | [A,16E16E,16] C16 | [E8E,,8G,8E,8] [E8B,8] | [A16E16C16] |
[B,16F16D16] | [E0G0B,0] G2E2 | B,4 [A16C16] [E16G16] | [D16F16] B,16 |
[E16B,16G,16] | [C16E16A,16] | [E,0A,0C0] |E,4A,2 C4 |
[c16A16F16D16] | [G16E16B16B,16] | [B6E6G6] B,6 |[B6G6E6] [c4G4E4] [A16C16] [E16G16] |
[B,,4D4F4] [A,4A,4C,4C4E4G4] | [D,2D2A2F2][E,4G4B,4E4B4][D,18c18F18D18A18] | [B0E0] G12 | [B,4E4] G4 [D16B,16F16] |
[E8G,8C8] | [B,4E4G,4] [B,4G,4E,4] | [E10A10A,10C10][E6A6]C6 | [B,8E,8E8] G,8 [_G,8B,8] |
D8 [_G,16=B,16E16E,16] | [E8A,8E,8] | B,8 [E8G,8E,8B,8] | [=B,16E16_G,16E,16] |
[=A,0E0D0] _G,10 |=B,2 E4 | [=B,16A,16=E16E,16] | [G,16=E,16] [E16=B,16] |
[E16_G,16E,16] =B,16 | [_G16D16B,16G,16] | [E0_G,0E,0] | E2_G2 D[=B,B,]A,2 [F8D8A,8] |
D4 [E,4G,4] B,2E2 | [=B,16_G,16E,16] | [=A,0E0D0] _G,10 |=B,2 [E,,4E4] [B,0A,0=E0E,0E,,0] |
[G,10=E,10] =B,10[E6E6] | [E10_G,10E,10] |[=B,6B,6] [D8_B,8_G,8] | _G8 |
[F16D16A,16] | [B,8D8E,8] | B,4 [E8E8]< [E8B,8G,8E,8] | [E4B,4] |
[F,16=A,16D16] | [A,16F16D16] | [E8B,8G,8E,8] | E8 |
[A,32E32A32] | [F16D16A,16] | [B,8D8E,8] B,4 | [E8E8]< [E8B,8G,8E,8] |
[E4B,4] [F,16=A,16C16] | [A,16F16D16] | [G,16=E16] [=A,16D16] | [A,16E16E,16] C16 |
[E8E,,8G,8E,8] [E8B,8] | [C16A16] E16 | [E8E,,8E,8G,8] | [E7B,7]A,26C26 E25 A25 |","['Soul', 'Latin', 'Folk', 'Rock']",Soul,0,Choose the most probable genre label of the provided score.
Soul_Neo Soul_Alicia Keys_Fallin.abc,"X:1
M:3/4
L:1/16
K:Em
[G,2E,,2]B,2E2E2B,2 |G,2[A,2B,,2]D2F2F2D2 |A,2[G,2E,,2]B,2E2E2B,2 |G,2[F,2B,,2]A,2D2D2A,2 |
F,2[G,2E,,2]B,2E2E2B,2 |G,2[A,2B,,2]D2F2F2D2 |A,2[G,2E,,2]B,2E2E2B,2 |G,2[F,2B,,2]A,2D2D2A,2 |
F,2G,2B,2E2E2B,2 |G,2A,2D2F2F2D2 |A,2G,2B,2E2E2B,2 |G,2F,2A,2D2D2A,2 |
F,2G,2B,2E2E2B,2 |G,2A,2D2F2F2D2 |A,2G,2B,2E2E2B,2 |G,2F,2A,2D2D2A,2 |
F,2[G,8B,8][G,2B,2E2] |[G,2B,2E2][A,6D6F6][A,2D2F2][D2F2A2] |[F2A2d2][B,8E8G8][B,2E2G2] |[B,2E2G2][A,4D4F4][A,2D2F2][D2F2A2][F2A2d2] |
[D2F2A2][G,8B,8E8][G,2B,2E2] |[G,2B,2E2][A,6D6F6][A,2D2F2][D2F2A2] |[F2A2d2][B,8E8G8][B,2E2G2] |[B,2E2G2][A,12D12F12] |
G,2B,2E2E2B,2 |G,2A,2D2F2F2D2 |A,2G,2B,2E2E2B,2 |G,2F,2A,2D2D2A,2 |
F,2G,2B,2E2E2B,2 |G,2A,2D2F2F2D2 |A,2G,2B,2E2E2B,2 |G,2F,2A,2D2D2A,2 |
F,2G,2B,2E2E2B,2 |G,2A,2D2F2F2D2 |A,2G,2B,2E2E2B,2 |G,2F,2A,2D2D2A,2 |
F,2G,2B,2E2E2B,2 |G,2A,2D2F2F2D2 |A,2G,2B,2E2E2B,2 |G,2F,2A,2D2D2A,2 |
F,2[G,8B,8][G,2B,2E2] |[G,2B,2E2][A,6D6F6][A,2D2F2][D2F2A2] |[F2A2d2][B,8E8G8][B,2E2G2] |[B,2E2G2][A,4D4F4][A,2D2F2][D2F2A2][F2A2d2] |
[D2F2A2][G,8B,8E8][G,2B,2E2] |[G,2B,2E2][A,6D6F6][A,2D2F2][D2F2A2] |[F2A2d2][B,8E8G8][B,2E2G2] |[B,2E2G2][A,14D14F14] |
G,2B,2E2E2 |B,2G,2A,2D2F2F2 |D2A,2G,2B,2E2E2 |B,2G,2F,2A,2D2D2 |
A,2F,2G,2B,2E2E2 |B,2G,2A,2D2F2F2 |D2A,2G,2B,2E2E2 |B,2G,2F,2A,2D2D2 |
A,2[F,2G,2]B,2E2E2B,2 |G,2A,2D2F2F2D2 |A,2G,2B,2E2E2B,2 |G,2F,2A,2D2D2A,2 |
F,2G,2B,2E2E2B,2 |G,2A,2D2F2F2D2 |A,2G,2B,2E2E2B,2 |G,2F,2A,2D2D2A,2 |
F,2[G,8B,8][G,2B,2E2] |[G,2B,2E2][A,6D6F6][A,2D2F2][D2F2A2] |[F2A2d2][B,8E8G8][B,2E2G2] |[B,2E2G2][A,4D4F4][A,2D2F2][D2F2A2][F2A2d2] |
[D2F2A2][G,8B,8E8][G,2B,2E2] |[G,2B,2E2][A,6D6F6][A,2D2F2][D2F2A2] |[F2A2d2][B,8E8G8][B,2E2G2] |[B,2E2G2][A,12D12F12] |
[G,8B,8][G,2B,2E2] |[G,2B,2E2][A,6D6F6][A,2D2F2][D2F2A2] |[F2A2d2][B,8E8G8][B,2E2G2] |[B,2E2G2][A,4D4F4][A,2D2F2][D2F2A2][F2A2d2] |
[D2F2A2][G,8B,8E8][G,2B,2E2] |[G,2B,2E2][A,6D6F6][A,2D2F2][D2F2A2] |[F2A2d2][B,8E8G8][B,2E2G2] |[B,2E2G2][A,12D12F12] |
[G,8B,8][G,2B,2E2] |[G,2B,2E2][A,6D6F6][A,2D2F2][D2F2A2] |[F2A2d2][B,8E8G8][B,2E2G2] |[B,2E2G2][A,4D4F4][A,2D2F2][D2F2A2][F2A2d2] |
[D2F2A2][G,8B,8E8][G,2B,2E2] |[G,2B,2E2][A,6D6F6][A,2D2F2][D2F2A2] |[F2A2d2][B,8E8G8][B,2E2G2] |[B,2E2G2][A,6D6F6] B,DE2< G2 |
[G,2E,,2G,2B,2E2]B,2E4[G2e2] |[e2G2][A,2B,,2A,2D2F2]D2F4[A2f2] |[f2A2][G,2E,,2G,2B,2E2]B,2E4[G2e2] |[e2G2][A,2B,,2F,2A,2D2]D2F4[F2d2] |
[d2F2][G,2G,2B,2E2]B,2E4[G2e2] |[e2G2][A,2A,2D2F2]D2F4[A2f2] |[f2A2][G,2G,2B,2E2]B,2E4[G2e2] |[e2G2][A,2F,2A,2D2]D2F4[F2d2] |
[dF]E,B,E35G35e34 |","['Rap', 'Pop', 'Soul', 'Blues']",Soul,2,Choose the most probable genre label of the provided score.
Soul_Classic Soul_Jimmy Ruffin_What Becomes Of The Brokenhearted.abc,"X:1
M:3/4
L:1/16
K:Dm
F,,6 |F,,2 F,,8 | F,,4>F,,4 F,,8 | F,,4>F,,4 | F,,8 F,,6 |
F,,2 [D,,4A4d4f4a4] [E,,4G4^c4e4g4] | [F8B8d8f8] [D4F4B4d4] | [F4B4d4f4] [A16d16f16a16] | [D8G8B8d8] |
[D4G4B4] [D4G4B4] | [_E16G16B16] | [d8f8b8d'8] | [f4b4d'4f'4] [d4f4b4d'4] [G10B10^c10g10] |
[^C2G2B2c2] [B,2G2B2][G,2B,2C2G2] | _E,,4 [^c'4g4e4b4] [g6b6c'6e6] |_E,,2 [e8g8b8^c'8] | [A4d4f4a4] [G4^c4e4g4] [F8B8d8f8] |
[D4F4B4d4] [F4B4d4f4] | [A6d6f6a6F,,6][dfad'][dfad'] [d2f2a2d'2][Adfa][Adfa] | [A2d2f2a2][A2d2f2] [D8G8B8d8] | [D4G4B4] [D4G4B4] [_E16G16B16] |
[F8B8d8f8] [D4F4B4d4] | [F4B4d4f4] [A4d4f4a4F,,4]>[d4f4a4d'4] | [d2f2a2d'2][A2d2f2a2] [A2d2f2a2][A2d2f2] [D8G8B8d8] | [D4G4B4] [D4G4B4] |
[d'4^f4d4a4] [a4f4d'4d4] [d'4d4^g4=f4] | [d'4f4d4^g4] [=G8c8e8g8] | [E4G4c4e4] [G4c4e4g4] [=B16e16g16b16] | [E8A8c8e8] [E4A4c4] |
[E4A4c4] [F16A16c16] | [e8g8c'8e'8] | [g4c'4e'4g'4] [e4g4c'4e'4] | [a8A8e8c8] [g8c8e8G8] |
[^G16=B16E,,16E16d16] | [f8a8c'8_e'8] | [B4G4d4] [B4G4_E4] | [F8B8d8f8] [D4F4B4d4] |
[F4B4d4f4] [A6d6f6a6F,,6][dfad'][dfad'] | [d2f2a2d'2][Adfa][Adfa] [A2d2f2a2][A2d2f2] [D8G8B8d8] | [D4G4B4] [D4G4B4] | [_E16G16B16] |
[F8B8d8f8] | [D4F4B4d4] [F4B4d4f4] [A6d6f6a6F,,6] |[d2f2a2d'2] [d2f2a2d'2][A2d2f2a2] [A2d2f2a2][A2d2f2] | [D8G8B8d8] [D4G4B4] |
[D4G4B4] [^c8g8B8b8] | [B4^c4g4b4] [B4G4E4] [F8B8d8f8] | [D4F4B4d4] [F4B4d4f4] | [A6d6f6a6F,,6][dfad'][dfad'] [d2f2a2d'2][Adfa][Adfa] |
[A2d2f2a2][A2d2f2] [D8G8B8d8] | [D4G4B4] [D4G4B4] [_E16G16B16] | [F8B8d8f8] [D4F4B4d4] | [F4B4d4f4] [A4d4f4a4F,,4]>[d4f4a4d'4] |
[d2f2a2d'2][A2d2f2a2] [A2d2f2a2][A2d2f2] [D8G8B8d8] | [D4G4B4] [D4G4B4] | [d'4^f4d4a4] [a4f4d'4d4] [d'4d4^g4=f4] | [d'4f4d4^g4] [=G8c8e8g8] |
[E4G4c4e4] [G4c4e4g4] [=B16e16g16b16] | [E8A8c8e8] [E4A4c4] | [E4A4c4] [F16A16c16] | [e8g8c'8e'8] |
[g4=b4e'4g'4] [e4g4b4e'4] | [A8c8e8a8] [G8c8e8g8] | [E,,16E16^G16=B16d16] | [f8a8c'8_e'8] |
[B4G4d4] [B4G4_E4] | [F8B8d8f8] [D4F4B4d4] | [F4B4d4f4] [A6d6f6a6F,,6][dfad'][dfad'] | [d2f2a2d'2][Adfa][Adfa] [A2d2f2a2][A2d2f2] [D8G8B8d8] |
[D4G4B4] [D4G4B4] | [_E16G16B16] | [F8B8d8f8] | [D4F4B4d4] [F4B4d4f4] [A6d6f6a6F,,6] |
[d2f2a2d'2] [d2f2a2d'2][A2d2f2a2] [A2d2f2a2][A2d2f2] | [D8G8B8d8] [D4G4B4] | [D4G4B4] [^c8g8B8b8] | [B4^c4g4b4] [B4G4E4] [F8B8d8f8] |
[D4F4B4d4] [F4B4d4f4] | [A6d6f6a6F,,6][dfad'][dfad'] [d2f2a2d'2][Adfa][Adfa] | [A2d2f2a2][A2d2f2] [D8G8B8d8] | [D4G4B4] [D4G4B4] [_E16G16B16] |
[F8B8d8f8] [D4F4B4d4] | [F4B4d4f4] [A4d4f4a4F,,4]>[d4f4a4d'4] | [d2f2a2d'2][A2d2f2a2] [A2d2f2a2][A2d2f2] [D8G8B8d8] | [D4G4B4] [D4G4B4] |
[_e8B8g8G8] [e4B4G4] | g4 [F8B8d8f8] | [D4F4B4d4] [F4B4d4f4] [A6d6f6a6F,,6] |[d2f2a2d'2] [d2f2a2d'2][A2d2f2a2] [A2d2f2a2][A2d2f2] |
[D8G8B8d8] [D4G4B4] | [D4G4B4] [_e8B8g8G8] | [_e4B4G4] g4 [F8B8d8f8] | [D4F4B4d4] [F4B4d4f4] |
[A4d4f4a4F,,4]>[d4f4a4d'4] [d2f2a2d'2][A2d2f2a2] | [A2d2f2a2][A2d2f2] [D8G8B8d8] | [D4G4B4] [D4G4B4] [_e8B8g8G8] | [_e4B4G4] g4 |
[b27f27d27] |","['Country', 'Soul', 'Ambient', 'Folk']",Soul,1,Choose the most probable genre label of the provided score.
Soul_R&B_Mariah Carey_If Its Over.abc,"X:1
M:3/4
L:1/16
K:A
E,4 F,4 | [E,12A,12C12] | [E,10A,10C10][F,2A,2A,2D2D2] | [E,12A,12C12] | [A,4C4] E4 FF,=G,2 |
[G,12G,12B,12E12] | [E,10G,10B,10][E,2A,2C2C2] | [E,12G,12B,12] | [E,4G,4B,4] [G,4G,4B,4E4] [=G,4^A,4^D4] |
[F,12A,12D12] | [F,10A,10D10][=G,2B,2D2] | [F,12A,12D12] | [F4A,4] E4 [A,4F4] |
[E,12A,12C12] | C4 E4 FF,=G,2 | [G,12G,12B,12B,12E12] | [G,4B,4B,4E4] E,4 F,A,B,2 |
[E,12A,12] | [E,10A,10C10][F,2A,2D2] | [E,9A,9C9]A,B,2 | [A,8C8] [D4F,4] |
G,12 | [E,12G,12B,12] | [G,12E12] | [G,8B,8] [=G,4^A,4] |
[F,12A,12] | [F,10A,10D10][=G,2B,2E2] | [F,12A,12D12] | [D12F,12] |
[E,12A,12] | [C4A,4] E4 F4 | =G,2F,2 E,0 F,4 E,4 | [G,12B,12E12] |
[E,12A,12] | [E,10A,10C10][F,2A,2D2] | [E,9A,9C9]A,B,2 | [A,8C8] [D4F,4] |
G,12 | [E,12G,12B,12] | [G,12E12] | [G,8B,8] [=G,4^A,4] |
[F,12A,12] | [F,10A,10D10][=G,2B,2E2] | [F,12A,12D12] | [D12F,12] |
[E,12A,12] | [C4A,4] E4 F4 | =G,2F,2 E,0 F,4 E,4 | [G,12B,12E12] |
[A,12C12E12] | [A,12C12] | [=G,12C12A12] | [=G,12C12E12] |
[D12F12] | [D12F12] | [B,12^D12] | [B,12^D12F12A12] |
[E10A10]f2 | [A12c12e12] | [D12F12] | [D12F12A12] |
[D12F12] | [A,4D4F4] [A,4C4E4] [F,4B,4D4] | [A,10C10][D2F2] | [C12E12] |
[E,12A,12] | [E,10A,10C10][F,2A,2D2] | [E,9A,9C9]A,B,2 | [A,8C8] [D4F,4] |
G,12 | [E,12G,12B,12] | [G,12E12] | [G,8B,8] [=G,4^A,4] |
[F,12A,12] | [F,10A,10D10][=G,2B,2E2] | [F,12A,12D12] | [D12F,12] |
[E,12A,12] | [C4A,4] E4 F4 | =G,2F,2 E,0 F,4 E,4 | [G,12B,12E12] |
[A,12C12E12] | [A,12C12] | [=G,12C12A12] | [=G,12C12E12] |
[D12F12] | [D12F12] | [B,12^D12] | [B,12^D12F12A12] |
[E10A10]f2 | [A12c12e12] | [D12F12] | [D12F12A12] |
[D12F12] | [A,4D4F4] [A,4C4E4] [F,4B,4D4] | [A,10C10][D2F2] | [C12E12] |
[^E12G12c12] | [^E12G12B12] | [F12A12] | [A,12C12] |
[^E12G12B12] | [^E12G12] | [C12F12A12] | [C12A12] |
[A,12C12E12F12] | [^B,12E12F12] | [F12A,12^B,12] | [^D12F12] |
[D12F12A12] | [F12A12] | [F8A8] [D4F4A4] | [D12F12A12] |
[C12E12] | [C4E4] [A8c8] | [=G12c12] | [=G,12C12E12] |
[F12A12] | [F12A12] | [A4B4] [B,8F8A8] | [A12B,12F12] |
[E4A4] [c8e8] | [C12E12A12] | [D12F12] | [D12F12A12] |
[F24A24c24] | [F12A12] | [A,4C4] [A,4C4] [B,4D4] | [E12A12] |
[C12E12] | [D48F48A48] | [D12F12A12] | [F4A4d4] [E4A4c4] [D4F4B4] |
[C8E8A8] |","['Classical', 'Folk', 'Soul', 'Blues']",Soul,2,Choose the most probable genre label of the provided score.
Soul_Neo Soul_Janet Jackson_Someone To Call My Lover (Single Edit).abc,"X:1
M:3/4
L:1/16
K:Bm
[D,,8D,8] | [f4f'4] [a4a'4] [g8g'8] | [f4f'4] [c4c'4] | [B8b8G,,8G,8] [c4c'4] |
[d4d'4] [A16a16] | [D,,8D,8] | [f4f'4] [a4a'4] | [g8g'8] [f4f'4] |
[c4c'4] [B8b8G,,8G,8] | [c4c'4] [d4d'4] [A16a16] | [D,,8D,8] [f4f'4] | [a4a'4] [g8g'8] |
[f4f'4] [c4c'4] [B8b8G,,8G,8] | [c4c'4] [d4d'4] | [A16a16] | [D,,8D,8] |
[f4f'4] [a4a'4] [g8g'8] | [f4f'4] [c4c'4] | [B8b8G,,8G,8] [c4c'4] | [d4d'4] [A146a146] |
D4A,6 | B,6D4 |A,6 B,6 |D4A,6 |
B,22 |D4 |A,6 B,6 |D4A,6 |
B,6D4A,6 | B,20 | [D,,8D,8] [f4f'4] | [a4a'4] [g8g'8] |
[f4f'4] [c4c'4] [B8b8G,,8G,8] | [c4c'4] [d4d'4] | [A16a16] | [D,,8D,8] |
[f4f'4] [a4a'4] [g8g'8] | [f4f'4] [c4c'4] | [B8b8G,,8G,8] [c4c'4] | [d4d'4] [A16a16] |
[D,,8D,8] | [f4f'4] [a4a'4] | [g8g'8] [f4f'4] | [c4c'4] [B8b8G,,8G,8] |
[c4c'4] [d4d'4] [A16a16] | [D,,8D,8] [f4f'4] | [a4a'4] [g8g'8] | [f4f'4] [c4c'4] [B8b8G,,8G,8] |
[c4c'4] [d4d'4] | [A144a144] | [B,,4B,4D4] [B,,4F,4]>[E4e4] | [D2d2][E2e2] [F10f10^A,,10A,10C10] |
[F2f2] [E2e2][D2d2] [E12e12A,,12A,12D12] | [F4f4] | [E4e4^G,,4B,4D4] [D4d4] [B,4B4] | [D4d4] [G4g4G,,4B,4E4G4] [D4F4] |
[A,4D4] [B4b4B,4E4] [A0a0F,,0] [E4G4] | [D2F2][F2f2] [D4d4A,4D4] [B,4B4B,4E4] | [E2e2E2G2][D2F2] [B,2D2][E2G2] [F2f2D2F2][B,2D2] | [E2G2][D2F2] [G2g2B,2D2][E2G2] [D2F2][B,2D2E2] |
[A42a42E42A42] |D4A,6 | B,6D4 |A,6 B,6 |
D4A,6 | B,22 |D4 |A,6 B,6 |
D4A,6 | B,6D4A,6 | B,20 | [D,,8D,8] [f4f'4] |
[a4a'4] [g8g'8] | [f4f'4] [c4c'4] [B8b8G,,8G,8] | [c4c'4] [d4d'4] | [A16a16] |
[D,,8D,8] | [f4f'4] [a4a'4] [g8g'8] | [f4f'4] [c4c'4] | [B8b8G,,8G,8] [c4c'4] |
[d4d'4] [A16a16] | [D,,8D,8] | [f4f'4] [a4a'4] | [g8g'8] [f4f'4] |
[c4c'4] [B8b8G,,8G,8] | [c4c'4] [d4d'4] [A16a16] | [D,,8D,8] [f4f'4] | [a4a'4] [g8g'8] |
[f4f'4] [c4c'4] [B8b8G,,8G,8] | [c4c'4] [d4d'4] | [A16a16] | [D,,8D,8] |
[f4f'4] [a4a'4] [g8g'8] | [f4f'4] [c4c'4] | [B8b8G,,8G,8] [c4c'4] | [d4d'4] [A16a16] |
[D,,8D,8] | [f4f'4] [a4a'4] | [g8g'8] [f4f'4] | [c4c'4] [B8b8G,,8G,8] |
[c4c'4] [d4d'4] [A16a16] | [D,,8D,8] [f4f'4] | [a4a'4] [g8g'8] | [f4f'4] [c4c'4] [B8b8G,,8G,8] |
[c4c'4] [d4d'4] | [A16a16] | [D,,8D,8] | [f4f'4] [a4a'4] [g8g'8] |
[f4f'4] [c4c'4] | [B8b8G,,8G,8] [c4c'4] | [d4d'4] [A16a16] | [D,,8D,8A,8C8F8] |
[f2f'2A,2C2E2]D2 [a2a'2A,2B,2C2]A,2 | [g4g'4A,4C4] [A,4D4] [f2f'2C2E2A,2]D2 | [c2c'2A,2C2E2][A,2D2] [B8b8G,,8G,8B,8D8F8] | [c4c'4] [d4d'4] [A16a16] |
[D,,8D,8A,8C8F8] [f4f'4] | [a4a'4] [g4g'4A,4C4] [C4F4] | [f4f'4A,4C4F4] [c4c'4] [B8b8G,,8G,8B,8D8F8] | [c4c'4] [d4d'4] |
[A16a16] |","['Rock', 'Soul', 'Ambient', 'Classical']",Soul,1,Choose the most probable genre label of the provided score.
Soul_Funky Tech House_Harry Choo Choo Romero_Night  The Black (Dean Coleman Remix).abc,"X:1
M:3/4
L:1/16
K:B
[F4D4B,4G,4E,,4] G4 [D,,0F0C0^^F,0] | B,4 E4 [A,2B,2D2F,2G,,2]E2 | F2G2 F,,2 [=A2C2E2]B2 [^E,,2c2D2A2]d2 | [D0G0B0G,0E,,0] [B,4G4D4] [B,4G,4D4] [E,3G,3] |
D,,0 [^^F,0B,0] C8 ^F8 | [^^F,2B,2C2^F2]D,,2 [^^F,2B,2C2^F2]D,,2 [E,4G,4D4E,,4F,4F4B,4] | [G,4G4] [B,0D,0^^F,0C0D,,0^F,0F0][D,10A,10F,10G,,10] | [E,8=A,8C8F,,8] |
[E,4E,,4F,4F4B,4G,4D4] [G,4G4] [C0D,0D,,0B,0^^F,0^F,0F0] |[D,10A,10F,10G,,10] | [F,4F,,4=A,4C4E4] [^E,,4E,4A,4^B,4D4] | [E,2G,2D2E,,2F,2F2B,2][D,2D2] [G,4G4] [B,0D,0^^F,0C0D,,0^F,0F0] |
[D,10A,10F,10G,,10] [E,8=A,8C8F,,8] | [E,4E,,4F,4F4B,4G,4D4] | [G,4G4] [C0D,0D,,0B,0^^F,0^F,0F0][C,10G,10F,10C,,10] | [D,,4D,4^^F,4A,4C4] |
[D,,4D,4^^F,4A,4C4] E,,,4>E,,,4 | D,,,3F,,,3G,,,8 |G,,,,A,,,, B,,,,2B,,,,4B,,,,2 | E,,,6E,,,E,,, D,,,3F,,,3 |
G,,,8G,,,^^F,,, | F,,,2F,,,2 ^E,,,2E,,,4< =E,,,4 |E,,,2 D,,,3F,,,3G,,,8 |G,,,,A,,,, B,,,,2B,,,,4 |
B,,,,4< E,,,4E,,,E,,, | D,,,3F,,,3G,,,8 |G,,,^^F,,, [^F,0F,,0=A,0C0E0F,,,0] [^E,,,4E,,4E,4A,4^B,4D4] | [E,8G,8D8E,,8B,8] [B,8D,8^^F,8C8D,,8] |
[G,8E8B,8C,8] [B,,8F,8G,8B,8C8] | [A,7A,,7C7G,7^E7] |[GG,] [B,2G2][E,2G,2B,2D2A2C2] [D2B2][D,2^^F,2A,2D2] | [C8A8] [^^F,2B,2C2^F2]D,,2 |
[^^F,2B,2C2^F2]D,,2 [E,4G,4D4E,,4F,4F4B,4] [G,4G4] | [B,0D,0^^F,0C0D,,0^F,0F0][D,10A,10F,10G,,10] | [E,8=A,8C8F,,8] | [E,4E,,4F,4F4B,4G,4D4] [G,4G4] [C0D,0D,,0B,0^^F,0^F,0F0] |
[D,10A,10F,10G,,10] [F,4F,,4=A,4C4E4] | [^E,,4E,4=A,4^B,4D4] [=E,2G,2D2E,,2F,2F2=B,2][D,2D2] | [G,4G4] [B,0D,0^^F,0C0D,,0^F,0F0][D,10A,10F,10G,,10] | [E,8=A,8C8F,,8] |
[E,4E,,4F,4F4B,4G,4D4] [G,4G4] [C0D,0D,,0B,0^^F,0^F,0F0] |[C,10G,10F,10C,,10] | [D,,4D,4^^F,4A,4C4] [D,,4D,4F,4A,4C4] | E,,,4>E,,,4 D,,,3F,,,3 |
G,,,8G,,,,A,,,, | B,,,,2B,,,,4B,,,,4< E,,,4 |E,,,E,,, D,,,3F,,,3G,,,8 |G,,,^^F,,, ^F,,,2F,,,2 |
^E,,,2E,,,4< =E,,,4E,,,2 | D,,,3F,,,3G,,,8 |G,,,,A,,,, B,,,,2B,,,,4B,,,,2 | E,,,6E,,,E,,, D,,,3F,,,3 |
G,,,8G,,,^^F,,, [^F,0F,,0=A,0C0E0F,,,0] | [^E,,,4E,,4E,4=A,4^B,4D4] [=E,8G,8D8E,,8=B,8] | [B,8D,8^^F,8C8D,,8] | [G,8E8B,8C,8] [B,,8F,8G,8B,8C8] |
[A,2A,,2C2G,2^E2]D8 |[E,2G,2B,2D2]<B,2[D,2^^F,2A,2D2^F2D2] [C8E8] | [^^F,2B,2C2^F2D2F2]D,,2 [^^F,2B,2C2^F2]D,,2 | [E,4G,4D4E,,4F,4F4B,4] [G,4G4] [B,0D,0^^F,0C0D,,0^F,0F0] |
[D,10A,10F,10G,,10] [E,8=A,8C8F,,8] | [E,4E,,4F,4F4B,4G,4D4] | [G,4G4] [C0D,0D,,0B,0^^F,0^F,0F0][D,10A,10F,10G,,10] | [F,4F,,4=A,4C4E4] |
[^E,,4E,4=A,4^B,4D4] [=E,2G,2D2E,,2F,2F2=B,2][D,2D2] [G,4G4] | [B,0D,0^^F,0C0D,,0^F,0F0][D,10A,10F,10G,,10] | [E,8=A,8C8F,,8] | [E,4E,,4F,4F4B,4G,4D4] [G,4G4] [C0D,0D,,0B,0^^F,0^F,0F0] |
[C,10G,10F,10C,,10] | [D,,4D,4^^F,4A,4C4] [D,,7D,7F,7A,7C7][^F,32A,32B,32D32G,,32] |[D16F,16A,16B,16G,,16] |[G,,9F,9B,9D9A,9] |
C2B,5 |[F,32A,32B,32D32G,,32] |[D15F,15A,15B,15G,,15] |F[G,,F,B,DA,] G4<[B4d4] |
[c2e2][B2d2] [E,8G,8D8E,,8B,8G,8D8B,8] [^^F,0B,0C0^F0B,0D,0^^F,0C0D,,0] | [D0G0B,0E0] [G,5E5B,5C,5] |FD2 [B,,0C0G,0B,0F,0F,0G,0B,0C0] ((3D2C2D2) | [A,0A,,0C0C0G,0^E0] [G,2E2]D8[=E,G,B,DC]B, |
D2[D,2^^F,2A,2D2^F2D2^^F,2B,2C2^F2] [C8E8] | [^^F,2B,2C2^F2D2F2]D,,2 [^^F,2B,2C2^F2]D,,2 [E,2G,2D2E,,2F,2F2B,2]GE | [G,4G4G4B4] [B,0D,0^^F,0C0D,,0^F,0F0][D,10A,10F,10G,,10] | [E,4=A,4C4F,,4E4c4A4] |
=A4 [D4B4] [E,0E,,0F,0F0B,0G,0D0] [G,4B,4D4] [G,4G4] [C0D,0D,,0B,0^^F,0^F,0F0] |[D,10A,10F,10G,,10] | [F,4F,,4=A,4C4E4] [^E,,4E,4A,4^B,4D4] | [E,2G,2D2E,,2F,2F2B,2][D,2D2] [G,4G4] [B,0D,0^^F,0C0D,,0^F,0F0] |
[D,10A,10F,10G,,10] [E,4=A,4C4F,,4E4c4A4] | =A4 [D4B4] [E,4E,,4F,4F4B,4G,4D4] | [G,4G4] [C0D,0D,,0B,0^^F,0^F,0F0][C,10G,10F,10C,,10] | [D,,4D,4^^F,4A,4C4] |
[D,,4D,4^^F,4A,4C4] [G,2G2G,,2D,2] |","['Country', 'Rock', 'Soul', 'Electronic']",Soul,2,Choose the most probable genre label of the provided score.
Soul_Rare Groove_Creative Source_The Look.abc,"X:1
M:3/4
L:1/16
K:Bm
B,CCB, | C2>A,2 B,CCC B,CCC | DDDD D4 DDDD | DA,2A, DDDD [A,2A2][D,4D4] |B,2 C2B,C19 |
=c2 B2AA11 |G2 A2G2<A2 |[C2E2A2] [CEA][C2E2A2][E3G3=c3][E2G2c2] | [E2G2=c2][E2G2c2] [DGB][D2G2B2][D3G3B3][D2G2B2] |
[D2G2B2][C8E8A8][C2E2A2] | [CEA][C2E2A2][E3G3=c3][E2G2c2] [EGc][E2G2c2][D3G3B3] |[D2G2B2] [D2G2B2][DGB][D2G2B2][C9E9A9] |A,2 A,2<A,2 |
E2EE2E2D41 | G,,A,,A,,G,, A,,4 G,,A,,A,,G,, | A,,A,,A,,A,, G,,G,,G,,2 A,,4 | G,,A,,A,,G,, A,,2A,,2 F,,A,,A,,F,, |
A,,2D,,4F,,2 A,,2G,,A,,17 | [G,,G,B,][A,,A,C][A,,A,C][G,,G,B,] [A,,4A,4C4] | [G,,G,B,][A,,A,C][A,,A,C][A,,A,C] [G,,G,B,][A,,A,C][A,,A,C][A,,A,C] [G,,G,D][G,,G,D][G,,2G,2D2] | [A,,4A,4D4] [G,,G,D][A,,A,D][A,,A,D][A,,A,D] [A,,2A,2D2]<[D,,2A,2D2] |
[F,,F,D][A,,A,D][A,,A,D][F,,DF,] [A,,2A,2D2][D,4D,,4D4][F,,2F,2B,2] | [A,,2A,2C2][G,,G,B,][A,,19A,19C19] |=c2 | B2AA11 |
G2 A2G2<A2[C2E2A2] | [CEA][C2E2A2][E3G3=c3][E2G2c2] [E2G2c2][E2G2c2] | [DGB][D2G2B2][D3G3B3][D2G2B2] [D2G2B2][C8E8A8] |[C2E2A2] [CEA][C2E2A2][E3G3=c3] |
[E2G2=c2] [EGc][E2G2c2][D3G3B3][D2G2B2] | [D2G2B2][DGB][D2G2B2][C9E9A9] |A,2 A,2<A,2 E2EE2 |E2D313 |
B,CCB, C2>A,2 | B,CCB, C2CC CDD2 | D4 DDDD D2DD | CDDC D2A,4D2 |
C2B,C19 |e2 | d2=cd2c9 |c2 B2AB2A[C2E2A2] |
[CEA][C2E2A2][E3G3=c3][E2G2c2] [E2G2c2][E2G2c2] | [DGB][D2G2B2][D3G3B3][D2G2B2] [D2G2B2][C8E8A8] |[C2E2A2] [CEA][C2E2A2][E3G3=c3] |[E2G2=c2] [EGc][E2G2c2][D3G3B3][D2G2B2] |
[D2G2B2][DGB][D2G2B2][C9E9A9] |A,2 A,2<A,2 E2EE2 |E2D19 |[C2E2A2] |
[C2E2A2][CEA][E7G7=c7][E2G2c2] | [D4G4B4] [D2G2B2][D6G6B6]<[C6E6A6] |[C2E2A2] [CEA][C2E2A2][E3G3=c3] |[E2G2=c2] [EGc][E2G2c2][D3G3B3][D2G2B2] |
[D2G2B2][DGB][D2G2B2][C9E9A9] |A,2 A,2<A,2 E2EE2 |D2D17 | B,CCB, |
C4 B,CCB, C2CC | CDD2 D4 =CDDC | D2DD =CDDC D2D4 |D2 D2DC17 |
B,CCB, C4 B,CCB, | C2CC CDD2 D4 | =CDDC D2DD CDDC | D2D4D2 D2DC17 |
B,CCB, C4 | B,CCB, C2CC CDD2 | D4 =CDDC D2DD | =CDDC D2D4D2 |
D2DC17 | B,CCB, | C4 B,CCB, C2CC | CDD2 D4 =CDDC |
D2DD =CDDC D2D4 |D2 D2DC5 |","['Country', 'Electronic', 'Pop', 'Soul']",Soul,3,Choose the most probable genre label of the provided score.
Soul_Funk_The Delfonics_My Girl.abc,"X:1
M:3/4
L:1/16
K:Edor
[G6c6C,6E6G,6C6] |G,,2 C,2C,2 [G,2E2C2]C,2 | [F,,4F,4A,4D4]>C,4 F,,2F,,2 | F,2G,,2 [C,2E2G,2C2]C,4G,,2 | C,2C,2 [G,2C2E2]C,2 [F,,2D2F,2A,2]F,,4 |
C,2 C2F,,2 [F,2A,2D2]C,2 | [C,2E2G,2C2]C,4F,,2 C,2C,2 | [E2C2G,2]C,2 [F,,2D2F,2A,2]F,,4C,2 | F,,2F,,2 C2F,,2 [C,2E2G,2C2]C,4 |
G,,2 C,2C,2 [E2G,2C2]C,2 | [F,,2A,2D2]F,,2 [F,2F,2][F,2C2A,2] F,,2F,,2 | [A,2F,2D2]F,,2 [C,2G,2E2C2]C,2 [G,2C2E2]C,2 | [D,2A,2F2D2]D,2 [F2D2A,2]D,2 [F,2C2A,2F2]F,2 |
[A,2C2F2]F,2 [G,2D2G2B,2]G,2 [B,2G2D2]B,2 | [C,2E2G,2C2]C,2 [G,2E2C2]C,2 [D,2A,2C2F2]D,2 | [A,2F2C2]D,2 [F,2C2F2A,2]F,2 [A,2C2F2]F,2 | [G,2D2B,2G2]G,2 [B,2D2G2]B,2 [C,2B,2G2E2]C,2 |
[B,2G2E2]G,,2 [C,2B,2G2E2]C,2 [B,2G2E2]G,,2 | [C,2B,2G2E2]C,2 [B,2G2E2]G,,2 [C,2B,2G2E2]C,2 | [G2E2B,2]E,2 [D,2F2A,2C2]D,2 [C2A,2F2]A,,2 | [D,2F2A,2C2]D,2 [A,4C4F4] [G,,4G,4G4]<[G,,4G4G,4] |
[f2F2F,,2][F2F,,2f2] [G2G,,2g2][G,,2G2g2] | [G4c4C,4E4G,4C4]>G,,4 C,2C,2 | [G,2E2C2]C,4< [F,,4F,4A,4D4]C,2 | F,,2F,,2 F,2G,,2 [C,2E2G,2C2]C,4 |
G,,2 C,2C,2 [G,2C2E2]C,2 | [F,,2D2F,2A,2]F,,4C,2 C2F,,2 | [F,2A,2D2]C,2 [C,2E2G,2C2]C,4F,,2 | C,2C,2 [E2C2G,2]C,2 [F,,2D2F,2A,2]F,,4 |
C,2 F,,2F,,2 C2F,,2 | [C,2E2G,2C2]C,4G,,2 C,2C,2 | [E2G,2C2]C,2 [F,,2A,2D2]F,,2 [F,2F,2][F,2C2A,2] | F,,2F,,2 [A,2F,2D2]F,,2 [C,2G,2E2C2]C,2 |
[G,2C2E2]C,2 [D,2A,2F2D2]D,2 [F2D2A,2]D,2 | [F,2C2A,2F2]F,2 [A,2C2F2]F,2 [G,2D2G2B,2]G,2 | [B,2G2D2]B,2 [C,2E2G,2C2]C,2 [G,2E2C2]C,2 | [D,2A,2C2F2]D,2 [A,2F2C2]D,2 [F,2C2F2A,2]F,2 |
[A,2C2F2]F,2 [G,2D2B,2G2]G,2 [B,2D2G2]B,2 | [C,2B,2G2E2]C,2 [B,2G2E2]G,,2 [C,2B,2G2E2]C,2 | [B,2G2E2]G,,2 [C,2B,2G2E2]C,2 [B,2G2E2]G,,2 | [C,2B,2G2E2]C,2 [G2E2B,2]E,2 [D,2F2A,2C2]D,2 |
[C2A,2F2]A,,2 [D,2F2A,2C2]D,2 [A,4C4F4] | [G,,4G,4G4]<[G,,4G4G,4] [f2F2F,,2][F2F,,2f2] | [G2G,,2g2][G,,66G66g66] | [G6c6C,6E6G,6C6] |
G,,2 C,2C,2 [G,2E2C2]C,2 | [F,,4F,4A,4D4]>C,4 F,,2F,,2 | F,2G,,2 [C,2E2G,2C2]C,4G,,2 | C,2C,2 [G,2C2E2]C,2 [F,,2D2F,2A,2]F,,4 |
C,2 C2F,,2 [F,2A,2D2]C,2 | [D,2C2A2F2]D,2 C2A,,2 [D,2C2F2A2]D,2 | [C2F2A2]D,2 [G,2D2B2G2]G,4[D,2D2B2G2] | G,2G,2 [G2B2D2][A,2G,2] [E,2G2B2D2]E,4 |
[D2G2B2] E,2[D2E,2] [D2G2B2]E,2 | [A,2E2^c2A2][A2c2A,2E2] G,2G,2 ^F,2F,2 | E,2E,4< [A4d4D,4^F4A,4D4]A,,2 | D,2D,2 [A,2^F2D2]D,4< [G,,4G,4B,4E4] |
D,2 G,,2G,,2 G,2A,,2 | [D,2^F2A,2D2]D,4A,,2 D,2D,2 | [A,2D2^F2]D,2 [G,,2E2G,2B,2]G,,4D,2 | D2G,,2 [G,2B,2E2]D,2 [D,2^F2A,2D2]D,4 |
G,,2 D,2D,2 [^F2D2A,2]D,2 | [G,,2E2G,2B,2]G,,4D,2 G,,2G,,2 | D2G,,2 [D,2^F2A,2D2]D,4A,,2 | D,2D,2 [^F2A,2D2]D,2 [G,,2B,2E2]G,,2 |
[G,2G,2][G,2D2B,2] G,,2G,,2 [B,2G,2E2]G,,2 | [D,2A,2^F2D2]D,2 [A,2D2F2]D,2 [E,2B,2G2E2]E,2 | [G2E2B,2]E,2 [G,2D2B,2G2]G,2 [B,2D2G2]G,2 | [A,2E2A2^C2]A,2 [C2A2E2]C2 [D,2^F2A,2D2]D,2 |
[A,2^F2D2]D,2 [E,2B,2D2G2]E,2 [B,2G2D2]E,2 | [G,2D2G2B,2]G,2 [B,2D2G2]G,2 [A,2E2^C2A2]A,2 | [^C2E2A2]C2 [D,2C2A2^F2]D,2 [C2A2F2]A,,2 | [D,2^C2A2^F2]D,2 [C2A2F2]A,,2 [D,2C2A2F2]D,2 |
[^C2A2^F2]A,,2 [D,2C2A2F2]D,2 [A2F2C2]F,2 | [E,2G2B,2D2]E,2 [D2B,2G2]B,,2 [E,2G2B,2D2]E,2 | [B,4D4G4] [A,,4A,4A4]<[A,,4A4A,4] | [g2G2G,,2][G2G,,2g2] [A2A,,2a2][A,,2A2a2] [D,2^C2A2^F2]D,2 |
[^C2A2^F2]A,,2 [D,2C2A2F2]D,2 [C2A2F2]A,,2 | [D,2^C2A2^F2]D,2 [C2A2F2]A,,2 [D,2C2A2F2]D,2 | [A2^F2^C2]F,2 [E,2G2B,2D2]E,2 [D2B,2G2]B,,2 | [E,2G2B,2D2]E,2 [B,4D4G4] [a2A,2][A,2a2] |
[G,2g2][G,2g2] [^F,2f2][F,2f2] [E,2e2][E,2e2] | [D,2^C2A2^F2]D,2 [C2A2F2]A,,2 [D,2C2A2F2]D,2 | [^C2A2^F2]A,,2 [D,2C2A2F2]D,2 [C2A2F2]A,,2 | [D,2^C2A2^F2]D,2 [A2F2C2]F,2 [E,2G2B,2D2]E,2 |
[D2B,2G2]B,,2 [E,2G2B,2D2]E,2 [B,4D4G4] | [a2A,2][A,2a2] [G,2g2][G,2g2] [^F,2f2][F,2f2] | [E,2e2][E,2e2] [D,2^C2A2^F2]D,2 [C2A2F2]A,,2 | [D,2^C2A2^F2]D,2 [C2A2F2]A,,2 [D,2C2A2F2]D,2 |
[^C2A2^F2]A,,2 [D,2C2A2F2]D,2 [A2F2C2]F,2 | [E,2G2B,2D2]E,2 [D2B,2G2]B,,2 [E,2G2B,2D2]E,2 | [B,4D4G4] [a2A,2][A,2a2] [G,2g2][G,2g2] | [^F,2f2][F,2f2] [E,2e2][E,2e2] [D,2^C2A2F2]D,2 |
[^C2A2^F2]A,,2 [D,2C2A2F2]D,2 [C2A2F2]A,,2 | [D,2^C2A2^F2]D,2 [C2A2F2]A,,2 [D,2C2A2F2]D,2 | [A2^F2^C2]F,2 [E,2G2B,2D2]E,2 [D2B,2G2]B,,2 | [E,2G2B,2D2]E,2 [B,4D4G4] [a2A,2][A,2a2] |
[G,2g2][G,2g2] [^F,2f2][F,2f2] [E,2e2][E,2e2] | D,E,^F, A,2^C2E2F2 A3 |e3a3e'0 |","['Soul', 'Pop', 'Rap', 'Jazz']",Soul,0,Choose the most probable genre label of the provided score.
Soul_Funk_Barry White_Cant Get Enough Of Your Love Babe.abc,"X:1
M:3/4
L:1/16
K:Dm
f'e' d' c' =bagfedcBAG [_B,,4B,4D4F4F4A4] | f''4 d''22 |[B,2D2F2A2] [A,20C20E20G20] | [F,2A,2C2E2][G,4B,4D4F4][A,6C6E6G6] |
[B,4D4F4A4] f''4 d''22 |[B,2D2F2A2] [A,20C20E20G20] | [F,2A,2C2E2][G,4B,4D4F4][A,6C6E6G6] | [B,4D4F4A4] f''4 |
d''22 |[B,2D2F2A2] | [A,20C20E20G20] | [F,2A,2C2E2][G,4B,4D4F4] |
[A,6C6E6G6] [B,4D4F4A4] | f''4 d''24 | [C,3B,3D3F3A3c''3][C,3B,3D3F3A3][C,8B,8D8F8A8] |[C,2B,2D2D2F2A2] [C,3B,3D3F3A3c''3][C,3B,3D3F3A3] |
[C,10B,10D10F10A10] | [C,3B,3D3F3A3c''3][C,3B,3D3F3A3][C,8B,8D8F8A8] |[C,2B,2D2D2F2A2] [C,3B,3D3F3A3c''3][C,3B,3D3F3A3][C,2B,2D2F2A2] | [C,2C2][D,2D2] [F,2F2][G,2G2] [F,3A,3C3F3][F,3A,3C3F3] |
[E,10A,10C10E10] | [A,3B,3D3F3][A,3B,3D3F3][C,10G,10B,10D10] | [F,3A,3C3F3][F,3A,3C3F3][C10E10G10A10] | [A,3B,3D3F3][A,3B,3D3F3] |
[C,10G,10B,10D10] | [F,3A,3C3F3][F,3A,3C3F3][E,10A,10C10E10] | [A,3B,3D3F3][A,3B,3D3F3][C,10G,10B,10D10] | [F,3A,3C3F3][F,3A,3C3F3] |
[C10E10G10A10] | [A,2B,2D2F2]>[A,2B,2D2F2] c'2[C,2G,2B,2D2c''2] [C,2C2][D,2D2] | [F,2F2][G,2G2] [F,3A,3C3F3][F,3A,3C3F3][E,10A,10C10E10] | [A,3B,3D3F3][A,3B,3D3F3] |
[C,10G,10B,10D10] | [F,3A,3C3F3][F,3A,3C3F3][C10E10G10A10] | [A,3B,3D3F3][A,3B,3D3F3][C,10G,10B,10D10] | [F,3A,3C3F3][F,3A,3C3F3] |
[E,10A,10C10E10] | [A,3B,3D3F3][A,3B,3D3F3][C,10G,10B,10D10] | [F,3A,3C3F3][F,3A,3C3F3][C8E8G8A8] |[C2E2G2A2] [A,3B,3D3F3][A,3B,3D3F3] |
[C,10G,10B,10D10] | [B,3D3F3A3][B,3D3F3A3][B,10D10F10A10] | [F,3B,3D3F3][F,3B,3D3F3][B,10D10F10A10] | [A,3C3E3][A,3C3E3] |
[C10E10G10A10] | [A,3C3D3F3][A,3C3D3F3][C2D2F2A2] [D,2D2][E,2E2] | [F,2F2][D,2D2] [B,3D3F3A3][B,3D3F3A3][B,10D10F10A10] | [F,3B,3D3F3][F,3B,3D3F3] |
[B,10D10F10A10] | [A,3C3E3][A,3C3E3][C10E10G10A10] | [A,3C3D3F3][A,3C3D3F3][C2D2F2A2] | [D,2D2][E,2E2] [F,2F2][D,2D2] [B,3D3F3A3][B,3D3F3A3] |
[B,10D10F10A10] | [B,3D3F3A3][B,3D3F3A3][B,10D10F10A10] | [C,3B,3D3F3A3c''3][C,3B,3D3F3A3][C,8B,8D8F8A8] |[C,2B,2D2D2F2A2] [C,3B,3D3F3A3c''3][C,3B,3D3F3A3] |
[C,10B,10D10F10A10] | [C,3B,3D3F3A3c''3][C,3B,3D3F3A3][C,8B,8D8F8A8] |[C,2B,2D2D2F2A2] [C,3B,3D3F3A3c''3][C,3B,3D3F3A3][C,2B,2D2F2A2] | [C,2C2][D,2D2] [F,2F2][G,2G2] [F,3A,3C3F3][F,3A,3C3F3] |
[E,8A,8C8E8][E,2A,2C2E2] | [A,3B,3D3F3][A,3B,3D3F3][C,10G,10B,10D10] | [F,3A,3C3F3][F,3A,3C3F3][C8E8G8A8] |[C2E2G2A2] [A,3B,3D3F3][A,3B,3D3F3] |
[C,10G,10B,10D10] | [F,3A,3C3F3][F,3A,3C3F3][E,8A,8C8E8] |[E,2A,2C2E2] [A,3B,3D3F3][A,3B,3D3F3][C,10G,10B,10D10] | [F,3A,3C3F3][F,3A,3C3F3] |
[C8E8G8A8][C2E2G2A2] | [A,2B,2D2F2]>[A,2B,2D2F2] c'2[c''5C,5G,5B,5D5]c''=b'a' g' f' | e' d' =bag[f0f0]edc2[A2B2]G2 [F,3A,3C3F3][F,3A,3C3F3][E,8A,8C8E8] |[E,2A,2C2E2] [A,3B,3D3F3][A,3B,3D3F3] |
[C,8G,8B,8D8][C,2G,2B,2D2] | [F,3A,3C3F3][F,3A,3C3F3][C8E8G8A8] |[C2E2G2A2] [A,3B,3D3F3][A,3B,3D3F3][C,8G,8B,8D8] |[C,2G,2B,2D2] [F,3A,3C3F3][F,3A,3C3F3] |
[E,8A,8C8E8][E,2A,2C2E2] | [A,3B,3D3F3][A,3B,3D3F3][C,8G,8B,8D8] |[C,2G,2B,2D2] [F,3A,3C3F3][F,3A,3C3F3][C8E8G8A8] |[C2E2G2A2] [A,3B,3D3F3][A,3B,3D3F3] |
[C,2G,2B,2D2] [C,2C2][D,2D2] [F,2F2][G,2G2] | [B,3D3F3A3][B,2D2F2A2]B,,[B,3D3F3A3][B,2D2F2A2]B,, | [B,4D4F4A4] [B,3D3F3A3][B,2D2F2A2]B,,[B,3D3F3A3] |[B,2D2F2A2]B,, [B,4D4F4A4] [C3E3G3A3][C2E2G2A2] |
A,,[C3E3G3A3][C2E2G2A2]A,, [C4E4G4A4] | [F,3A,3C3D3][F,2A,2C2D2]D,[C2D2F2A2] [D,2D2][E,2E2] | [F,2F2][D,2D2] [B,3D3F3A3][B,2D2F2A2]B,,[B,3D3F3A3] |[B,2D2F2A2]B,,2 [B,2D2F2A2]<[B,2D2F2A2] [B,3D3F3A3][B,2D2F2A2] |
B,,[B,3D3F3A3][B,2D2F2A2]B,,2 [B,2D2F2A2]<[B,2D2F2A2] | [C3E3G3A3][C2E2G2A2]A,,[C3E3G3A3][C2E2G2A2]A,,2 | [C2E2G2A2]<[C2E2G2A2] [F,3A,3C3D3][F,2A,2C2D2]D,[C2D2F2A2] | [D,2D2][E,2E2] [F,2F2][D,2D2] [B,3D3F3A3][B,2D2F2A2] |
B,,[B,3D3F3A3][B,2D2F2A2]B,,2 [B,2D2F2A2]<[B,2D2F2A2] | [B,3D3F3A3][B,2D2F2A2]B,,[B,3D3F3A3][B,2D2F2A2]B,,2 | [B,2D2F2A2]<[B,2D2F2A2] [C,3B,3D3F3A3c''3][C,3B,3D3F3A3][C,8B,8D8F8A8] |[C,2B,2D2D2F2A2] [C,3B,3D3F3A3c''3][C,3B,3D3F3A3] |
[C,10B,10D10F10A10] | [C,3B,3D3F3A3c''3][C,3B,3D3F3A3][C,8B,8D8F8A8] |[C,2B,2D2D2F2A2] [C,2B,2D2F2A2]>[C,2B,2D2F2A2] c'2[c''5C,5B,5D5F5A5] |f'e' d' c' =bagfedcBAG [F3F3F,3A,3C3][F,3A,3C3F3] |
[E,8A,8C8E8][E,2A,2C2E2] | [A,3B,3D3F3][A,3B,3D3F3][C,8G,8B,8D8] |[C,2G,2B,2D2] [F,3A,3C3F3][F,3A,3C3F3][C8E8G8A8] |[C2E2G2A2] [A,3B,3D3F3][A,3B,3D3F3] |
[C,8G,8B,8D8][C,2G,2B,2D2] | [F,3A,3C3F3][F,3A,3C3F3][E,8A,8C8E8] |[E,2A,2C2E2] [A,3B,3D3F3][A,3B,3D3F3][C,8G,8B,8D8] |[C,2G,2B,2D2] [F,3A,3C3F3][F,3A,3C3F3] |
[C8E8G8A8][C2E2G2A2] | [A,2B,2D2F2]>[C,2C2c2] c'2[C,2C2c2c''2] [C,2C2c2][D,2D2d2] | [F,2F2f2][G,2G2g2] [F,3A,3C3F3][F,3A,3C3F3][E,8A,8C8E8] |[E,2A,2C2E2] [A,3B,3D3F3][A,3B,3D3F3] |
[C,8G,8B,8D8][C,2G,2B,2D2] | [F,3A,3C3F3][F,3A,3C3F3][C8E8G8A8] |[C2E2G2A2] [A,3B,3D3F3][A,3B,3D3F3][C,8G,8B,8D8] |[C,2G,2B,2D2] [F,3A,3C3F3][F,3A,3C3F3] |
[E,8A,8C8E8][E,2A,2C2E2] | [A,3B,3D3F3][A,3B,3D3F3][C,8G,8B,8D8] |[C,2G,2B,2D2] [F,3A,3C3F3][F,3A,3C3F3][C8E8G8A8] |[C2E2G2A2] [A,3B,3D3F3][C,3C3c3] |
[C,2C2c2] [C,2C2c2][D,2D2d2] [F,2F2f2][G,2G2g2] | [F,3A,3C3F3][F,3A,3C3F3][E,8A,8C8E8] |[E,2A,2C2E2] [A,3B,3D3F3][A,3B,3D3F3][C,8G,8B,8D8] |[C,2G,2B,2D2] [F,3A,3C3F3][F,3A,3C3F3] |
[C8E8G8A8][C2E2G2A2] | [A,3B,3D3F3][A,3B,3D3F3][C,8G,8B,8D8] |[C,2G,2B,2D2] [F,3A,3C3F3][F,3A,3C3F3][E,8A,8C8E8] |[E,2A,2C2E2] [A,3B,3D3F3][A,3B,3D3F3] |
[C,8G,8B,8D8][C,2G,2B,2D2] | [F,3A,3C3F3][F,3A,3C3F3][C8E8G8A8] |[C2E2G2A2] [A,2B,2D2F2]>[C,2C2c2] c'2[C,2C2c2c''2] | [C,2C2c2][D,Dd]f'e' d' c' =bagfedcBAG [F3F3F,3A,3C3][F,3A,3C3F3] |
[E,8A,8C8E8][E,2A,2C2E2] | [A,3B,3D3F3][A,3B,3D3F3][C,8G,8B,8D8] |[C,2G,2B,2D2] [F,3A,3C3F3][F,3A,3C3F3][C8E8G8A8] |[C2E2G2A2] [A,3B,3D3F3][A,3B,3D3F3] |
[C,8G,8B,8D8][C,2G,2B,2D2] | [F,3A,3C3F3][F,3A,3C3F3][E,8A,8C8E8] |[E,2A,2C2E2] [A,3B,3D3F3][A,3B,3D3F3][C,8G,8B,8D8] |[C,2G,2B,2D2] [F,3A,3C3F3][F,3A,3C3F3] |
[C8E8G8A8][C2E2G2A2] | [A,3B,3D3F3][C,3C3c3][C,2C2c2] [C,2C2c2][D,Dd]f'e' d' | c' =bagfedcBAG [_B,4D4F4F4A4] f''4 | d''22 |
[B,2D2F2A2] | [A,20C20E20G20] | [F,2A,2C2E2][G,4B,4D4F4] |[A,6C6E6G6] [B,4D4F4A4] |
f''4 d''22 |[B,2D2F2A2] [A,20C20E20G20] | [F,2A,2C2E2][G,4B,4D4F4][A,6C6E6G6] | [B,4D4F4A4] f''4 d''22 |
[B,2D2F2A2] [A,20C20E20G20] | [F,2A,2C2E2][G,4B,4D4F4][A,6C6E6G6] | [B,4D4F4A4] f''4 | d''24 |
[C,3B,3D3F3A3c''3][C,3B,3D3F3A3][C,8B,8D8F8A8] |[C,2B,2D2D2F2A2] [C,3B,3D3F3A3c''3][C,3B,3D3F3A3][C,10B,10D10F10A10] | [C,3B,3D3F3A3c''3][C,3B,3D3F3A3] |[C,8B,8D8F8A8][C,2B,2D2D2F2A2] |
[C,3B,3D3F3A3c''3][C,3B,3D3F3A3][C,2B,2D2F2A2] [C,2C2][D,2D2] | [F,2F2][G,2G2] [G,32F,,32A,,32C,32E,32] |","['Rock', 'Ambient', 'Rap', 'Soul']",Soul,3,Choose the most probable genre label of the provided score.
Soul_Neo Soul_Janet Jackson_Every Time.abc,"X:1
M:3/4
L:1/16
K:G#dor
cd [e2C,,2]C,2 [g2E,2][a2G,2] | F,,2F,2 [e2A,2][d2C2] G,,2G,2 | [c2B,2][e2D2] C,,2C,2 E,2[cG,]d | [e2C,,2]C,2 [g2E,2][f2G,2] F,,2F,2 |
[e2A,2]C2 [d2G,,2]G,2 [c2B,2][e2D2] | C,,2C,2 E,2[cG,]d [e2C,2]C2 | [g2E2][a2G2] F,,2F,2 [e2A,2]C2 | [d2G,,2]G,2 [c2B,2][e2D2] C,,2C2 |
E2[eG]d [c2F,,2][A2F,2] [c2A,2][f2C2] | [e2G,,2][d2G,2] [c2B,2][d2D2] C,,2[c2C,2] | E,2G,10 | [C2C,,2]c2 g2e2 [F,2F,,2]F2 |
A2c2 [G,2G,,2]G2 d2B2 | G,2G2 [B2F,,2]d2 [C2C,,2]c2 | g2e2 [F,2F,,2]F2 A2c2 | [G,2G,,2]G2 d2B2 G,2G2 |
d2[BA]d [f6D6D,,6]d4 |A2 f2d2 [A,2A,,2]A2 | c2e8A2 | [G,2G,,2]G2 d2B2 [C,2C,,2]C2 |
G2E2 [F,2F,,2]F2 c2A4 |F,2 c2[A2F,,2] [G,2G,,2]G2 | d2B2 [C,2C,,2]C2 G2E2 | [F,2F,,2]F2 A2c4F2 |
c2A2 [G,2G,,2]G2 d2B2 | [C,2C,,2]C2 G2E2 [F,2F,,2]F2 | A2c2 [D,2D,,2]D2 A2F2 | [^D,2D,,2]D2 _B2G2 [^G,,2G,,,2]G,2 |
^D2C2 [F,,2F,,,2]F,2 A,2C10 | F14 |[c2d2] | [e2C,2]C2 E2G2 F,2F2 |
A2[d2c2] [c2G,2]G2 B2d2 | C,2C2 E2[c2G2] [d2e2C,2]C2 | [g2E2]G2 F,2F2 A2c2 | G,2G2 B2d2 C,2C2 |
E2[c2G2] [d2e2C,2]C2 [g2E2][d2G2] | F,2F2 A2c2 G,2G2 | B2d2 C,2C2 E2[e2G2] | [d2c2F,2]F2 c2A2 G,2G2 |
B2d2 C,4 E2G10 | [G,6c6g6C,6F,6] |[E,6G,6c6e6g6E,6] [C,4E,4G,4c4e4g4C,4] | [C2C2C,,2]c2 g2e2 [F,2F,,2]F2 |
A2c2 [G,2G,,2]G2 d2B2 | G,2G2 [B2F,,2]d2 [C2C,,2]c2 | g2e2 [F,2F,,2]F2 A2c2 | [G,2G,,2]G2 d2B2 G,2G2 |
d2[BA]d [f6D6D,,6]d4 |A2 f2d2 [A,2A,,2]A2 | c2e8A2 | [G,2G,,2]G2 d2B2 [C,2C,,2]C2 |
G2E2 [F,2F,,2]F2 c2A4 |F,2 c2[A2F,,2] [G,2G,,2]G2 | d2B2 [C,2C,,2]C2 G2E2 | [F,2F,,2]F2 A2c4F2 |
c2A2 [G,2G,,2]G2 d2B2 | [C,2C,,2]C2 G2E2 [F,2F,,2]F2 | A2c2 [D,2D,,2]D2 A2F2 | [^D,2D,,2]D2 _B2G2 [^G,,2G,,,2]G,2 |
^D2C2 [F,,2F,,,2]F,2 A,2C10 | [F,,,14F14] |[c2d2] | [e2C,2]C2 E2G2 F,2F2 |
A2[d2c2] [c2G,2]G2 B2d2 | C,2C2 E2[c2G2] [d2e2C,2]C2 | [g2E2]G2 F,2F2 A2c2 | G,2G2 B2d2 C,2C2 |
E2[c2G2] [d2e2C,2]C2 [g2E2][d2G2] | F,2F2 A2c2 G,2G2 | B2d2 C,2C2 E2[e2G2] | [d2c2F,2]F2 c2A2 G,2G2 |
B2d4C2 E2G10 | [G,6c6g6C,6F,6] |[E,6G,6c6e6g6E,6] [C,4E,4G,4c4e4g4C,4] | [C,2C,2]C2 E2G2 F,2F2 |
A2c2 G,2G2 B2d2 | G,2G2 B2d2 C,2C2 | E2G2 F,2F2 A2c2 | G,2G2 B2d2 G,2G2 |
d2B2 C,2C2 E2G2 | F,2F2 A2c2 G,2G2 | d2B2 G,2G2 B2d2 | C,2C2 E2G2 F,2F2 |
c2A2 G,2G2 B2d4 |G,2 G2d34 | G,2G2 B2d2 | C,2G2 c2e2 F,2F2 |
A2c10 | G,2G2 B2d2 C,2G2 | c2e2 F,2F2 A2c10 | G,2G2 |
B2d2 C,2C2 E2G2 | F,2F2 A2c2 D,2D2 | F2A2 ^D,2D2 G2_B2 | ^G,,2G,2 C2^D2 F,,2F,2 |
A,2C24 |[c2d2] [e2C,2]C2 E2G2 | F,2F2 A2[d2c2] [c2G,2]G2 | B2d2 C,2C2 E2[c2G2] |
[d2e2C,2]C2 [g2E2]G2 F,2F2 | A2c2 G,2G2 B2d2 | C,2C2 E2[c2G2] [d2e2C,2]C2 | [g2E2][d2G2] F,2F2 A2c2 |
G,2G2 B2d2 C,2C2 | E2[e2G2] [d2c2F,2]F2 c2A2 | G,2G2 B2d2 C,2C2 | E2G10 |
[F,,6G,6c6g6C,6F,6][E,,6E,6G,6c6e6g6E,6] | [C,,4C,4E,4G,4c4e4g4C,4] C,2E2 C2E2 | G2E2 [^C,,,2=C2][^c2^d2G2] [f2C,2]C2 | F2^G2 ^F,2F2 _B2[^d2^c2] |
[^c2^G,2]G2 =c2^d2 ^C,2C2 | F2[^c2^G2] [^d2f2C,2]C2 [g2F2]G2 | ^F,2F2 _B2^c2 ^G,2G2 | c2^d2 ^C,2C2 F2[c2^G2] |
[^d2f2^C,2]C2 [^g2F2][d2G2] ^F,2F2 | _B2^c2 ^G,2G2 =c2^d2 | ^C,2C2 F2[f2^G2] [^d2c2^F,2]F2 | ^c2_B2 ^G,2G2 =c2^d2 |
^C,2C2 F2^G10 | [^G,6^c6g6C,6^F,6][=F,6G,6c6f6g6F,6] | [^C,4F,4^G,4c4f4g4C,4] [^F,8_B,8C8F,,8] | [C8^D8^G,8G,,8] |
[^C,,16C,16F,16^G,16] | [^F,8_B,8^C8F,,8] | [C8^D8^G,8G,,8] [^C,,16C,16F,16G,16] | [^F,8_B,8^C8F,,8] [=C8^D8^G,8G,,8] |
[^C,,16C,16F,16^G,16] | [^F,8_B,8^C8F,,8] | [C8^D8^G,8G,,8] | [^C,,14C,14F,14^G,14] |","['Jazz', 'Soul', 'Classical', 'Pop']",Soul,1,Choose the most probable genre label of the provided score.
Soul_Funk_LaBelle_Lady Marmalade.abc,"X:1
M:3/4
L:1/16
K:Dm
[G,16B,16D16] |[E16G,16C16] |[B,16G,16D16] |[E16G,16C16] |[B,6G,6D6] |
[f4d4]<[d4f4] | [d4f4]<[E4G,4C4d4f4] [c4e4]<[e4c4] | [c4e4]<[B,4G,4D4B4d4] | [f4d4]<[f4d4] [f2d2][E2G,2C2f2d2] |
G,2G,2 G,2G,2 G,2G,2 | G,2[B,2G,2F,2G,2] [B,4G,4D4] [B,2D2G,2B2d2][d2B2] | [B,4D4G,4] [G,4D4B,4d4B4] [C4E4G,4] | [C2E2G,2e2c2][e2c2] [C4E4G,4] [E2C2G,2e2c2]D,,,2 |
[B,4D4G,4] [B,2G,2D2B2d2][B2d2] [B,4D4G,4] | [G,4B,4D4d4B4] [A2G2d2f2][G2e2c2] [d2f2G2e2c2][e2c2G2e2c2] | [B2G2d2][e2c2G2] [B2d2e2c2]G2 [G4C4_E4C,4G4E4C4] | C,4 _E,4 [G,4G4E4C4] |
[F4D4A4F,4A4C4D4F4] F,4 A,4 | [A,4F4A4C4D4] [G4B4D4G,4G4] [G2B2D2B2d2][d2B2] | [G4B4D4] [G4B4D4B4d4] [G2C2E2]F2 | [G2E2C2d2]c2 [C2E2G2][f'2c'2] [E2G2C2g'2d'2][f'2c'2] |
[G4B4D4d'4g'4] [B2G2D2B2d2][d2B2] [B4G4D4] | [G4B4D4d4B4] [E2G2C2]F2 [E2C2G2d2]c2 | [G2E2C2][f'2c'2] [G2E2C2g'2d'2][f'2c'2] [G4B4D4d'4g'4] | [B2G2D2B2d2][d2B2] [B4G4D4] [G4B4D4d4B4] |
[E2G2C2]F2 [E2C2G2d2]c2 [G2E2C2][B2d2] | [G2E2C2][c2e2] [C14G,14_E14] |[G,,8d8] |F,,4< D,,4C,,2 |
B,,,4>C,,4 B,,,4 | G,,,4 [G4B4D4] [G2B2D2B2d2][B2d2] | [G4B4D4] [G2B2D2B2d2][G2c2] [G4C4E4] | [G2E2C2B2d2][G2c2] [C2E2G2][G2c2] [E2G2C2][d2B2] |
[G4B4D4] [B2G2D2B2d2][B2d2] [B4G4D4] | [G2B2D2B2d2][G2c2] [E4G4C4] [E2C2G2B2d2][G2c2] | [G2E2C2][G2c2] [G2E2C2][d2B2] [G4B4D4] | [G2B2D2f2d2][d2f2] [G4B4D4] [G2B2D2d2f2][d2f2] |
[G4C4E4] [G2E2C2c2e2][e2c2] [C4E4G4] | [E2G2C2c2e2][B2d2] [G4B4D4] [B2G2D2f2d2][d2f2] | [B4G4D4] [G2B2D2d2f2][d2f2] [E4G4C4] | [E2C2G2c2e2][e2c2] [G4E4C4] [G2E2C2c2e2][B2d2] |
[G4C4_E4C,4G4E4C4] C,4 E,4 | [G,4G4_E4C4] [F4D4A4F,4A4C4D4F4] F,4 | A,4 [A,4F4A4C4D4] [G4B4D4G,4G4] | [G2B2D2B2d2][B2d2] [G4B4D4] [G2B2D2B2d2][G2c2] |
[G4C4E4] [G2E2C2B2d2][G2c2] [C2E2G2][f'2c'2G2c2] | [E2G2C2g'2d'2][f'2c'2d2B2] [G4B4D4] [B2G2D2B2d2][B2d2] | [B4G4D4] [G2B2D2B2d2][G2c2] [E4G4C4] | [E2C2G2B2d2][G2c2] [G2E2C2][f'2c'2G2c2] [G2E2C2g'2d'2][f'2c'2d2B2] |
[G4B4D4d'4g'4] [B2G2D2B2d2][d2B2] [B4G4D4] | [G4B4D4d4B4] [E4G4C4] [E4C4G4] | [G4E4C4] [G4E4C4] [C14G,14_E14] |[G,,8d8] |
F,,4< D,,4 |C,,4< [C,,4=B,,,4_B,,,4]C,,2 | B,,,4 G,,,4 [G4B4D4] | [G2B2D2B2d2][B2d2] [G4B4D4] [G2B2D2B2d2][G2c2] |
[G4C4E4] [G2E2C2B2d2][G2c2] [C2E2G2][G2c2] | [E2G2C2][d2B2] [G4B4D4] [B2G2D2B2d2][B2d2] | [B4G4D4] [G2B2D2B2d2][G2c2] [E4G4C4] | [E2C2G2B2d2][G2c2] [G2E2C2][G2c2] [G2E2C2][d2B2] |
[G,4G,,4]>[F,4F,,4] [D,6D,,6] |[C,4C,,4]< [B,,4B,,,4][C,2C,,2] | [B,,4B,,,4] [G,,4G,,,4] [G24G24] | [B2B2][A2A2] |
[G30G30] |[G2G2] [A4A4] | [B24B24] | [B2B2][A2A2] [G4G4] [a32A32] A32 |
[B,4G,4D4] [B,2D2G,2B2d2][B2d2] | [B,4D4G,4] [G,4D4B,4d4B4] [C4E4G,4] | [C2E2G,2d2B2][e2c2] [C2E2G,2][e2c2] [E2C2G,2][D,,,2e2c2] | [B,4G,4D4] [B,2D2G,2B2d2][d2B2] [B,4D4G,4] |
[G,2D2B,2d2B2][d2B2] [C4E4G,4] [C2E2G,2f2d2][e2c2] | [C2E2G,2][e2c2] [E2C2G,2][D,,,2e2c2] [G12C12_E12G12G12E12C12] | [B4G4_E4C4] | [F12D12A12A12A12C12D12F12] |
[F4A4C4D4] [D,2A,2D,,2D2]d2 [D,2d2][D,2A,2^F2] | D,2[D,2d2] [D,2d2][D,AA,]d [D,2d2]d2 | d2d2 d d'0c'=bagf0[ed]dcBA0G F E [^g0d0] D [^f0C0]B,A,G,[F,0=G,0]=F,2 | [B,4G,4D4] [B,2D2G,2B2d2][B2d2] [B,4D4G,4] |
[G,4D4B,4d4B4] [C4E4G,4] [C2E2G,2d2B2][e2c2] | [C2E2G,2][e2c2] [E2C2G,2][D,,,2e2c2] [B,4G,4D4] | [B,2D2G,2B2d2][d2B2] [B,4D4G,4] [G,2D2B,2d2B2][d2B2] | [C4E4G,4] [C2E2G,2f2d2][e2c2] [C2E2G,2][e2c2] |
[E2C2G,2][D,,,2e2c2] [G12C12_E12G12G12E12C12] | [B8G8_E8C8]< [F8D8A8A8A8C8D8F8] | [F2A2C2D2][D,4A,4D,,4D4] |d2 [D,2d2][D,2A,2^F2] D,2[D,2d2] |
[D,2d2][D,AA,]d [D,2d2]d2 d2d2 | d d'0c'=bagf0[ed]dcBA0G F E [^g0d0] D [^f0C0]B,A,G,[F,0=G,0]=F,2 [G4_B4D4G,4G4] | [G2B2D2B2d2][B2d2] [G4B4D4] [G2B2D2B2d2][G2c2] | [G4C4E4] [G2E2C2B2d2][G2c2] [C2E2G2][f'2c'2G2c2] |
[E2G2C2g'2d'2][f'2c'2d2B2] [G4B4D4] [B2G2D2B2d2][B2d2] | [B4G4D4] [G2B2D2B2d2][G2c2] [E4G4C4] | [E2C2G2B2d2][G2c2] [G2E2C2][f'2c'2G2c2] [G2E2C2g'2d'2][f'2c'2d2B2] | [G4B4D4d'4g'4] [B2G2D2B2d2][d2B2] [B4G4D4] |
[G4B4D4d4B4] [E4G4C4] [E4C4G4] | [G4E4C4] [G4E4C4] [C48G,48_E48] | [B,14G,14D14G,,,14] |[E,18C18G,18C,,18] |
[B,14D14G,14G,,,14] |[G,18E,18C18C,,18] | [B,14D14G,14G,,,14] |[G,18E,18C18C,,18] |
[B,14D14G,14G,,,14] |[G,18E,18C18C,,18] | [G4B4D4G,4G4] [G2B2D2B2d2][B2d2] | [G4B4D4] [G2B2D2B2d2][G2c2] [G4C4E4] |
[G2E2C2B2d2][G2c2] [C2E2G2][f'2c'2G2c2] [E2G2C2g'2d'2][f'2c'2d2B2] | [G4B4D4] [B2G2D2B2d2][B2d2] [B4G4D4] | [G2B2D2B2d2][G2c2] [E4G4C4] [E2C2G2B2d2][G2c2] | [G2E2C2][f'2c'2G2c2] [G2E2C2g'2d'2][f'2c'2d2B2] [G4B4D4G,4G4] |
[G2B2D2B2d2][B2d2] [G4B4D4] [G2B2D2B2d2][G2c2] | [G4C4E4] [G2E2C2B2d2][G2c2] [C2E2G2][f'2c'2G2c2] | [E2G2C2g'2d'2][f'2c'2d2B2] [G4B4D4] [BGDBd] |","['Soul', 'Jazz', 'Classical', 'Country']",Soul,0,Choose the most probable genre label of the provided score.
